-- phpMyAdmin SQL Dump
-- version 3.2.0.1
-- http://www.phpmyadmin.net
--
-- Host: localhost
-- Generation Time: Dec 07, 2015 at 05:42 PM
-- Server version: 5.1.36
-- PHP Version: 5.3.0

SET SQL_MODE="NO_AUTO_VALUE_ON_ZERO";


/*!40101 SET @OLD_CHARACTER_SET_CLIENT=@@CHARACTER_SET_CLIENT */;
/*!40101 SET @OLD_CHARACTER_SET_RESULTS=@@CHARACTER_SET_RESULTS */;
/*!40101 SET @OLD_COLLATION_CONNECTION=@@COLLATION_CONNECTION */;
/*!40101 SET NAMES utf8 */;

--
-- Database: `isms`
--

-- --------------------------------------------------------

--
-- Table structure for table `accommodation_type`
--

DROP TABLE IF EXISTS `accommodation_type`;
CREATE TABLE IF NOT EXISTS `accommodation_type` (
  `accommodation_type_id` int(11) NOT NULL AUTO_INCREMENT,
  `accommodation_type_name` varchar(50) NOT NULL,
  `is_active` varchar(3) NOT NULL,
  PRIMARY KEY (`accommodation_type_id`)
) ENGINE=InnoDB  DEFAULT CHARSET=utf8 AUTO_INCREMENT=5 ;

--
-- Dumping data for table `accommodation_type`
--

INSERT INTO `accommodation_type` (`accommodation_type_id`, `accommodation_type_name`, `is_active`) VALUES
(1, 'Group', '1'),
(2, 'Family', '2'),
(3, 'Single', 'Yes'),
(4, 'None', 'Yes');

-- --------------------------------------------------------

--
-- Table structure for table `activity`
--

DROP TABLE IF EXISTS `activity`;
CREATE TABLE IF NOT EXISTS `activity` (
  `activity_id` int(11) NOT NULL AUTO_INCREMENT,
  `activity_name` varchar(100) NOT NULL,
  `is_start` varchar(3) NOT NULL,
  `is_final` varchar(3) NOT NULL,
  `from_activity_id` int(11) DEFAULT NULL,
  `to_activity_if_success` int(11) DEFAULT NULL,
  `to_activity_if_failure` int(11) DEFAULT NULL,
  `duration` int(4) NOT NULL,
  `flag_after` int(4) NOT NULL,
  `is_approval_required` varchar(3) NOT NULL,
  `add_date` datetime NOT NULL,
  `add_user` int(11) NOT NULL,
  `edit_date` datetime DEFAULT NULL,
  `edit_user` int(11) DEFAULT NULL,
  `is_agent_required` varchar(3) DEFAULT NULL,
  `is_send_email` varchar(3) DEFAULT NULL,
  `is_create_staff_activity` varchar(3) DEFAULT NULL,
  PRIMARY KEY (`activity_id`),
  UNIQUE KEY `activity_name` (`activity_name`),
  KEY `toactivityifsuccess` (`to_activity_if_success`),
  KEY `toactivityiffailure` (`to_activity_if_failure`),
  KEY `user_activity_add` (`add_user`),
  KEY `user_activity_edit` (`edit_user`),
  KEY `fromactivity` (`from_activity_id`)
) ENGINE=InnoDB  DEFAULT CHARSET=utf8 AUTO_INCREMENT=50 ;

--
-- Dumping data for table `activity`
--

INSERT INTO `activity` (`activity_id`, `activity_name`, `is_start`, `is_final`, `from_activity_id`, `to_activity_if_success`, `to_activity_if_failure`, `duration`, `flag_after`, `is_approval_required`, `add_date`, `add_user`, `edit_date`, `edit_user`, `is_agent_required`, `is_send_email`, `is_create_staff_activity`) VALUES
(11, 'Print Instruction Letter to Accounts for SB', 'Yes', 'No', NULL, 12, NULL, 1, 1, 'No', '2015-01-04 16:41:17', 1, '2015-01-26 09:57:26', 1, 'No', NULL, NULL),
(12, 'Receive SB cash from Accounts', 'No', 'No', 11, 13, NULL, 1, 1, 'No', '2015-01-04 16:42:37', 1, '2015-01-26 10:00:01', 1, 'No', NULL, NULL),
(13, 'Hand Over SB Cash and Passport Copy to Agent', 'No', 'No', 11, 14, NULL, 1, 1, 'No', '2015-01-04 16:43:29', 1, '2015-01-26 10:16:58', 1, 'Yes', NULL, NULL),
(14, 'Receive and Upload Orig SB from Agent', 'No', 'No', 11, 15, NULL, 7, 5, 'No', '2015-01-04 16:44:10', 1, '2015-01-26 10:18:03', 1, 'Yes', NULL, NULL),
(15, 'Hand over Folder to Agent for WP', 'No', 'No', 14, 16, NULL, 1, 1, 'No', '2015-01-04 16:45:11', 1, '2015-01-26 10:26:37', 1, 'Yes', NULL, NULL),
(16, 'Receive proof of submission from Agent (IM No) for WP', 'No', 'No', 15, 17, NULL, 1, 1, 'No', '2015-01-04 16:46:40', 1, '2015-01-26 10:33:26', 1, 'Yes', NULL, NULL),
(17, 'Receive WP Decision from Agent', 'No', 'No', 16, 18, 20, 15, 10, 'No', '2015-01-04 16:47:23', 1, '2015-01-26 10:37:00', 1, 'Yes', NULL, NULL),
(18, 'Receive WP Assessment Sheet from Agent', 'No', 'No', 17, 22, NULL, 1, 1, 'No', '2015-01-04 16:48:36', 1, '2015-01-26 10:40:00', 1, 'Yes', NULL, NULL),
(20, 'Print Instruction Letter to Accounts for Appeals Bond', 'No', 'No', 17, 21, NULL, 1, 1, 'No', '2015-01-04 16:54:47', 1, '2015-01-26 11:03:14', 1, 'No', NULL, NULL),
(21, 'Receive Appeals Bond Cash from Accounts', 'No', 'No', 20, 15, NULL, 1, 1, 'No', '2015-01-04 16:55:47', 1, '2015-01-26 11:04:23', 1, 'No', NULL, NULL),
(22, 'Generate WP BAFT', 'No', 'No', 18, 23, NULL, 1, 1, 'No', '2015-01-04 16:56:19', 1, '2015-01-26 10:49:36', 1, 'No', NULL, NULL),
(23, 'Print WP Guarantee Letter', 'No', 'No', 22, 24, NULL, 1, 1, 'No', '2015-01-04 16:57:28', 1, '2015-01-26 10:50:51', 1, 'No', NULL, NULL),
(24, 'Approval for WP Fee from Boss', 'No', 'No', 23, 25, NULL, 1, 1, 'Yes', '2015-01-04 16:58:11', 1, '2015-01-26 10:51:55', 1, 'No', NULL, NULL),
(25, 'Send WP BAFT to Accounts', 'No', 'No', 24, 26, NULL, 1, 1, 'No', '2015-01-04 16:58:51', 1, '2015-01-26 10:52:49', 1, 'No', NULL, NULL),
(26, 'Receive Orig. Bank Payment Slip and Stamped WP BAPF', 'No', 'No', 25, 27, NULL, 2, 1, 'No', '2015-01-04 16:59:17', 1, '2015-01-26 10:55:13', 1, 'No', NULL, NULL),
(27, 'Handover Passport and Bank Slip to Agent for WP', 'No', 'No', 26, 28, NULL, 1, 1, 'No', '2015-01-04 16:59:34', 1, '2015-01-26 10:56:23', 1, 'Yes', NULL, NULL),
(28, 'Receive Passport Stamped with WP from Agent', 'No', 'Yes', 11, NULL, NULL, 5, 4, 'No', '2015-01-04 16:59:51', 1, '2015-02-23 23:22:35', 1, 'Yes', NULL, NULL),
(29, 'Print Instruction Letter To Accounts for VP1', 'Yes', 'No', NULL, 30, NULL, 1, 1, 'No', '2015-02-28 20:42:11', 1, '2015-02-28 20:56:35', 2, 'No', NULL, NULL),
(30, 'Receive cash from Accounts for VP1', 'No', 'No', 11, 31, NULL, 1, 1, 'No', '2015-02-28 20:44:04', 1, '2015-02-28 21:00:21', 1, 'No', NULL, NULL),
(31, 'Handover Folder, Cash and Passport to Agent for VP1', 'No', 'No', 30, 32, NULL, 1, 1, 'No', '2015-02-28 20:46:43', 1, '2015-02-28 21:02:59', 1, 'Yes', NULL, NULL),
(32, 'Receive Passport Stamped with VP1', 'No', 'Yes', NULL, NULL, NULL, 0, 0, 'No', '2015-02-28 21:01:43', 1, '2015-02-28 21:25:47', 1, 'Yes', NULL, NULL),
(33, 'Print Instruction Letter To Accounts for SP1', 'Yes', 'No', NULL, 34, NULL, 1, 1, 'No', '2015-02-28 21:04:43', 1, '2015-02-28 21:09:46', 1, 'No', NULL, NULL),
(34, 'Receive cash from Accounts for SP1', 'No', 'No', 11, 35, NULL, 1, 1, 'No', '2015-02-28 21:05:47', 1, '2015-02-28 21:10:05', 1, 'No', NULL, NULL),
(35, 'Handover Folder, Cash and Passport to Agent for SP1', 'No', 'No', NULL, 36, NULL, 1, 1, 'No', '2015-02-28 21:06:40', 1, '2015-02-28 21:24:47', 1, 'Yes', NULL, NULL),
(36, 'Receive Passport Stamped with SP1', 'No', 'Yes', 35, NULL, NULL, 1, 1, 'No', '2015-02-28 21:08:12', 1, '2015-02-28 21:25:28', 1, 'Yes', NULL, NULL),
(37, 'Print Instruction Letter To Accounts for BC', 'Yes', 'No', NULL, 38, NULL, 1, 1, 'No', '2015-02-28 21:11:51', 1, '2015-02-28 21:15:20', 1, 'No', NULL, NULL),
(38, 'Receive cash from Accounts for BC', 'No', 'No', 11, 39, NULL, 1, 1, 'No', '2015-02-28 21:12:40', 1, '2015-02-28 21:15:52', 1, 'Yes', NULL, NULL),
(39, 'Handover Folder, Cash and Passport to Agent for BC', 'No', 'No', 38, 40, NULL, 1, 1, 'No', '2015-02-28 21:13:48', 1, '2015-02-28 21:16:46', 1, 'Yes', NULL, NULL),
(40, 'Receive Passport Stamped with BC', 'No', 'Yes', 39, NULL, NULL, 1, 1, 'No', '2015-02-28 21:14:49', 1, NULL, NULL, 'Yes', NULL, NULL),
(41, 'Print Instruction Letter To Accounts for VP2', 'Yes', 'No', NULL, 42, NULL, 1, 1, 'No', '2015-03-03 18:14:40', 1, '2015-03-03 18:18:39', 1, 'No', NULL, NULL),
(42, 'Receive cash from Accounts for VP2', 'No', 'No', 41, 43, NULL, 1, 1, 'No', '2015-03-03 18:16:06', 1, '2015-03-03 18:19:01', 1, 'No', NULL, NULL),
(43, 'Handover Folder, Cash and Passport to Agent for VP2', 'No', 'No', 42, 44, NULL, 1, 1, 'No', '2015-03-03 18:17:08', 1, '2015-03-03 18:19:36', 1, 'Yes', NULL, NULL),
(44, 'Receive Passport Stamped with VP2', 'No', 'Yes', 43, NULL, NULL, 1, 1, 'No', '2015-03-03 18:18:07', 1, NULL, NULL, 'Yes', NULL, NULL),
(45, 'Print Instruction Letter To Accounts for SP2', 'Yes', 'No', NULL, 46, NULL, 1, 1, 'No', '2015-03-03 18:21:33', 1, '2015-03-03 18:24:39', 1, 'No', NULL, NULL),
(46, 'Receive cash from Accounts for SP2', 'No', 'No', 45, 47, NULL, 1, 1, 'No', '2015-03-03 18:22:43', 1, '2015-03-03 18:24:59', 1, 'No', NULL, NULL),
(47, 'Handover Folder, Cash and Passport to Agent for SP2', 'No', 'No', 46, 48, NULL, 1, 1, 'No', '2015-03-03 18:23:36', 1, '2015-03-03 18:25:19', 1, 'Yes', NULL, NULL),
(48, 'Receive Passport Stamped with SP2', 'No', 'Yes', 47, NULL, NULL, 1, 1, 'No', '2015-03-03 18:24:20', 1, NULL, NULL, 'Yes', NULL, NULL),
(49, 'Staff Initial Documents', 'No', 'No', NULL, NULL, NULL, 0, 0, 'No', '2015-03-13 14:58:22', 2, '2015-05-14 15:34:04', 2, 'No', NULL, 'Yes');

-- --------------------------------------------------------

--
-- Table structure for table `activity_cost`
--

DROP TABLE IF EXISTS `activity_cost`;
CREATE TABLE IF NOT EXISTS `activity_cost` (
  `activity_cost_id` int(11) NOT NULL AUTO_INCREMENT,
  `activity_id` int(11) NOT NULL,
  `cost_name` varchar(20) NOT NULL,
  `cost_value` float NOT NULL,
  `is_active` varchar(3) NOT NULL,
  PRIMARY KEY (`activity_cost_id`),
  UNIQUE KEY `activity_id_cost_name` (`activity_id`,`cost_name`),
  KEY `activity_activitycost` (`activity_id`)
) ENGINE=InnoDB DEFAULT CHARSET=utf8 AUTO_INCREMENT=1 ;

--
-- Dumping data for table `activity_cost`
--


-- --------------------------------------------------------

--
-- Table structure for table `activity_document`
--

DROP TABLE IF EXISTS `activity_document`;
CREATE TABLE IF NOT EXISTS `activity_document` (
  `activity_document_id` int(11) NOT NULL AUTO_INCREMENT,
  `activity_id` int(11) NOT NULL,
  `document_type_id` int(11) NOT NULL,
  `is_mandatory` varchar(3) NOT NULL,
  `direction` varchar(3) NOT NULL,
  `is_active` varchar(3) NOT NULL,
  PRIMARY KEY (`activity_document_id`),
  UNIQUE KEY `activity_id_document_type_id` (`activity_id`,`document_type_id`),
  KEY `doctype_activitydoc` (`document_type_id`),
  KEY `activity_activitydoc` (`activity_id`)
) ENGINE=InnoDB  DEFAULT CHARSET=utf8 AUTO_INCREMENT=84 ;

--
-- Dumping data for table `activity_document`
--

INSERT INTO `activity_document` (`activity_document_id`, `activity_id`, `document_type_id`, `is_mandatory`, `direction`, `is_active`) VALUES
(1, 11, 8, 'Yes', 'OUT', 'Yes'),
(2, 12, 8, 'Yes', 'IN', 'Yes'),
(3, 13, 9, 'Yes', 'OUT', 'Yes'),
(4, 14, 10, 'Yes', 'IN', 'Yes'),
(5, 27, 11, 'Yes', 'IN', 'Yes'),
(6, 16, 12, 'Yes', 'IN', 'Yes'),
(7, 18, 13, 'Yes', 'IN', 'Yes'),
(8, 22, 14, 'Yes', 'IN', 'Yes'),
(9, 23, 15, 'Yes', 'OUT', 'Yes'),
(10, 24, 16, 'Yes', 'IN', 'Yes'),
(11, 26, 17, 'Yes', 'IN', 'Yes'),
(13, 27, 17, 'Yes', 'IN', 'Yes'),
(16, 20, 7, 'Yes', 'OUT', 'Yes'),
(17, 21, 8, 'Yes', 'IN', 'Yes'),
(18, 28, 1, 'Yes', 'IN', 'Yes'),
(19, 28, 2, 'Yes', 'IN', 'Yes'),
(29, 29, 7, 'Yes', 'OUT', 'Yes'),
(30, 30, 8, 'Yes', 'IN', 'Yes'),
(32, 31, 11, 'Yes', 'IN', 'Yes'),
(37, 33, 7, 'Yes', 'OUT', 'Yes'),
(38, 34, 7, 'Yes', 'OUT', 'Yes'),
(44, 40, 1, 'Yes', 'IN', 'Yes'),
(45, 37, 7, 'Yes', 'OUT', 'Yes'),
(46, 38, 8, 'Yes', 'IN', 'Yes'),
(47, 39, 11, 'Yes', 'IN', 'Yes'),
(49, 35, 8, 'Yes', 'IN', 'Yes'),
(50, 36, 1, 'Yes', 'IN', 'Yes'),
(51, 32, 1, 'Yes', 'IN', 'Yes'),
(55, 44, 1, 'Yes', 'IN', 'Yes'),
(56, 41, 7, 'Yes', 'OUT', 'Yes'),
(58, 43, 11, 'Yes', 'IN', 'Yes'),
(59, 42, 8, 'Yes', 'IN', 'Yes'),
(63, 48, 1, 'Yes', 'IN', 'Yes'),
(64, 45, 7, 'Yes', 'OUT', 'Yes'),
(65, 46, 8, 'Yes', 'IN', 'Yes'),
(66, 47, 11, 'Yes', 'OUT', 'Yes'),
(81, 49, 1, 'No', 'IN', 'Yes'),
(82, 49, 20, 'No', 'IN', 'Yes'),
(83, 49, 18, 'No', 'IN', 'Yes');

-- --------------------------------------------------------

--
-- Table structure for table `activity_document_checklist`
--

DROP TABLE IF EXISTS `activity_document_checklist`;
CREATE TABLE IF NOT EXISTS `activity_document_checklist` (
  `activity_document_checklist_id` int(11) NOT NULL AUTO_INCREMENT,
  `activity_id` int(11) NOT NULL,
  `document_type_id` int(11) NOT NULL,
  PRIMARY KEY (`activity_document_checklist_id`),
  KEY `activity_checklist` (`activity_id`),
  KEY `checklist_document_type` (`document_type_id`)
) ENGINE=InnoDB DEFAULT CHARSET=utf8 AUTO_INCREMENT=1 ;

--
-- Dumping data for table `activity_document_checklist`
--


-- --------------------------------------------------------

--
-- Table structure for table `activity_group`
--

DROP TABLE IF EXISTS `activity_group`;
CREATE TABLE IF NOT EXISTS `activity_group` (
  `activity_group_id` int(11) NOT NULL AUTO_INCREMENT,
  `activity_id` int(11) NOT NULL,
  `group_detail_id` int(11) NOT NULL,
  PRIMARY KEY (`activity_group_id`),
  UNIQUE KEY `activity_id_group_detail_id` (`activity_id`,`group_detail_id`),
  KEY `activity_activitygroup` (`activity_id`),
  KEY `group_activitygroup` (`group_detail_id`)
) ENGINE=InnoDB  DEFAULT CHARSET=utf8 AUTO_INCREMENT=3 ;

--
-- Dumping data for table `activity_group`
--

INSERT INTO `activity_group` (`activity_group_id`, `activity_id`, `group_detail_id`) VALUES
(1, 22, 1),
(2, 37, 1);

-- --------------------------------------------------------

--
-- Table structure for table `activity_outcome`
--

DROP TABLE IF EXISTS `activity_outcome`;
CREATE TABLE IF NOT EXISTS `activity_outcome` (
  `activity_outcome_id` int(10) NOT NULL AUTO_INCREMENT,
  `activity_id` int(11) NOT NULL,
  `outcome_id` int(11) NOT NULL,
  `activity_outcome_name` varchar(50) NOT NULL,
  PRIMARY KEY (`activity_outcome_id`),
  UNIQUE KEY `activity_id_outcome_id` (`activity_id`,`outcome_id`),
  KEY `outcome_activityoutcome` (`outcome_id`),
  KEY `activity_activityoutcome` (`activity_id`)
) ENGINE=InnoDB  DEFAULT CHARSET=utf8 AUTO_INCREMENT=51 ;

--
-- Dumping data for table `activity_outcome`
--

INSERT INTO `activity_outcome` (`activity_outcome_id`, `activity_id`, `outcome_id`, `activity_outcome_name`) VALUES
(1, 11, 1, 'Printed'),
(2, 12, 1, 'Received'),
(14, 13, 1, 'Handed Over'),
(15, 14, 1, 'Received'),
(16, 27, 1, 'Handed Over'),
(17, 16, 1, 'Received'),
(18, 17, 1, 'Approved'),
(19, 17, 2, 'Rejected'),
(20, 18, 1, 'Received'),
(21, 22, 1, 'Generated'),
(22, 23, 1, 'Printed'),
(23, 24, 1, 'Approved'),
(24, 25, 1, 'Sent'),
(25, 26, 1, 'Received'),
(26, 28, 1, 'Received'),
(27, 20, 1, 'Printed'),
(28, 21, 1, 'Received'),
(29, 15, 1, 'Handed Over'),
(30, 30, 1, 'Received'),
(31, 29, 1, 'Printed'),
(32, 32, 1, 'Received'),
(33, 31, 1, 'Received'),
(34, 33, 1, 'Printed'),
(35, 34, 1, 'Printed'),
(36, 35, 1, 'Received'),
(37, 36, 1, 'Handed Over'),
(38, 37, 1, 'Printed'),
(39, 38, 1, 'Received'),
(40, 39, 1, 'Handed Over'),
(41, 40, 1, 'Received'),
(42, 41, 1, 'Printed'),
(43, 42, 1, 'Received'),
(44, 43, 1, 'Handed Over'),
(45, 44, 1, 'Received'),
(46, 45, 1, 'Printed'),
(47, 46, 1, 'Received'),
(48, 47, 1, 'Handed Over'),
(49, 48, 1, 'Received'),
(50, 49, 1, 'All Clear');

-- --------------------------------------------------------

--
-- Table structure for table `agency`
--

DROP TABLE IF EXISTS `agency`;
CREATE TABLE IF NOT EXISTS `agency` (
  `agency_id` int(11) NOT NULL AUTO_INCREMENT,
  `agency_name` varchar(100) NOT NULL,
  `is_active` varchar(3) NOT NULL,
  PRIMARY KEY (`agency_id`),
  UNIQUE KEY `agency_name` (`agency_name`)
) ENGINE=InnoDB  DEFAULT CHARSET=utf8 AUTO_INCREMENT=3 ;

--
-- Dumping data for table `agency`
--

INSERT INTO `agency` (`agency_id`, `agency_name`, `is_active`) VALUES
(1, 'No Agency', 'Yes'),
(2, 'Naukri.com', 'Yes');

-- --------------------------------------------------------

--
-- Table structure for table `agent`
--

DROP TABLE IF EXISTS `agent`;
CREATE TABLE IF NOT EXISTS `agent` (
  `agent_id` int(11) NOT NULL AUTO_INCREMENT,
  `agency_id` int(11) NOT NULL,
  `agent_surname` varchar(100) NOT NULL,
  `agent_other_names` varchar(200) NOT NULL,
  `agent_type_id` int(11) NOT NULL,
  `is_active` varchar(3) DEFAULT NULL,
  `add_date` datetime NOT NULL,
  `add_user` int(11) NOT NULL,
  `edit_date` datetime DEFAULT NULL,
  `edit_user` int(11) DEFAULT NULL,
  `fingerprint` varbinary(4000) DEFAULT NULL,
  `status` varchar(20) DEFAULT NULL,
  `currentaction` varchar(20) DEFAULT NULL,
  PRIMARY KEY (`agent_id`),
  KEY `agenttype_agent` (`agent_type_id`),
  KEY `agency_agent` (`agency_id`),
  KEY `user_agent_add` (`add_user`),
  KEY `user_agent_edit` (`edit_user`)
) ENGINE=InnoDB  DEFAULT CHARSET=utf8 AUTO_INCREMENT=2 ;

--
-- Dumping data for table `agent`
--

INSERT INTO `agent` (`agent_id`, `agency_id`, `agent_surname`, `agent_other_names`, `agent_type_id`, `is_active`, `add_date`, `add_user`, `edit_date`, `edit_user`, `fingerprint`, `status`, `currentaction`) VALUES
(1, 1, 'Through', 'Staff', 2, 'Yes', '2015-10-16 10:26:40', 2, NULL, NULL, NULL, 'Not Enrolled', 'verify');

-- --------------------------------------------------------

--
-- Table structure for table `agent_type`
--

DROP TABLE IF EXISTS `agent_type`;
CREATE TABLE IF NOT EXISTS `agent_type` (
  `agent_type_id` int(11) NOT NULL AUTO_INCREMENT,
  `agent_type_name` varchar(20) NOT NULL,
  PRIMARY KEY (`agent_type_id`),
  UNIQUE KEY `agent_type_name` (`agent_type_name`)
) ENGINE=InnoDB  DEFAULT CHARSET=utf8 AUTO_INCREMENT=3 ;

--
-- Dumping data for table `agent_type`
--

INSERT INTO `agent_type` (`agent_type_id`, `agent_type_name`) VALUES
(2, 'Main'),
(1, 'Sub');

-- --------------------------------------------------------

--
-- Table structure for table `air_ticket_type`
--

DROP TABLE IF EXISTS `air_ticket_type`;
CREATE TABLE IF NOT EXISTS `air_ticket_type` (
  `air_ticket_type_id` int(11) NOT NULL AUTO_INCREMENT,
  `air_ticket_type_name` varchar(50) NOT NULL,
  `is_active` varchar(3) NOT NULL,
  PRIMARY KEY (`air_ticket_type_id`)
) ENGINE=InnoDB  DEFAULT CHARSET=utf8 AUTO_INCREMENT=3 ;

--
-- Dumping data for table `air_ticket_type`
--

INSERT INTO `air_ticket_type` (`air_ticket_type_id`, `air_ticket_type_name`, `is_active`) VALUES
(1, 'Family', 'Yes'),
(2, 'Self ', 'Yes');

-- --------------------------------------------------------

--
-- Table structure for table `approval_type`
--

DROP TABLE IF EXISTS `approval_type`;
CREATE TABLE IF NOT EXISTS `approval_type` (
  `approval_type_id` int(11) NOT NULL AUTO_INCREMENT,
  `approval_type_name` varchar(20) NOT NULL,
  PRIMARY KEY (`approval_type_id`)
) ENGINE=InnoDB  DEFAULT CHARSET=utf8 AUTO_INCREMENT=5 ;

--
-- Dumping data for table `approval_type`
--

INSERT INTO `approval_type` (`approval_type_id`, `approval_type_name`) VALUES
(1, 'Self'),
(2, 'Phone'),
(3, 'Email'),
(4, 'What''s App');

-- --------------------------------------------------------

--
-- Table structure for table `company`
--

DROP TABLE IF EXISTS `company`;
CREATE TABLE IF NOT EXISTS `company` (
  `company_id` int(11) NOT NULL AUTO_INCREMENT,
  `company_name` varchar(100) NOT NULL,
  `is_active` varchar(3) NOT NULL,
  `add_date` datetime NOT NULL,
  `add_user` int(11) NOT NULL,
  `edit_date` datetime DEFAULT NULL,
  `edit_user` int(11) DEFAULT NULL,
  `abbreviated_name` varchar(100) DEFAULT NULL,
  PRIMARY KEY (`company_id`),
  UNIQUE KEY `company_name` (`company_name`),
  KEY `user_company_edit` (`edit_user`),
  KEY `user_company_add` (`add_user`)
) ENGINE=InnoDB  DEFAULT CHARSET=utf8 AUTO_INCREMENT=22 ;

--
-- Dumping data for table `company`
--

INSERT INTO `company` (`company_id`, `company_name`, `is_active`, `add_date`, `add_user`, `edit_date`, `edit_user`, `abbreviated_name`) VALUES
(1, 'Kabira Country Club', 'No', '2014-12-11 22:02:33', 1, '2015-03-09 19:32:27', 2, 'KCC'),
(2, 'Kampala International School Uganda', 'Yes', '2014-12-11 22:02:46', 1, '2015-02-22 21:16:13', 1, 'KISU'),
(3, 'Meera Investments Ltd', 'Yes', '2015-04-01 16:16:58', 2, '2015-05-14 15:36:31', 2, 'MIL'),
(4, 'Crane Bank Limited', 'Yes', '2015-05-14 18:41:20', 3, '2015-05-14 18:45:47', 3, 'CBL'),
(5, 'Kampala Parents School', 'Yes', '2015-05-14 19:17:45', 2, NULL, NULL, 'KPS'),
(9, 'Munyonyo Common Resort Ltd', 'Yes', '2015-05-14 19:20:44', 3, NULL, NULL, 'MCRL'),
(10, 'Speke Resort Munyonyo', 'Yes', '2015-05-14 19:20:56', 3, '2015-05-20 16:18:30', 3, 'SRM'),
(11, 'Crane Management Services', 'Yes', '2015-05-14 19:21:13', 3, NULL, NULL, 'CMS'),
(12, 'Speke Hotel', 'Yes', '2015-05-14 19:21:55', 3, NULL, NULL, 'SH'),
(13, 'Forest Cottages', 'Yes', '2015-05-14 19:22:12', 3, NULL, NULL, 'FC'),
(14, 'Crane Forex Bureau  ', 'Yes', '2015-05-14 19:22:41', 3, NULL, NULL, 'CFB'),
(15, 'Maina Freight', 'Yes', '2015-05-14 19:23:02', 3, NULL, NULL, 'MF'),
(16, 'Rosebud', 'Yes', '2015-05-14 19:23:07', 3, NULL, NULL, 'RSB'),
(17, 'Premier Commodities ', 'Yes', '2015-05-14 19:23:18', 3, NULL, NULL, 'PC'),
(18, 'Dolphin Suites', 'Yes', '2015-05-14 19:23:29', 3, NULL, NULL, 'DS'),
(19, 'Speke Resort Bujagali', 'Yes', '2015-05-14 19:23:57', 3, NULL, NULL, 'SRB'),
(20, 'Victoria University', 'Yes', '2015-05-14 19:24:33', 3, '2015-05-14 19:25:10', 3, 'VU'),
(21, 'Delhi Public School', 'Yes', '2015-11-04 15:56:10', 7, NULL, NULL, 'DPS');

-- --------------------------------------------------------

--
-- Table structure for table `company_contact`
--

DROP TABLE IF EXISTS `company_contact`;
CREATE TABLE IF NOT EXISTS `company_contact` (
  `company_contact_id` int(11) NOT NULL AUTO_INCREMENT,
  `contact_name` varchar(100) NOT NULL,
  `contact_email` varchar(100) NOT NULL,
  `contact_phone` varchar(100) DEFAULT NULL,
  `contact_title` varchar(100) NOT NULL,
  `company_id` int(11) NOT NULL,
  PRIMARY KEY (`company_contact_id`),
  KEY `FKcompany_co462798` (`company_id`)
) ENGINE=InnoDB  DEFAULT CHARSET=utf8 AUTO_INCREMENT=4 ;

--
-- Dumping data for table `company_contact`
--

INSERT INTO `company_contact` (`company_contact_id`, `contact_name`, `contact_email`, `contact_phone`, `contact_title`, `company_id`) VALUES
(1, 'Ajuna', 'newtonajuna@gmail.com', '0782760115', 'Manager', 2),
(2, 'Twesigye Wence Benda', 'twenceb@gmail.com', '0705010850', 'Manager', 1),
(3, 'Ajuna', 'newtonajuna@gmail.com', '0782760115', 'Manager', 2);

-- --------------------------------------------------------

--
-- Table structure for table `currency_type`
--

DROP TABLE IF EXISTS `currency_type`;
CREATE TABLE IF NOT EXISTS `currency_type` (
  `currency_type_id` int(11) NOT NULL AUTO_INCREMENT,
  `is_active` varchar(3) NOT NULL,
  `currency_type_name` varchar(50) NOT NULL,
  PRIMARY KEY (`currency_type_id`)
) ENGINE=InnoDB  DEFAULT CHARSET=utf8 AUTO_INCREMENT=3 ;

--
-- Dumping data for table `currency_type`
--

INSERT INTO `currency_type` (`currency_type_id`, `is_active`, `currency_type_name`) VALUES
(1, 'No', 'UGX'),
(2, 'Yes', 'USD');

-- --------------------------------------------------------

--
-- Table structure for table `current_staff_documents`
--

DROP TABLE IF EXISTS `current_staff_documents`;
CREATE TABLE IF NOT EXISTS `current_staff_documents` (
  `current_staff_documents_id` int(11) NOT NULL AUTO_INCREMENT,
  `staff_id` int(11) NOT NULL,
  `task_document_id` int(11) NOT NULL,
  `document_type_id` int(11) NOT NULL,
  `is_deleted` varchar(3) DEFAULT NULL,
  `delete_date` datetime DEFAULT NULL,
  `current_direction` varchar(3) DEFAULT NULL,
  `current_direction_reason` varchar(100) DEFAULT NULL,
  PRIMARY KEY (`current_staff_documents_id`),
  KEY `FKcurrent_st676313` (`staff_id`),
  KEY `current_staff_document` (`task_document_id`),
  KEY `current_staff_document_type` (`document_type_id`)
) ENGINE=InnoDB  DEFAULT CHARSET=utf8 AUTO_INCREMENT=943 ;

--
-- Dumping data for table `current_staff_documents`
--

INSERT INTO `current_staff_documents` (`current_staff_documents_id`, `staff_id`, `task_document_id`, `document_type_id`, `is_deleted`, `delete_date`, `current_direction`, `current_direction_reason`) VALUES
(1, 134, 1, 1, NULL, NULL, 'IN', 'Folder Update'),
(2, 129, 2, 1, NULL, NULL, 'IN', 'Folder Update'),
(5, 566, 7, 1, NULL, NULL, 'IN', 'Folder Update'),
(14, 307, 16, 20, NULL, NULL, 'IN', 'Folder Update'),
(15, 307, 18, 6, NULL, NULL, 'IN', 'Folder Update'),
(16, 307, 17, 1, NULL, NULL, 'IN', 'Folder Update'),
(17, 204, 19, 1, NULL, NULL, 'IN', 'Folder Update'),
(18, 204, 20, 2, NULL, NULL, 'IN', 'Folder Update'),
(19, 204, 21, 20, NULL, NULL, 'IN', 'Folder Update'),
(20, 322, 22, 1, NULL, NULL, 'IN', 'Folder Update'),
(21, 322, 23, 2, NULL, NULL, 'IN', 'Folder Update'),
(22, 322, 24, 20, NULL, NULL, 'IN', 'Folder Update'),
(23, 209, 25, 1, NULL, NULL, 'IN', 'Folder Update'),
(24, 209, 26, 2, NULL, NULL, 'IN', 'Folder Update'),
(25, 209, 27, 20, NULL, NULL, 'IN', 'Folder Update'),
(26, 320, 28, 1, NULL, NULL, 'IN', 'Folder Update'),
(27, 320, 29, 20, NULL, NULL, 'IN', 'Folder Update'),
(28, 320, 30, 2, NULL, NULL, 'IN', 'Folder Update'),
(30, 298, 34, 2, NULL, NULL, 'IN', 'Folder Update'),
(31, 298, 35, 20, NULL, NULL, 'IN', 'Folder Update'),
(32, 323, 36, 1, NULL, NULL, 'IN', 'Folder Update'),
(33, 323, 37, 2, NULL, NULL, 'IN', 'Folder Update'),
(34, 323, 38, 18, NULL, NULL, 'IN', 'Folder Update'),
(35, 318, 39, 1, NULL, NULL, 'IN', 'Folder Update'),
(36, 318, 40, 2, NULL, NULL, 'IN', 'Folder Update'),
(37, 318, 41, 18, NULL, NULL, 'IN', 'Folder Update'),
(39, 208, 43, 20, NULL, NULL, 'IN', 'Folder Update'),
(40, 208, 44, 2, NULL, NULL, 'IN', 'Folder Update'),
(41, 208, 45, 21, NULL, NULL, 'IN', 'Folder Update'),
(43, 499, 47, 20, NULL, NULL, 'IN', 'Folder Update'),
(44, 499, 48, 21, NULL, NULL, 'IN', 'Folder Update'),
(45, 138, 49, 20, NULL, NULL, 'IN', 'Folder Update'),
(46, 138, 50, 21, NULL, NULL, 'IN', 'Folder Update'),
(47, 567, 51, 1, NULL, NULL, 'IN', 'Folder Update'),
(48, 567, 52, 21, NULL, NULL, 'IN', 'Folder Update'),
(49, 562, 53, 1, NULL, NULL, 'IN', 'Folder Update'),
(50, 563, 54, 1, NULL, NULL, 'IN', 'Folder Update'),
(51, 563, 55, 5, NULL, NULL, 'IN', 'Folder Update'),
(52, 561, 56, 1, NULL, NULL, 'IN', 'Folder Update'),
(53, 561, 57, 5, NULL, NULL, 'IN', 'Folder Update'),
(54, 168, 58, 1, NULL, NULL, 'IN', 'Folder Update'),
(55, 167, 59, 1, NULL, NULL, 'IN', 'Folder Update'),
(56, 167, 60, 2, NULL, NULL, 'IN', 'Folder Update'),
(57, 169, 61, 1, NULL, NULL, 'IN', 'Folder Update'),
(58, 564, 62, 1, NULL, NULL, 'IN', 'Folder Update'),
(59, 564, 63, 2, NULL, NULL, 'IN', 'Folder Update'),
(60, 163, 64, 1, NULL, NULL, 'IN', 'Folder Update'),
(61, 163, 65, 2, NULL, NULL, 'IN', 'Folder Update'),
(62, 164, 66, 1, NULL, NULL, 'IN', 'Folder Update'),
(63, 571, 67, 1, NULL, NULL, 'IN', 'Folder Update'),
(64, 571, 68, 5, NULL, NULL, 'IN', 'Folder Update'),
(65, 572, 69, 1, NULL, NULL, 'IN', 'Folder Update'),
(66, 572, 70, 5, NULL, NULL, 'IN', 'Folder Update'),
(67, 573, 71, 1, NULL, NULL, 'IN', 'Folder Update'),
(68, 573, 72, 5, NULL, NULL, 'IN', 'Folder Update'),
(69, 569, 73, 1, NULL, NULL, 'IN', 'Folder Update'),
(70, 569, 74, 5, NULL, NULL, 'IN', 'Folder Update'),
(71, 570, 75, 1, NULL, NULL, 'IN', 'Folder Update'),
(72, 570, 76, 5, NULL, NULL, 'IN', 'Folder Update'),
(73, 568, 77, 1, NULL, NULL, 'IN', 'Folder Update'),
(74, 568, 78, 6, NULL, NULL, 'IN', 'Folder Update'),
(75, 165, 79, 1, NULL, NULL, 'IN', 'Folder Update'),
(76, 165, 80, 5, NULL, NULL, 'IN', 'Folder Update'),
(77, 560, 81, 1, NULL, NULL, 'IN', 'Folder Update'),
(78, 560, 82, 5, NULL, NULL, 'IN', 'Folder Update'),
(79, 177, 83, 1, NULL, NULL, 'IN', 'Folder Update'),
(80, 177, 84, 5, NULL, NULL, 'IN', 'Folder Update'),
(81, 176, 85, 1, NULL, NULL, 'IN', 'Folder Update'),
(82, 176, 86, 2, NULL, NULL, 'IN', 'Folder Update'),
(83, 173, 87, 1, NULL, NULL, 'IN', 'Folder Update'),
(84, 173, 88, 5, NULL, NULL, 'IN', 'Folder Update'),
(85, 170, 89, 1, NULL, NULL, 'IN', 'Folder Update'),
(86, 170, 90, 2, NULL, NULL, 'IN', 'Folder Update'),
(87, 172, 92, 2, NULL, NULL, 'IN', 'Folder Update'),
(88, 172, 93, 1, NULL, NULL, 'IN', 'Folder Update'),
(89, 576, 94, 1, NULL, NULL, 'IN', 'Folder Update'),
(90, 576, 95, 5, NULL, NULL, 'IN', 'Folder Update'),
(91, 575, 96, 1, NULL, NULL, 'IN', 'Folder Update'),
(92, 575, 97, 5, NULL, NULL, 'IN', 'Folder Update'),
(93, 574, 98, 1, NULL, NULL, 'IN', 'Folder Update'),
(94, 574, 99, 5, NULL, NULL, 'IN', 'Folder Update'),
(95, 577, 100, 1, NULL, NULL, 'IN', 'Folder Update'),
(96, 577, 101, 5, NULL, NULL, 'IN', 'Folder Update'),
(97, 171, 102, 1, NULL, NULL, 'IN', 'Folder Update'),
(98, 171, 103, 2, NULL, NULL, 'IN', 'Folder Update'),
(99, 578, 104, 1, NULL, NULL, 'IN', 'Folder Update'),
(100, 578, 105, 2, NULL, NULL, 'IN', 'Folder Update'),
(101, 174, 106, 1, NULL, NULL, 'IN', 'Folder Update'),
(102, 562, 107, 20, NULL, NULL, 'IN', 'Folder Update'),
(103, 164, 108, 18, NULL, NULL, 'IN', 'Folder Update'),
(104, 164, 109, 20, NULL, NULL, 'IN', 'Folder Update'),
(105, 163, 110, 18, NULL, NULL, 'IN', 'Folder Update'),
(106, 163, 111, 20, NULL, NULL, 'IN', 'Folder Update'),
(107, 163, 112, 21, NULL, NULL, 'IN', 'Folder Update'),
(108, 579, 113, 1, NULL, NULL, 'IN', 'Folder Update'),
(109, 168, 114, 20, NULL, NULL, 'IN', 'Folder Update'),
(110, 168, 115, 21, NULL, NULL, 'IN', 'Folder Update'),
(111, 167, 116, 20, NULL, NULL, 'IN', 'Folder Update'),
(112, 167, 117, 21, NULL, NULL, 'IN', 'Folder Update'),
(113, 580, 118, 1, NULL, NULL, 'IN', 'Folder Update'),
(114, 580, 119, 20, NULL, NULL, 'IN', 'Folder Update'),
(115, 580, 120, 18, NULL, NULL, 'IN', 'Folder Update'),
(116, 580, 121, 21, NULL, NULL, 'IN', 'Folder Update'),
(117, 169, 122, 20, NULL, NULL, 'IN', 'Folder Update'),
(118, 165, 123, 20, NULL, NULL, 'IN', 'Folder Update'),
(119, 165, 124, 21, NULL, NULL, 'IN', 'Folder Update'),
(120, 564, 125, 20, NULL, NULL, 'IN', 'Folder Update'),
(121, 564, 126, 21, NULL, NULL, 'IN', 'Folder Update'),
(122, 568, 127, 21, NULL, NULL, 'IN', 'Folder Update'),
(123, 568, 128, 20, NULL, NULL, 'IN', 'Folder Update'),
(124, 170, 129, 21, NULL, NULL, 'IN', 'Folder Update'),
(127, 582, 132, 20, NULL, NULL, 'IN', 'Folder Update'),
(128, 582, 134, 1, NULL, NULL, 'IN', 'Folder Update'),
(129, 582, 133, 5, NULL, NULL, 'IN', 'Folder Update'),
(130, 176, 135, 20, NULL, NULL, 'IN', 'Folder Update'),
(131, 176, 136, 21, NULL, NULL, 'IN', 'Folder Update'),
(132, 574, 137, 20, NULL, NULL, 'IN', 'Folder Update'),
(133, 174, 140, 18, NULL, NULL, 'IN', 'Folder Update'),
(134, 174, 139, 20, NULL, NULL, 'IN', 'Folder Update'),
(135, 171, 141, 20, NULL, NULL, 'IN', 'Folder Update'),
(136, 171, 142, 21, NULL, NULL, 'IN', 'Folder Update'),
(137, 578, 143, 20, NULL, NULL, 'IN', 'Folder Update'),
(138, 578, 144, 21, NULL, NULL, 'IN', 'Folder Update'),
(139, 178, 145, 20, NULL, NULL, 'IN', 'Folder Update'),
(140, 178, 146, 21, NULL, NULL, 'IN', 'Folder Update'),
(141, 178, 147, 1, NULL, NULL, 'IN', 'Folder Update'),
(142, 583, 148, 20, NULL, NULL, 'IN', 'Folder Update'),
(143, 583, 149, 21, NULL, NULL, 'IN', 'Folder Update'),
(144, 583, 151, 1, NULL, NULL, 'IN', 'Folder Update'),
(145, 177, 152, 20, NULL, NULL, 'IN', 'Folder Update'),
(146, 180, 153, 1, NULL, NULL, 'IN', 'Folder Update'),
(147, 180, 154, 20, NULL, NULL, 'IN', 'Folder Update'),
(148, 563, 155, 20, NULL, NULL, 'IN', 'Folder Update'),
(149, 569, 156, 21, NULL, NULL, 'IN', 'Folder Update'),
(150, 179, 157, 1, NULL, NULL, 'IN', 'Folder Update'),
(151, 179, 158, 21, NULL, NULL, 'IN', 'Folder Update'),
(152, 561, 159, 20, NULL, NULL, 'IN', 'Folder Update'),
(153, 561, 160, 21, NULL, NULL, 'IN', 'Folder Update'),
(154, 319, 161, 1, NULL, NULL, 'IN', 'Folder Update'),
(155, 520, 162, 1, NULL, NULL, 'IN', 'Folder Update'),
(156, 491, 163, 1, NULL, NULL, 'IN', 'Folder Update'),
(157, 517, 164, 1, NULL, NULL, 'IN', 'Folder Update'),
(158, 490, 165, 1, NULL, NULL, 'IN', 'Folder Update'),
(159, 512, 166, 1, NULL, NULL, 'IN', 'Folder Update'),
(160, 206, 167, 1, NULL, NULL, 'IN', 'Folder Update'),
(161, 289, 168, 1, NULL, NULL, 'IN', 'Folder Update'),
(162, 289, 169, 6, NULL, NULL, 'IN', 'Folder Update'),
(163, 526, 968, 1, NULL, NULL, 'IN', 'Receive Passport Stamped with BC'),
(164, 526, 171, 6, NULL, NULL, 'IN', 'Folder Update'),
(165, 340, 172, 1, NULL, NULL, 'IN', 'Folder Update'),
(166, 340, 173, 2, NULL, NULL, 'IN', 'Folder Update'),
(167, 325, 174, 1, NULL, NULL, 'IN', 'Folder Update'),
(168, 325, 175, 2, NULL, NULL, 'IN', 'Folder Update'),
(169, 339, 176, 1, NULL, NULL, 'IN', 'Folder Update'),
(170, 339, 177, 2, NULL, NULL, 'IN', 'Folder Update'),
(171, 321, 178, 1, NULL, NULL, 'IN', 'Folder Update'),
(172, 321, 179, 2, NULL, NULL, 'IN', 'Folder Update'),
(173, 337, 180, 1, NULL, NULL, 'IN', 'Folder Update'),
(174, 337, 181, 2, NULL, NULL, 'IN', 'Folder Update'),
(175, 336, 182, 1, NULL, NULL, 'IN', 'Folder Update'),
(176, 336, 183, 5, NULL, NULL, 'IN', 'Folder Update'),
(177, 481, 184, 1, NULL, NULL, 'IN', 'Folder Update'),
(178, 481, 185, 2, NULL, NULL, 'IN', 'Folder Update'),
(179, 287, 186, 1, NULL, NULL, 'IN', 'Folder Update'),
(180, 287, 187, 5, NULL, NULL, 'IN', 'Folder Update'),
(181, 478, 188, 1, NULL, NULL, 'IN', 'Folder Update'),
(182, 478, 189, 2, NULL, NULL, 'IN', 'Folder Update'),
(183, 479, 190, 1, NULL, NULL, 'IN', 'Folder Update'),
(184, 479, 191, 2, NULL, NULL, 'IN', 'Folder Update'),
(185, 253, 192, 1, NULL, NULL, 'IN', 'Folder Update'),
(186, 253, 193, 2, NULL, NULL, 'IN', 'Folder Update'),
(187, 291, 194, 1, NULL, NULL, 'IN', 'Folder Update'),
(188, 291, 195, 5, NULL, NULL, 'IN', 'Folder Update'),
(189, 347, 196, 1, NULL, NULL, 'IN', 'Folder Update'),
(190, 347, 197, 5, NULL, NULL, 'IN', 'Folder Update'),
(191, 346, 198, 1, NULL, NULL, 'IN', 'Folder Update'),
(192, 346, 199, 2, NULL, NULL, 'IN', 'Folder Update'),
(193, 254, 200, 1, NULL, NULL, 'IN', 'Folder Update'),
(194, 254, 201, 2, NULL, NULL, 'IN', 'Folder Update'),
(195, 326, 202, 1, NULL, NULL, 'IN', 'Folder Update'),
(196, 326, 203, 2, NULL, NULL, 'IN', 'Folder Update'),
(197, 484, 204, 1, NULL, NULL, 'IN', 'Folder Update'),
(198, 484, 205, 2, NULL, NULL, 'IN', 'Folder Update'),
(199, 212, 206, 1, NULL, NULL, 'IN', 'Folder Update'),
(200, 212, 207, 2, NULL, NULL, 'IN', 'Folder Update'),
(201, 138, 208, 1, NULL, NULL, 'IN', 'Folder Update'),
(202, 138, 209, 2, NULL, NULL, 'IN', 'Folder Update'),
(203, 349, 212, 1, NULL, NULL, 'IN', 'Folder Update'),
(204, 349, 211, 2, NULL, NULL, 'IN', 'Folder Update'),
(205, 350, 213, 1, NULL, NULL, 'IN', 'Folder Update'),
(206, 350, 214, 2, NULL, NULL, 'IN', 'Folder Update'),
(207, 303, 215, 1, NULL, NULL, 'IN', 'Folder Update'),
(208, 303, 216, 2, NULL, NULL, 'IN', 'Folder Update'),
(209, 301, 217, 1, NULL, NULL, 'IN', 'Folder Update'),
(210, 301, 218, 2, NULL, NULL, 'IN', 'Folder Update'),
(211, 300, 219, 1, NULL, NULL, 'IN', 'Folder Update'),
(212, 300, 220, 2, NULL, NULL, 'IN', 'Folder Update'),
(213, 295, 221, 1, NULL, NULL, 'IN', 'Folder Update'),
(214, 295, 222, 2, NULL, NULL, 'IN', 'Folder Update'),
(215, 298, 223, 1, NULL, NULL, 'IN', 'Folder Update'),
(216, 299, 224, 1, NULL, NULL, 'IN', 'Folder Update'),
(217, 299, 225, 2, NULL, NULL, 'IN', 'Folder Update'),
(218, 499, 226, 1, NULL, NULL, 'IN', 'Folder Update'),
(219, 499, 227, 5, NULL, NULL, 'IN', 'Folder Update'),
(220, 503, 228, 1, NULL, NULL, 'IN', 'Folder Update'),
(221, 302, 229, 1, NULL, NULL, 'IN', 'Folder Update'),
(222, 302, 230, 2, NULL, NULL, 'IN', 'Folder Update'),
(223, 501, 231, 1, NULL, NULL, 'IN', 'Folder Update'),
(224, 501, 232, 2, NULL, NULL, 'IN', 'Folder Update'),
(225, 504, 233, 1, NULL, NULL, 'IN', 'Folder Update'),
(226, 504, 234, 2, NULL, NULL, 'IN', 'Folder Update'),
(227, 208, 235, 1, NULL, NULL, 'IN', 'Folder Update'),
(228, 210, 236, 1, NULL, NULL, 'IN', 'Folder Update'),
(229, 210, 237, 2, NULL, NULL, 'IN', 'Folder Update'),
(230, 205, 238, 1, NULL, NULL, 'IN', 'Folder Update'),
(231, 205, 239, 2, NULL, NULL, 'IN', 'Folder Update'),
(232, 308, 240, 1, NULL, NULL, 'IN', 'Folder Update'),
(233, 308, 241, 6, NULL, NULL, 'IN', 'Folder Update'),
(234, 327, 242, 1, NULL, NULL, 'IN', 'Folder Update'),
(235, 327, 243, 2, NULL, NULL, 'IN', 'Folder Update'),
(236, 211, 244, 1, NULL, NULL, 'IN', 'Folder Update'),
(237, 211, 245, 2, NULL, NULL, 'IN', 'Folder Update'),
(238, 500, 246, 1, NULL, NULL, 'IN', 'Folder Update'),
(239, 500, 247, 5, NULL, NULL, 'IN', 'Folder Update'),
(240, 304, 248, 1, NULL, NULL, 'IN', 'Folder Update'),
(241, 304, 249, 2, NULL, NULL, 'IN', 'Folder Update'),
(242, 493, 250, 1, NULL, NULL, 'IN', 'Folder Update'),
(243, 493, 251, 5, NULL, NULL, 'IN', 'Folder Update'),
(244, 480, 252, 1, NULL, NULL, 'IN', 'Folder Update'),
(245, 480, 253, 5, NULL, NULL, 'IN', 'Folder Update'),
(246, 310, 254, 1, NULL, NULL, 'IN', 'Folder Update'),
(247, 310, 255, 5, NULL, NULL, 'IN', 'Folder Update'),
(248, 488, 256, 1, NULL, NULL, 'IN', 'Folder Update'),
(250, 489, 258, 1, NULL, NULL, 'IN', 'Folder Update'),
(251, 489, 259, 5, NULL, NULL, 'IN', 'Folder Update'),
(252, 482, 260, 1, NULL, NULL, 'IN', 'Folder Update'),
(253, 482, 261, 5, NULL, NULL, 'IN', 'Folder Update'),
(254, 483, 262, 1, NULL, NULL, 'IN', 'Folder Update'),
(255, 483, 263, 2, NULL, NULL, 'IN', 'Folder Update'),
(256, 485, 264, 1, NULL, NULL, 'IN', 'Folder Update'),
(257, 485, 265, 2, NULL, NULL, 'IN', 'Folder Update'),
(258, 486, 266, 1, NULL, NULL, 'IN', 'Folder Update'),
(259, 486, 267, 5, NULL, NULL, 'IN', 'Folder Update'),
(260, 487, 268, 1, NULL, NULL, 'IN', 'Folder Update'),
(261, 487, 269, 6, NULL, NULL, 'IN', 'Folder Update'),
(262, 488, 270, 2, NULL, NULL, 'IN', 'Folder Update'),
(263, 508, 271, 1, NULL, NULL, 'IN', 'Folder Update'),
(264, 296, 272, 1, NULL, NULL, 'IN', 'Folder Update'),
(265, 296, 273, 2, NULL, NULL, 'IN', 'Folder Update'),
(266, 309, 274, 1, NULL, NULL, 'IN', 'Folder Update'),
(267, 309, 275, 2, NULL, NULL, 'IN', 'Folder Update'),
(268, 245, 276, 1, NULL, NULL, 'IN', 'Folder Update'),
(269, 245, 277, 2, NULL, NULL, 'IN', 'Folder Update'),
(270, 297, 278, 1, NULL, NULL, 'IN', 'Folder Update'),
(271, 297, 279, 2, NULL, NULL, 'IN', 'Folder Update'),
(272, 311, 280, 1, NULL, NULL, 'IN', 'Folder Update'),
(273, 311, 281, 2, NULL, NULL, 'IN', 'Folder Update'),
(275, 279, 283, 2, NULL, NULL, 'IN', 'Folder Update'),
(276, 279, 284, 1, NULL, NULL, 'IN', 'Folder Update'),
(277, 334, 285, 1, NULL, NULL, 'IN', 'Folder Update'),
(278, 334, 286, 5, NULL, NULL, 'IN', 'Folder Update'),
(279, 314, 287, 1, NULL, NULL, 'IN', 'Folder Update'),
(280, 314, 288, 2, NULL, NULL, 'IN', 'Folder Update'),
(281, 313, 289, 1, NULL, NULL, 'IN', 'Folder Update'),
(282, 313, 290, 2, NULL, NULL, 'IN', 'Folder Update'),
(283, 348, 291, 1, NULL, NULL, 'IN', 'Folder Update'),
(284, 348, 292, 2, NULL, NULL, 'IN', 'Folder Update'),
(285, 255, 293, 1, NULL, NULL, 'IN', 'Folder Update'),
(286, 255, 294, 6, NULL, NULL, 'IN', 'Folder Update'),
(287, 285, 295, 1, NULL, NULL, 'IN', 'Folder Update'),
(288, 285, 296, 2, NULL, NULL, 'IN', 'Folder Update'),
(289, 507, 297, 1, NULL, NULL, 'IN', 'Folder Update'),
(290, 351, 298, 1, NULL, NULL, 'IN', 'Folder Update'),
(291, 506, 299, 1, NULL, NULL, 'IN', 'Folder Update'),
(292, 506, 300, 5, NULL, NULL, 'IN', 'Folder Update'),
(293, 505, 301, 1, NULL, NULL, 'IN', 'Folder Update'),
(294, 505, 302, 5, NULL, NULL, 'IN', 'Folder Update'),
(295, 294, 303, 1, NULL, NULL, 'IN', 'Folder Update'),
(296, 294, 304, 2, NULL, NULL, 'IN', 'Folder Update'),
(297, 293, 305, 1, NULL, NULL, 'IN', 'Folder Update'),
(298, 293, 306, 6, NULL, NULL, 'IN', 'Folder Update'),
(299, 292, 307, 1, NULL, NULL, 'IN', 'Folder Update'),
(300, 292, 308, 2, NULL, NULL, 'IN', 'Folder Update'),
(301, 213, 309, 1, NULL, NULL, 'IN', 'Folder Update'),
(302, 213, 310, 2, NULL, NULL, 'IN', 'Folder Update'),
(303, 286, 311, 1, NULL, NULL, 'IN', 'Folder Update'),
(304, 286, 312, 2, NULL, NULL, 'IN', 'Folder Update'),
(305, 509, 313, 1, NULL, NULL, 'IN', 'Folder Update'),
(306, 509, 314, 2, NULL, NULL, 'IN', 'Folder Update'),
(307, 511, 315, 1, NULL, NULL, 'IN', 'Folder Update'),
(308, 511, 316, 5, NULL, NULL, 'IN', 'Folder Update'),
(309, 510, 317, 1, NULL, NULL, 'IN', 'Folder Update'),
(310, 510, 318, 5, NULL, NULL, 'IN', 'Folder Update'),
(311, 207, 319, 1, NULL, NULL, 'IN', 'Folder Update'),
(312, 207, 320, 2, NULL, NULL, 'IN', 'Folder Update'),
(313, 306, 321, 1, NULL, NULL, 'IN', 'Folder Update'),
(314, 306, 322, 2, NULL, NULL, 'IN', 'Folder Update'),
(315, 345, 323, 1, NULL, NULL, 'IN', 'Folder Update'),
(316, 345, 324, 2, NULL, NULL, 'IN', 'Folder Update'),
(317, 345, 325, 5, NULL, NULL, 'IN', 'Folder Update'),
(318, 139, 326, 1, NULL, NULL, 'IN', 'Folder Update'),
(319, 139, 327, 2, NULL, NULL, 'IN', 'Folder Update'),
(320, 333, 328, 1, NULL, NULL, 'IN', 'Folder Update'),
(321, 333, 329, 2, NULL, NULL, 'IN', 'Folder Update'),
(322, 330, 330, 1, NULL, NULL, 'IN', 'Folder Update'),
(323, 330, 331, 2, NULL, NULL, 'IN', 'Folder Update'),
(324, 329, 332, 1, NULL, NULL, 'IN', 'Folder Update'),
(325, 329, 333, 2, NULL, NULL, 'IN', 'Folder Update'),
(326, 328, 334, 1, NULL, NULL, 'IN', 'Folder Update'),
(327, 328, 335, 2, NULL, NULL, 'IN', 'Folder Update'),
(328, 502, 338, 1, NULL, NULL, 'IN', 'Folder Update'),
(329, 502, 337, 5, NULL, NULL, 'IN', 'Folder Update'),
(330, 248, 339, 1, NULL, NULL, 'IN', 'Folder Update'),
(331, 248, 340, 2, NULL, NULL, 'IN', 'Folder Update'),
(332, 530, 341, 1, NULL, NULL, 'IN', 'Folder Update'),
(333, 530, 342, 2, NULL, NULL, 'IN', 'Folder Update'),
(334, 527, 343, 1, NULL, NULL, 'IN', 'Folder Update'),
(335, 527, 344, 2, NULL, NULL, 'IN', 'Folder Update'),
(336, 531, 345, 1, NULL, NULL, 'IN', 'Folder Update'),
(337, 531, 346, 2, NULL, NULL, 'IN', 'Folder Update'),
(338, 532, 347, 1, NULL, NULL, 'IN', 'Folder Update'),
(339, 532, 348, 2, NULL, NULL, 'IN', 'Folder Update'),
(340, 533, 349, 1, NULL, NULL, 'IN', 'Folder Update'),
(341, 533, 350, 5, NULL, NULL, 'IN', 'Folder Update'),
(342, 534, 351, 1, NULL, NULL, 'IN', 'Folder Update'),
(343, 534, 352, 2, NULL, NULL, 'IN', 'Folder Update'),
(344, 312, 353, 1, NULL, NULL, 'IN', 'Folder Update'),
(345, 312, 354, 5, NULL, NULL, 'IN', 'Folder Update'),
(346, 522, 355, 1, NULL, NULL, 'IN', 'Folder Update'),
(347, 522, 356, 6, NULL, NULL, 'IN', 'Folder Update'),
(348, 519, 357, 1, NULL, NULL, 'IN', 'Folder Update'),
(349, 519, 358, 5, NULL, NULL, 'IN', 'Folder Update'),
(350, 251, 359, 1, NULL, NULL, 'IN', 'Folder Update'),
(351, 251, 360, 2, NULL, NULL, 'IN', 'Folder Update'),
(352, 331, 361, 1, NULL, NULL, 'IN', 'Folder Update'),
(353, 331, 362, 6, NULL, NULL, 'IN', 'Folder Update'),
(354, 523, 363, 1, NULL, NULL, 'IN', 'Folder Update'),
(355, 523, 364, 2, NULL, NULL, 'IN', 'Folder Update'),
(356, 513, 365, 1, NULL, NULL, 'IN', 'Folder Update'),
(357, 514, 366, 1, NULL, NULL, 'IN', 'Folder Update'),
(358, 515, 369, 1, NULL, NULL, 'IN', 'Folder Update'),
(359, 515, 368, 5, NULL, NULL, 'IN', 'Folder Update'),
(360, 494, 370, 1, NULL, NULL, 'IN', 'Folder Update'),
(361, 494, 371, 5, NULL, NULL, 'IN', 'Folder Update'),
(362, 492, 372, 1, NULL, NULL, 'IN', 'Folder Update'),
(363, 492, 373, 5, NULL, NULL, 'IN', 'Folder Update'),
(364, 496, 374, 1, NULL, NULL, 'IN', 'Folder Update'),
(365, 496, 375, 5, NULL, NULL, 'IN', 'Folder Update'),
(366, 518, 376, 1, NULL, NULL, 'IN', 'Folder Update'),
(367, 518, 377, 2, NULL, NULL, 'IN', 'Folder Update'),
(368, 497, 378, 1, NULL, NULL, 'IN', 'Folder Update'),
(369, 497, 379, 5, NULL, NULL, 'IN', 'Folder Update'),
(370, 498, 380, 1, NULL, NULL, 'IN', 'Folder Update'),
(371, 498, 381, 5, NULL, NULL, 'IN', 'Folder Update'),
(372, 516, 382, 1, NULL, NULL, 'IN', 'Folder Update'),
(373, 516, 383, 5, NULL, NULL, 'IN', 'Folder Update'),
(374, 524, 384, 1, NULL, NULL, 'IN', 'Folder Update'),
(375, 525, 385, 1, NULL, NULL, 'IN', 'Folder Update'),
(376, 525, 386, 2, NULL, NULL, 'IN', 'Folder Update'),
(377, 318, 387, 21, NULL, NULL, 'IN', 'Folder Update'),
(378, 204, 389, 21, NULL, NULL, 'IN', 'Folder Update'),
(379, 204, 390, 18, NULL, NULL, 'IN', 'Folder Update'),
(380, 307, 391, 21, NULL, NULL, 'IN', 'Folder Update'),
(381, 320, 392, 21, NULL, NULL, 'IN', 'Folder Update'),
(382, 323, 393, 21, NULL, NULL, 'IN', 'Folder Update'),
(383, 322, 394, 21, NULL, NULL, 'IN', 'Folder Update'),
(384, 319, 395, 20, NULL, NULL, 'IN', 'Folder Update'),
(385, 319, 396, 21, NULL, NULL, 'IN', 'Folder Update'),
(386, 321, 397, 20, NULL, NULL, 'IN', 'Folder Update'),
(387, 321, 398, 21, NULL, NULL, 'IN', 'Folder Update'),
(388, 192, 399, 1, NULL, NULL, 'IN', 'Folder Update'),
(389, 192, 400, 21, NULL, NULL, 'IN', 'Folder Update'),
(390, 486, 402, 21, NULL, NULL, 'IN', 'Folder Update'),
(391, 486, 403, 18, NULL, NULL, 'IN', 'Folder Update'),
(392, 306, 404, 20, NULL, NULL, 'IN', 'Folder Update'),
(393, 306, 405, 21, NULL, NULL, 'IN', 'Folder Update'),
(394, 211, 406, 18, NULL, NULL, 'IN', 'Folder Update'),
(395, 211, 407, 20, NULL, NULL, 'IN', 'Folder Update'),
(396, 211, 408, 21, NULL, NULL, 'IN', 'Folder Update'),
(397, 212, 409, 20, NULL, NULL, 'IN', 'Folder Update'),
(398, 212, 410, 21, NULL, NULL, 'IN', 'Folder Update'),
(400, 205, 412, 21, NULL, NULL, 'IN', 'Folder Update'),
(401, 205, 413, 20, NULL, NULL, 'IN', 'Folder Update'),
(402, 206, 414, 20, NULL, NULL, 'IN', 'Folder Update'),
(403, 206, 415, 21, NULL, NULL, 'IN', 'Folder Update'),
(404, 207, 416, 20, NULL, NULL, 'IN', 'Folder Update'),
(405, 207, 417, 21, NULL, NULL, 'IN', 'Folder Update'),
(406, 214, 418, 20, NULL, NULL, 'IN', 'Folder Update'),
(407, 214, 419, 21, NULL, NULL, 'IN', 'Folder Update'),
(408, 248, 422, 20, NULL, NULL, 'IN', 'Folder Update'),
(409, 248, 423, 21, NULL, NULL, 'IN', 'Folder Update'),
(410, 213, 425, 20, NULL, NULL, 'IN', 'Folder Update'),
(411, 213, 426, 21, NULL, NULL, 'IN', 'Folder Update'),
(412, 351, 427, 18, NULL, NULL, 'IN', 'Folder Update'),
(413, 351, 428, 21, NULL, NULL, 'IN', 'Folder Update'),
(414, 523, 429, 20, NULL, NULL, 'IN', 'Folder Update'),
(415, 523, 430, 21, NULL, NULL, 'IN', 'Folder Update'),
(416, 502, 431, 18, NULL, NULL, 'IN', 'Folder Update'),
(417, 502, 432, 20, NULL, NULL, 'IN', 'Folder Update'),
(418, 502, 433, 21, NULL, NULL, 'IN', 'Folder Update'),
(419, 500, 434, 18, NULL, NULL, 'IN', 'Folder Update'),
(420, 500, 435, 20, NULL, NULL, 'IN', 'Folder Update'),
(421, 500, 436, 21, NULL, NULL, 'IN', 'Folder Update'),
(422, 509, 437, 18, NULL, NULL, 'IN', 'Folder Update'),
(423, 509, 438, 21, NULL, NULL, 'IN', 'Folder Update'),
(424, 288, 439, 1, NULL, NULL, 'IN', 'Folder Update'),
(425, 288, 440, 20, NULL, NULL, 'IN', 'Folder Update'),
(426, 288, 441, 21, NULL, NULL, 'IN', 'Folder Update'),
(427, 288, 442, 18, NULL, NULL, 'IN', 'Folder Update'),
(428, 340, 443, 20, NULL, NULL, 'IN', 'Folder Update'),
(429, 340, 444, 21, NULL, NULL, 'IN', 'Folder Update'),
(430, 565, 445, 20, NULL, NULL, 'IN', 'Folder Update'),
(431, 565, 446, 21, NULL, NULL, 'IN', 'Folder Update'),
(432, 565, 447, 1, NULL, NULL, 'IN', 'Folder Update'),
(433, 584, 448, 1, NULL, NULL, 'IN', 'Folder Update'),
(434, 584, 449, 2, NULL, NULL, 'IN', 'Folder Update'),
(435, 584, 450, 18, NULL, NULL, 'IN', 'Folder Update'),
(436, 584, 451, 21, NULL, NULL, 'IN', 'Folder Update'),
(437, 584, 453, 20, NULL, NULL, 'IN', 'Folder Update'),
(438, 339, 454, 20, NULL, NULL, 'IN', 'Folder Update'),
(439, 339, 455, 21, NULL, NULL, 'IN', 'Folder Update'),
(440, 338, 456, 20, NULL, NULL, 'IN', 'Folder Update'),
(441, 346, 457, 20, NULL, NULL, 'IN', 'Folder Update'),
(442, 346, 458, 21, NULL, NULL, 'IN', 'Folder Update'),
(443, 309, 459, 18, NULL, NULL, 'IN', 'Folder Update'),
(444, 309, 460, 20, NULL, NULL, 'IN', 'Folder Update'),
(445, 309, 461, 21, NULL, NULL, 'IN', 'Folder Update'),
(446, 585, 462, 1, NULL, NULL, 'IN', 'Folder Update'),
(447, 585, 463, 18, NULL, NULL, 'IN', 'Folder Update'),
(448, 585, 464, 20, NULL, NULL, 'IN', 'Folder Update'),
(449, 585, 465, 21, NULL, NULL, 'IN', 'Folder Update'),
(450, 586, 466, 1, NULL, NULL, 'IN', 'Folder Update'),
(451, 586, 467, 20, NULL, NULL, 'IN', 'Folder Update'),
(452, 586, 468, 21, NULL, NULL, 'IN', 'Folder Update'),
(453, 343, 469, 1, NULL, NULL, 'IN', 'Folder Update'),
(454, 343, 470, 20, NULL, NULL, 'IN', 'Folder Update'),
(455, 343, 471, 18, NULL, NULL, 'IN', 'Folder Update'),
(456, 344, 472, 1, NULL, NULL, 'IN', 'Folder Update'),
(457, 344, 473, 20, NULL, NULL, 'IN', 'Folder Update'),
(458, 344, 474, 21, NULL, NULL, 'IN', 'Folder Update'),
(459, 587, 475, 1, NULL, NULL, 'IN', 'Folder Update'),
(460, 587, 476, 2, NULL, NULL, 'IN', 'Folder Update'),
(461, 587, 477, 20, NULL, NULL, 'IN', 'Folder Update'),
(462, 587, 478, 21, NULL, NULL, 'IN', 'Folder Update'),
(463, 588, 479, 1, NULL, NULL, 'IN', 'Folder Update'),
(464, 588, 480, 2, NULL, NULL, 'IN', 'Folder Update'),
(465, 588, 481, 20, NULL, NULL, 'IN', 'Folder Update'),
(466, 588, 482, 21, NULL, NULL, 'IN', 'Folder Update'),
(467, 345, 483, 20, NULL, NULL, 'IN', 'Folder Update'),
(468, 308, 484, 20, NULL, NULL, 'IN', 'Folder Update'),
(469, 308, 485, 21, NULL, NULL, 'IN', 'Folder Update'),
(470, 589, 486, 1, NULL, NULL, 'IN', 'Folder Update'),
(471, 589, 487, 2, NULL, NULL, 'IN', 'Folder Update'),
(472, 589, 488, 20, NULL, NULL, 'IN', 'Folder Update'),
(473, 589, 489, 21, NULL, NULL, 'IN', 'Folder Update'),
(474, 518, 490, 20, NULL, NULL, 'IN', 'Folder Update'),
(475, 518, 491, 21, NULL, NULL, 'IN', 'Folder Update'),
(476, 590, 492, 1, NULL, NULL, 'IN', 'Folder Update'),
(477, 590, 493, 2, NULL, NULL, 'IN', 'Folder Update'),
(478, 590, 494, 20, NULL, NULL, 'IN', 'Folder Update'),
(479, 590, 495, 21, NULL, NULL, 'IN', 'Folder Update'),
(480, 478, 496, 20, NULL, NULL, 'IN', 'Folder Update'),
(481, 478, 497, 21, NULL, NULL, 'IN', 'Folder Update'),
(482, 591, 498, 1, NULL, NULL, 'IN', 'Folder Update'),
(483, 591, 499, 20, NULL, NULL, 'IN', 'Folder Update'),
(484, 591, 500, 21, NULL, NULL, 'IN', 'Folder Update'),
(485, 592, 501, 20, NULL, NULL, 'IN', 'Folder Update'),
(486, 592, 502, 21, NULL, NULL, 'IN', 'Folder Update'),
(487, 592, 503, 1, NULL, NULL, 'IN', 'Folder Update'),
(488, 481, 504, 20, NULL, NULL, 'IN', 'Folder Update'),
(489, 481, 505, 21, NULL, NULL, 'IN', 'Folder Update'),
(490, 519, 506, 20, NULL, NULL, 'IN', 'Folder Update'),
(491, 519, 507, 21, NULL, NULL, 'IN', 'Folder Update'),
(492, 293, 508, 20, NULL, NULL, 'IN', 'Folder Update'),
(493, 293, 509, 18, NULL, NULL, 'IN', 'Folder Update'),
(494, 593, 510, 1, NULL, NULL, 'IN', 'Folder Update'),
(495, 593, 511, 2, NULL, NULL, 'IN', 'Folder Update'),
(496, 593, 512, 20, NULL, NULL, 'IN', 'Folder Update'),
(497, 593, 513, 21, NULL, NULL, 'IN', 'Folder Update'),
(498, 594, 514, 1, NULL, NULL, 'IN', 'Folder Update'),
(499, 594, 515, 20, NULL, NULL, 'IN', 'Folder Update'),
(500, 594, 516, 21, NULL, NULL, 'IN', 'Folder Update'),
(501, 526, 964, 21, NULL, NULL, 'IN', 'Folder Update'),
(502, 526, 518, 20, NULL, NULL, 'IN', 'Folder Update'),
(503, 255, 519, 20, NULL, NULL, 'IN', 'Folder Update'),
(504, 255, 520, 21, NULL, NULL, 'IN', 'Folder Update'),
(506, 252, 522, 20, NULL, NULL, 'IN', 'Folder Update'),
(507, 252, 523, 21, NULL, NULL, 'IN', 'Folder Update'),
(508, 252, 524, 1, NULL, NULL, 'IN', 'Folder Update'),
(509, 521, 525, 1, NULL, NULL, 'IN', 'Folder Update'),
(510, 521, 526, 20, NULL, NULL, 'IN', 'Folder Update'),
(511, 521, 527, 21, NULL, NULL, 'IN', 'Folder Update'),
(512, 251, 528, 20, NULL, NULL, 'IN', 'Folder Update'),
(513, 251, 529, 18, NULL, NULL, 'IN', 'Folder Update'),
(514, 251, 530, 21, NULL, NULL, 'IN', 'Folder Update'),
(515, 253, 531, 21, NULL, NULL, 'IN', 'Folder Update'),
(516, 254, 532, 20, NULL, NULL, 'IN', 'Folder Update'),
(517, 254, 533, 21, NULL, NULL, 'IN', 'Folder Update'),
(518, 329, 534, 20, NULL, NULL, 'IN', 'Folder Update'),
(519, 329, 535, 21, NULL, NULL, 'IN', 'Folder Update'),
(520, 527, 536, 20, NULL, NULL, 'IN', 'Folder Update'),
(521, 527, 537, 21, NULL, NULL, 'IN', 'Folder Update'),
(522, 331, 538, 18, NULL, NULL, 'IN', 'Folder Update'),
(523, 331, 540, 21, NULL, NULL, 'IN', 'Folder Update'),
(524, 331, 541, 20, NULL, NULL, 'IN', 'Folder Update'),
(525, 330, 542, 20, NULL, NULL, 'IN', 'Folder Update'),
(526, 330, 543, 21, NULL, NULL, 'IN', 'Folder Update'),
(527, 330, 544, 18, NULL, NULL, 'IN', 'Folder Update'),
(528, 506, 545, 18, NULL, NULL, 'IN', 'Folder Update'),
(529, 506, 546, 20, NULL, NULL, 'IN', 'Folder Update'),
(530, 533, 547, 20, NULL, NULL, 'IN', 'Folder Update'),
(531, 335, 549, 1, NULL, NULL, 'IN', 'Folder Update'),
(532, 335, 550, 5, NULL, NULL, 'IN', 'Folder Update'),
(533, 335, 551, 20, NULL, NULL, 'IN', 'Folder Update'),
(534, 335, 552, 18, NULL, NULL, 'IN', 'Folder Update'),
(535, 335, 553, 21, NULL, NULL, 'IN', 'Folder Update'),
(536, 326, 554, 18, NULL, NULL, 'IN', 'Folder Update'),
(537, 326, 555, 20, NULL, NULL, 'IN', 'Folder Update'),
(538, 326, 556, 21, NULL, NULL, 'IN', 'Folder Update'),
(539, 334, 557, 20, NULL, NULL, 'IN', 'Folder Update'),
(540, 334, 558, 21, NULL, NULL, 'IN', 'Folder Update'),
(541, 333, 559, 20, NULL, NULL, 'IN', 'Folder Update'),
(542, 333, 560, 21, NULL, NULL, 'IN', 'Folder Update'),
(543, 337, 561, 20, NULL, NULL, 'IN', 'Folder Update'),
(544, 337, 562, 21, NULL, NULL, 'IN', 'Folder Update'),
(545, 595, 563, 1, NULL, NULL, 'IN', 'Folder Update'),
(546, 595, 564, 20, NULL, NULL, 'IN', 'Folder Update'),
(547, 595, 565, 21, NULL, NULL, 'IN', 'Folder Update'),
(548, 332, 566, 1, NULL, NULL, 'IN', 'Folder Update'),
(549, 332, 567, 2, NULL, NULL, 'IN', 'Folder Update'),
(550, 332, 568, 20, NULL, NULL, 'IN', 'Folder Update'),
(551, 332, 569, 21, NULL, NULL, 'IN', 'Folder Update'),
(552, 311, 570, 20, NULL, NULL, 'IN', 'Folder Update'),
(553, 311, 571, 21, NULL, NULL, 'IN', 'Folder Update'),
(554, 522, 572, 20, NULL, NULL, 'IN', 'Folder Update'),
(555, 522, 573, 21, NULL, NULL, 'IN', 'Folder Update'),
(556, 310, 574, 21, NULL, NULL, 'IN', 'Folder Update'),
(557, 350, 575, 21, NULL, NULL, 'IN', 'Folder Update'),
(558, 350, 576, 20, NULL, NULL, 'IN', 'Folder Update'),
(559, 291, 577, 20, NULL, NULL, 'IN', 'Folder Update'),
(560, 291, 578, 21, NULL, NULL, 'IN', 'Folder Update'),
(561, 596, 579, 1, NULL, NULL, 'IN', 'Folder Update'),
(562, 596, 580, 2, NULL, NULL, 'IN', 'Folder Update'),
(563, 596, 581, 20, NULL, NULL, 'IN', 'Folder Update'),
(564, 596, 582, 21, NULL, NULL, 'IN', 'Folder Update'),
(565, 349, 583, 20, NULL, NULL, 'IN', 'Folder Update'),
(566, 349, 584, 21, NULL, NULL, 'IN', 'Folder Update'),
(567, 597, 585, 1, NULL, NULL, 'IN', 'Folder Update'),
(568, 597, 586, 20, NULL, NULL, 'IN', 'Folder Update'),
(569, 597, 587, 21, NULL, NULL, 'IN', 'Folder Update'),
(570, 290, 588, 1, NULL, NULL, 'IN', 'Folder Update'),
(571, 290, 589, 2, NULL, NULL, 'IN', 'Folder Update'),
(572, 290, 590, 18, NULL, NULL, 'IN', 'Folder Update'),
(573, 290, 591, 21, NULL, NULL, 'IN', 'Folder Update'),
(574, 504, 592, 18, NULL, NULL, 'IN', 'Folder Update'),
(575, 287, 593, 18, NULL, NULL, 'IN', 'Folder Update'),
(576, 287, 594, 20, NULL, NULL, 'IN', 'Folder Update'),
(577, 287, 595, 21, NULL, NULL, 'IN', 'Folder Update'),
(578, 292, 596, 18, NULL, NULL, 'IN', 'Folder Update'),
(579, 292, 597, 21, NULL, NULL, 'IN', 'Folder Update'),
(580, 285, 598, 20, NULL, NULL, 'IN', 'Folder Update'),
(581, 285, 599, 21, NULL, NULL, 'IN', 'Folder Update'),
(582, 289, 600, 20, NULL, NULL, 'IN', 'Folder Update'),
(583, 289, 601, 21, NULL, NULL, 'IN', 'Folder Update'),
(584, 286, 602, 18, NULL, NULL, 'IN', 'Folder Update'),
(585, 286, 603, 20, NULL, NULL, 'IN', 'Folder Update'),
(586, 286, 604, 21, NULL, NULL, 'IN', 'Folder Update'),
(587, 245, 605, 20, NULL, NULL, 'IN', 'Folder Update'),
(588, 297, 606, 20, NULL, NULL, 'IN', 'Folder Update'),
(589, 297, 607, 21, NULL, NULL, 'IN', 'Folder Update'),
(590, 139, 608, 20, NULL, NULL, 'IN', 'Folder Update'),
(591, 139, 609, 21, NULL, NULL, 'IN', 'Folder Update'),
(592, 295, 610, 20, NULL, NULL, 'IN', 'Folder Update'),
(593, 295, 611, 21, NULL, NULL, 'IN', 'Folder Update'),
(594, 298, 612, 21, NULL, NULL, 'IN', 'Folder Update'),
(595, 296, 613, 21, NULL, NULL, 'IN', 'Folder Update'),
(596, 296, 614, 20, NULL, NULL, 'IN', 'Folder Update'),
(597, 279, 615, 20, NULL, NULL, 'IN', 'Folder Update'),
(598, 279, 616, 21, NULL, NULL, 'IN', 'Folder Update'),
(599, 294, 617, 20, NULL, NULL, 'IN', 'Folder Update'),
(600, 304, 618, 20, NULL, NULL, 'IN', 'Folder Update'),
(601, 304, 619, 21, NULL, NULL, 'IN', 'Folder Update'),
(602, 482, 620, 20, NULL, NULL, 'IN', 'Folder Update'),
(603, 482, 621, 21, NULL, NULL, 'IN', 'Folder Update'),
(604, 341, 622, 1, NULL, NULL, 'IN', 'Folder Update'),
(605, 341, 623, 2, NULL, NULL, 'IN', 'Folder Update'),
(606, 341, 624, 18, NULL, NULL, 'IN', 'Folder Update'),
(607, 341, 625, 20, NULL, NULL, 'IN', 'Folder Update'),
(608, 341, 626, 21, NULL, NULL, 'IN', 'Folder Update'),
(609, 301, 627, 20, NULL, NULL, 'IN', 'Folder Update'),
(610, 301, 628, 21, NULL, NULL, 'IN', 'Folder Update'),
(611, 302, 629, 20, NULL, NULL, 'IN', 'Folder Update'),
(612, 302, 630, 21, NULL, NULL, 'IN', 'Folder Update'),
(613, 501, 631, 18, NULL, NULL, 'IN', 'Folder Update'),
(614, 501, 632, 20, NULL, NULL, 'IN', 'Folder Update'),
(615, 501, 633, 21, NULL, NULL, 'IN', 'Folder Update'),
(616, 303, 634, 20, NULL, NULL, 'IN', 'Folder Update'),
(617, 303, 635, 21, NULL, NULL, 'IN', 'Folder Update'),
(618, 492, 636, 18, NULL, NULL, 'IN', 'Folder Update'),
(619, 492, 637, 20, NULL, NULL, 'IN', 'Folder Update'),
(620, 492, 638, 21, NULL, NULL, 'IN', 'Folder Update'),
(621, 483, 639, 18, NULL, NULL, 'IN', 'Folder Update'),
(622, 598, 640, 1, NULL, NULL, 'IN', 'Folder Update'),
(623, 541, 641, 20, NULL, NULL, 'IN', 'Folder Update'),
(624, 541, 642, 21, NULL, NULL, 'IN', 'Folder Update'),
(625, 513, 643, 20, NULL, NULL, 'IN', 'Folder Update'),
(626, 513, 644, 21, NULL, NULL, 'IN', 'Folder Update'),
(627, 495, 645, 1, NULL, NULL, 'IN', 'Folder Update'),
(628, 495, 646, 20, NULL, NULL, 'IN', 'Folder Update'),
(629, 495, 647, 21, NULL, NULL, 'IN', 'Folder Update'),
(630, 497, 648, 20, NULL, NULL, 'IN', 'Folder Update'),
(631, 497, 649, 21, NULL, NULL, 'IN', 'Folder Update'),
(633, 464, 651, 5, NULL, NULL, 'IN', 'Folder Update'),
(634, 520, 652, 20, NULL, NULL, 'IN', 'Folder Update'),
(635, 520, 653, 21, NULL, NULL, 'IN', 'Folder Update'),
(636, 517, 654, 20, NULL, NULL, 'IN', 'Folder Update'),
(637, 517, 655, 21, NULL, NULL, 'IN', 'Folder Update'),
(638, 510, 656, 20, NULL, NULL, 'IN', 'Folder Update'),
(639, 514, 657, 18, NULL, NULL, 'IN', 'Folder Update'),
(640, 514, 658, 21, NULL, NULL, 'IN', 'Folder Update'),
(641, 488, 659, 20, NULL, NULL, 'IN', 'Folder Update'),
(642, 488, 660, 21, NULL, NULL, 'IN', 'Folder Update'),
(643, 599, 661, 1, NULL, NULL, 'IN', 'Folder Update'),
(644, 599, 662, 20, NULL, NULL, 'IN', 'Folder Update'),
(645, 599, 663, 21, NULL, NULL, 'IN', 'Folder Update'),
(646, 525, 664, 18, NULL, NULL, 'IN', 'Folder Update'),
(647, 525, 665, 20, NULL, NULL, 'IN', 'Folder Update'),
(648, 515, 666, 20, NULL, NULL, 'IN', 'Folder Update'),
(649, 515, 667, 21, NULL, NULL, 'IN', 'Folder Update'),
(650, 507, 668, 20, NULL, NULL, 'IN', 'Folder Update'),
(651, 507, 669, 21, NULL, NULL, 'IN', 'Folder Update'),
(652, 489, 670, 20, NULL, NULL, 'IN', 'Folder Update'),
(653, 489, 671, 21, NULL, NULL, 'IN', 'Folder Update'),
(654, 348, 672, 18, NULL, NULL, 'IN', 'Folder Update'),
(655, 348, 673, 21, NULL, NULL, 'IN', 'Folder Update'),
(656, 528, 674, 21, NULL, NULL, 'IN', 'Folder Update'),
(657, 528, 675, 20, NULL, NULL, 'IN', 'Folder Update'),
(658, 528, 676, 1, NULL, NULL, 'IN', 'Folder Update'),
(659, 524, 677, 20, NULL, NULL, 'IN', 'Folder Update'),
(660, 524, 678, 21, NULL, NULL, 'IN', 'Folder Update'),
(661, 512, 679, 20, NULL, NULL, 'IN', 'Folder Update'),
(662, 512, 680, 21, NULL, NULL, 'IN', 'Folder Update'),
(664, 316, 682, 18, NULL, NULL, 'IN', 'Folder Update'),
(665, 316, 683, 20, NULL, NULL, 'IN', 'Folder Update'),
(666, 316, 684, 21, NULL, NULL, 'IN', 'Folder Update'),
(667, 314, 685, 20, NULL, NULL, 'IN', 'Folder Update'),
(668, 314, 686, 21, NULL, NULL, 'IN', 'Folder Update'),
(669, 317, 687, 1, NULL, NULL, 'IN', 'Folder Update'),
(670, 317, 688, 2, NULL, NULL, 'IN', 'Folder Update'),
(671, 317, 689, 21, NULL, NULL, 'IN', 'Folder Update'),
(672, 491, 690, 20, NULL, NULL, 'IN', 'Folder Update'),
(673, 491, 691, 21, NULL, NULL, 'IN', 'Folder Update'),
(674, 313, 692, 20, NULL, NULL, 'IN', 'Folder Update'),
(675, 258, 693, 1, NULL, NULL, 'IN', 'Folder Update'),
(676, 258, 694, 5, NULL, NULL, 'IN', 'Folder Update'),
(677, 312, 695, 20, NULL, NULL, 'IN', 'Folder Update'),
(678, 312, 696, 21, NULL, NULL, 'IN', 'Folder Update'),
(679, 508, 697, 18, NULL, NULL, 'IN', 'Folder Update'),
(680, 508, 698, 21, NULL, NULL, 'IN', 'Folder Update'),
(681, 600, 699, 1, NULL, NULL, 'IN', 'Folder Update'),
(682, 600, 700, 20, NULL, NULL, 'IN', 'Folder Update'),
(683, 600, 701, 21, NULL, NULL, 'IN', 'Folder Update'),
(684, 315, 702, 1, NULL, NULL, 'IN', 'Folder Update'),
(685, 315, 703, 20, NULL, NULL, 'IN', 'Folder Update'),
(686, 315, 704, 21, NULL, NULL, 'IN', 'Folder Update'),
(687, 436, 705, 1, NULL, NULL, 'IN', 'Folder Update'),
(688, 436, 706, 2, NULL, NULL, 'IN', 'Folder Update'),
(689, 438, 707, 1, NULL, NULL, 'IN', 'Folder Update'),
(690, 438, 708, 5, NULL, NULL, 'IN', 'Folder Update'),
(691, 437, 709, 1, NULL, NULL, 'IN', 'Folder Update'),
(692, 437, 710, 2, NULL, NULL, 'IN', 'Folder Update'),
(693, 435, 711, 1, NULL, NULL, 'IN', 'Folder Update'),
(694, 435, 712, 5, NULL, NULL, 'IN', 'Folder Update'),
(695, 444, 713, 1, NULL, NULL, 'IN', 'Folder Update'),
(696, 444, 714, 5, NULL, NULL, 'IN', 'Folder Update'),
(697, 443, 715, 1, NULL, NULL, 'IN', 'Folder Update'),
(698, 441, 716, 1, NULL, NULL, 'IN', 'Folder Update'),
(699, 441, 717, 5, NULL, NULL, 'IN', 'Folder Update'),
(700, 439, 719, 1, NULL, NULL, 'IN', 'Folder Update'),
(701, 439, 720, 5, NULL, NULL, 'IN', 'Folder Update'),
(702, 442, 721, 1, NULL, NULL, 'IN', 'Folder Update'),
(703, 442, 722, 2, NULL, NULL, 'IN', 'Folder Update'),
(704, 440, 723, 1, NULL, NULL, 'IN', 'Folder Update'),
(705, 440, 724, 2, NULL, NULL, 'IN', 'Folder Update'),
(706, 601, 725, 1, NULL, NULL, 'IN', 'Folder Update'),
(707, 601, 726, 12, NULL, NULL, 'IN', 'Folder Update'),
(708, 430, 727, 1, NULL, NULL, 'IN', 'Folder Update'),
(709, 431, 728, 1, NULL, NULL, 'IN', 'Folder Update'),
(710, 431, 729, 2, NULL, NULL, 'IN', 'Folder Update'),
(711, 428, 730, 1, NULL, NULL, 'IN', 'Folder Update'),
(712, 428, 731, 5, NULL, NULL, 'IN', 'Folder Update'),
(713, 429, 732, 1, NULL, NULL, 'IN', 'Folder Update'),
(714, 429, 733, 5, NULL, NULL, 'IN', 'Folder Update'),
(715, 426, 734, 1, NULL, NULL, 'IN', 'Folder Update'),
(716, 426, 735, 3, NULL, NULL, 'IN', 'Folder Update'),
(717, 427, 736, 1, NULL, NULL, 'IN', 'Folder Update'),
(718, 427, 737, 5, NULL, NULL, 'IN', 'Folder Update'),
(719, 375, 738, 5, NULL, NULL, 'IN', 'Folder Update'),
(720, 425, 739, 1, NULL, NULL, 'IN', 'Folder Update'),
(721, 425, 740, 20, NULL, NULL, 'IN', 'Folder Update'),
(722, 375, 741, 20, NULL, NULL, 'IN', 'Folder Update'),
(723, 375, 742, 21, NULL, NULL, 'IN', 'Folder Update'),
(724, 427, 743, 20, NULL, NULL, 'IN', 'Folder Update'),
(725, 427, 744, 21, NULL, NULL, 'IN', 'Folder Update'),
(726, 466, 745, 1, NULL, NULL, 'IN', 'Folder Update'),
(727, 466, 746, 2, NULL, NULL, 'IN', 'Folder Update'),
(728, 466, 747, 21, NULL, NULL, 'IN', 'Folder Update'),
(729, 602, 748, 1, NULL, NULL, 'IN', 'Folder Update'),
(730, 602, 749, 20, NULL, NULL, 'IN', 'Folder Update'),
(731, 471, 750, 1, NULL, NULL, 'IN', 'Folder Update'),
(732, 471, 751, 5, NULL, NULL, 'IN', 'Folder Update'),
(733, 470, 752, 1, NULL, NULL, 'IN', 'Folder Update'),
(734, 470, 753, 2, NULL, NULL, 'IN', 'Folder Update'),
(735, 463, 754, 1, NULL, NULL, 'IN', 'Folder Update'),
(736, 463, 755, 5, NULL, NULL, 'IN', 'Folder Update'),
(737, 465, 756, 1, NULL, NULL, 'IN', 'Folder Update'),
(738, 465, 757, 2, NULL, NULL, 'IN', 'Folder Update'),
(739, 472, 758, 1, NULL, NULL, 'IN', 'Folder Update'),
(740, 472, 759, 2, NULL, NULL, 'IN', 'Folder Update'),
(741, 9, 760, 1, NULL, NULL, 'IN', 'Folder Update'),
(742, 9, 761, 22, NULL, NULL, 'IN', 'Folder Update'),
(743, 467, 762, 1, NULL, NULL, 'IN', 'Folder Update'),
(744, 467, 763, 5, NULL, NULL, 'IN', 'Folder Update'),
(745, 464, 764, 1, NULL, NULL, 'IN', 'Folder Update'),
(746, 277, 765, 1, NULL, NULL, 'IN', 'Folder Update'),
(747, 277, 766, 5, NULL, NULL, 'IN', 'Folder Update'),
(748, 469, 767, 1, NULL, NULL, 'IN', 'Folder Update'),
(749, 271, 768, 1, NULL, NULL, 'IN', 'Folder Update'),
(750, 271, 769, 5, NULL, NULL, 'IN', 'Folder Update'),
(752, 219, 771, 5, NULL, NULL, 'IN', 'Folder Update'),
(753, 219, 772, 1, NULL, NULL, 'IN', 'Folder Update'),
(754, 238, 773, 1, NULL, NULL, 'IN', 'Folder Update'),
(755, 238, 774, 5, NULL, NULL, 'IN', 'Folder Update'),
(756, 273, 775, 1, NULL, NULL, 'IN', 'Folder Update'),
(757, 273, 776, 22, NULL, NULL, 'IN', 'Folder Update'),
(758, 198, 777, 1, NULL, NULL, 'IN', 'Folder Update'),
(759, 198, 778, 2, NULL, NULL, 'IN', 'Folder Update'),
(760, 232, 779, 1, NULL, NULL, 'IN', 'Folder Update'),
(761, 232, 780, 22, NULL, NULL, 'IN', 'Folder Update'),
(762, 233, 781, 1, NULL, NULL, 'IN', 'Folder Update'),
(763, 233, 782, 5, NULL, NULL, 'IN', 'Folder Update'),
(764, 189, 783, 1, NULL, NULL, 'IN', 'Folder Update'),
(765, 189, 784, 2, NULL, NULL, 'IN', 'Folder Update'),
(766, 193, 785, 1, NULL, NULL, 'IN', 'Folder Update'),
(767, 193, 786, 5, NULL, NULL, 'IN', 'Folder Update'),
(768, 227, 787, 1, NULL, NULL, 'IN', 'Folder Update'),
(769, 227, 788, 22, NULL, NULL, 'IN', 'Folder Update'),
(770, 267, 791, 1, NULL, NULL, 'IN', 'Folder Update'),
(771, 267, 790, 22, NULL, NULL, 'IN', 'Folder Update'),
(772, 225, 792, 1, NULL, NULL, 'IN', 'Folder Update'),
(773, 225, 793, 5, NULL, NULL, 'IN', 'Folder Update'),
(774, 246, 794, 1, NULL, NULL, 'IN', 'Folder Update'),
(775, 246, 795, 5, NULL, NULL, 'IN', 'Folder Update'),
(776, 145, 796, 1, NULL, NULL, 'IN', 'Folder Update'),
(777, 184, 797, 1, NULL, NULL, 'IN', 'Folder Update'),
(778, 184, 798, 22, NULL, NULL, 'IN', 'Folder Update'),
(779, 272, 799, 1, NULL, NULL, 'IN', 'Folder Update'),
(780, 272, 800, 22, NULL, NULL, 'IN', 'Folder Update'),
(781, 221, 801, 1, NULL, NULL, 'IN', 'Folder Update'),
(782, 221, 802, 6, NULL, NULL, 'IN', 'Folder Update'),
(783, 257, 803, 1, NULL, NULL, 'IN', 'Folder Update'),
(784, 257, 804, 5, NULL, NULL, 'IN', 'Folder Update'),
(785, 260, 805, 1, NULL, NULL, 'IN', 'Folder Update'),
(786, 260, 806, 22, NULL, NULL, 'IN', 'Folder Update'),
(787, 180, 807, 5, NULL, NULL, 'IN', 'Folder Update'),
(788, 264, 808, 1, NULL, NULL, 'IN', 'Folder Update'),
(789, 264, 809, 2, NULL, NULL, 'IN', 'Folder Update'),
(790, 270, 810, 1, NULL, NULL, 'IN', 'Folder Update'),
(791, 270, 811, 5, NULL, NULL, 'IN', 'Folder Update'),
(792, 275, 812, 1, NULL, NULL, 'IN', 'Folder Update'),
(793, 275, 813, 5, NULL, NULL, 'IN', 'Folder Update'),
(794, 190, 814, 1, NULL, NULL, 'IN', 'Folder Update'),
(795, 190, 815, 5, NULL, NULL, 'IN', 'Folder Update'),
(796, 244, 816, 1, NULL, NULL, 'IN', 'Folder Update'),
(797, 244, 817, 2, NULL, NULL, 'IN', 'Folder Update'),
(798, 217, 818, 1, NULL, NULL, 'IN', 'Folder Update'),
(799, 217, 819, 2, NULL, NULL, 'IN', 'Folder Update'),
(800, 203, 820, 1, NULL, NULL, 'IN', 'Folder Update'),
(801, 203, 821, 3, NULL, NULL, 'IN', 'Folder Update'),
(802, 226, 822, 1, NULL, NULL, 'IN', 'Folder Update'),
(803, 226, 823, 22, NULL, NULL, 'IN', 'Folder Update'),
(804, 215, 824, 1, NULL, NULL, 'IN', 'Folder Update'),
(805, 215, 825, 5, NULL, NULL, 'IN', 'Folder Update'),
(806, 283, 826, 1, NULL, NULL, 'IN', 'Folder Update'),
(807, 283, 827, 5, NULL, NULL, 'IN', 'Folder Update'),
(808, 242, 828, 1, NULL, NULL, 'IN', 'Folder Update'),
(809, 242, 829, 22, NULL, NULL, 'IN', 'Folder Update'),
(810, 316, 830, 1, NULL, NULL, 'IN', 'Folder Update'),
(811, 316, 831, 3, NULL, NULL, 'IN', 'Folder Update'),
(812, 235, 832, 1, NULL, NULL, 'IN', 'Folder Update'),
(813, 235, 833, 2, NULL, NULL, 'IN', 'Folder Update'),
(814, 229, 834, 1, NULL, NULL, 'IN', 'Folder Update'),
(815, 229, 835, 3, NULL, NULL, 'IN', 'Folder Update'),
(816, 477, 836, 1, NULL, NULL, 'IN', 'Folder Update'),
(817, 477, 837, 5, NULL, NULL, 'IN', 'Folder Update'),
(818, 474, 838, 1, NULL, NULL, 'IN', 'Folder Update'),
(819, 474, 839, 5, NULL, NULL, 'IN', 'Folder Update'),
(820, 241, 840, 1, NULL, NULL, 'IN', 'Folder Update'),
(821, 241, 841, 5, NULL, NULL, 'IN', 'Folder Update'),
(822, 194, 842, 1, NULL, NULL, 'IN', 'Folder Update'),
(823, 194, 843, 2, NULL, NULL, 'IN', 'Folder Update'),
(824, 186, 844, 1, NULL, NULL, 'IN', 'Folder Update'),
(825, 186, 845, 5, NULL, NULL, 'IN', 'Folder Update'),
(826, 11, 846, 1, NULL, NULL, 'IN', 'Folder Update'),
(827, 11, 847, 2, NULL, NULL, 'IN', 'Folder Update'),
(828, 266, 848, 1, NULL, NULL, 'IN', 'Folder Update'),
(829, 266, 849, 3, NULL, NULL, 'IN', 'Folder Update'),
(830, 247, 850, 1, NULL, NULL, 'IN', 'Folder Update'),
(831, 247, 851, 2, NULL, NULL, 'IN', 'Folder Update'),
(832, 222, 852, 1, NULL, NULL, 'IN', 'Folder Update'),
(833, 222, 853, 5, NULL, NULL, 'IN', 'Folder Update'),
(834, 269, 854, 1, NULL, NULL, 'IN', 'Folder Update'),
(835, 269, 855, 5, NULL, NULL, 'IN', 'Folder Update'),
(836, 265, 856, 1, NULL, NULL, 'IN', 'Folder Update'),
(837, 265, 857, 2, NULL, NULL, 'IN', 'Folder Update'),
(838, 234, 858, 1, NULL, NULL, 'IN', 'Folder Update'),
(839, 234, 859, 2, NULL, NULL, 'IN', 'Folder Update'),
(840, 195, 860, 1, NULL, NULL, 'IN', 'Folder Update'),
(841, 195, 861, 5, NULL, NULL, 'IN', 'Folder Update'),
(842, 332, 862, 5, NULL, NULL, 'IN', 'Folder Update'),
(843, 274, 863, 1, NULL, NULL, 'IN', 'Folder Update'),
(844, 274, 864, 5, NULL, NULL, 'IN', 'Folder Update'),
(845, 475, 865, 1, NULL, NULL, 'IN', 'Folder Update'),
(846, 475, 866, 2, NULL, NULL, 'IN', 'Folder Update'),
(847, 268, 867, 1, NULL, NULL, 'IN', 'Folder Update'),
(848, 278, 868, 1, NULL, NULL, 'IN', 'Folder Update'),
(849, 278, 869, 22, NULL, NULL, 'IN', 'Folder Update'),
(851, 262, 871, 1, NULL, NULL, 'IN', 'Folder Update'),
(852, 473, 872, 1, NULL, NULL, 'IN', 'Folder Update'),
(853, 473, 873, 2, NULL, NULL, 'IN', 'Folder Update'),
(854, 256, 874, 1, NULL, NULL, 'IN', 'Folder Update'),
(855, 256, 875, 22, NULL, NULL, 'IN', 'Folder Update'),
(856, 231, 876, 1, NULL, NULL, 'IN', 'Folder Update'),
(857, 231, 877, 22, NULL, NULL, 'IN', 'Folder Update'),
(858, 201, 878, 1, NULL, NULL, 'IN', 'Folder Update'),
(859, 201, 879, 3, NULL, NULL, 'IN', 'Folder Update'),
(860, 239, 880, 1, NULL, NULL, 'IN', 'Folder Update'),
(861, 239, 881, 2, NULL, NULL, 'IN', 'Folder Update'),
(862, 240, 882, 1, NULL, NULL, 'IN', 'Folder Update'),
(863, 240, 883, 22, NULL, NULL, 'IN', 'Folder Update'),
(864, 216, 884, 1, NULL, NULL, 'IN', 'Folder Update'),
(865, 216, 885, 5, NULL, NULL, 'IN', 'Folder Update'),
(866, 143, 886, 1, NULL, NULL, 'IN', 'Folder Update'),
(867, 143, 887, 2, NULL, NULL, 'IN', 'Folder Update'),
(868, 187, 888, 1, NULL, NULL, 'IN', 'Folder Update'),
(869, 187, 889, 22, NULL, NULL, 'IN', 'Folder Update'),
(870, 140, 890, 1, NULL, NULL, 'IN', 'Folder Update'),
(871, 140, 891, 5, NULL, NULL, 'IN', 'Folder Update'),
(872, 284, 892, 1, NULL, NULL, 'IN', 'Folder Update'),
(873, 284, 893, 2, NULL, NULL, 'IN', 'Folder Update'),
(876, 188, 896, 1, NULL, NULL, 'IN', 'Folder Update'),
(877, 188, 897, 6, NULL, NULL, 'IN', 'Folder Update'),
(878, 236, 898, 1, NULL, NULL, 'IN', 'Folder Update'),
(879, 236, 899, 22, NULL, NULL, 'IN', 'Folder Update'),
(880, 476, 900, 1, NULL, NULL, 'IN', 'Folder Update'),
(881, 476, 901, 2, NULL, NULL, 'IN', 'Folder Update'),
(882, 144, 902, 1, NULL, NULL, 'IN', 'Folder Update'),
(883, 144, 903, 2, NULL, NULL, 'IN', 'Folder Update'),
(884, 237, 904, 1, NULL, NULL, 'IN', 'Folder Update'),
(885, 237, 905, 6, NULL, NULL, 'IN', 'Folder Update'),
(886, 280, 906, 1, NULL, NULL, 'IN', 'Folder Update'),
(887, 280, 907, 22, NULL, NULL, 'IN', 'Folder Update'),
(888, 142, 908, 1, NULL, NULL, 'IN', 'Folder Update'),
(889, 142, 909, 2, NULL, NULL, 'IN', 'Folder Update'),
(890, 281, 910, 1, NULL, NULL, 'IN', 'Folder Update'),
(891, 281, 911, 22, NULL, NULL, 'IN', 'Folder Update'),
(892, 141, 912, 1, NULL, NULL, 'IN', 'Folder Update'),
(893, 141, 913, 2, NULL, NULL, 'IN', 'Folder Update'),
(894, 581, 914, 1, NULL, NULL, 'IN', 'Folder Update'),
(895, 581, 915, 2, NULL, NULL, 'IN', 'Folder Update'),
(896, 230, 916, 1, NULL, NULL, 'IN', 'Folder Update'),
(897, 228, 917, 1, NULL, NULL, 'IN', 'Folder Update'),
(898, 223, 918, 1, NULL, NULL, 'IN', 'Folder Update'),
(899, 223, 919, 5, NULL, NULL, 'IN', 'Folder Update'),
(900, 196, 920, 1, NULL, NULL, 'IN', 'Folder Update'),
(901, 196, 921, 2, NULL, NULL, 'IN', 'Folder Update'),
(902, 416, 922, 1, NULL, NULL, 'IN', 'Folder Update'),
(903, 416, 923, 2, NULL, NULL, 'IN', 'Folder Update'),
(904, 16, 924, 1, NULL, NULL, 'IN', 'Folder Update'),
(905, 40, 925, 1, NULL, NULL, 'IN', 'Folder Update'),
(906, 40, 926, 2, NULL, NULL, 'IN', 'Folder Update'),
(907, 368, 927, 1, NULL, NULL, 'IN', 'Folder Update'),
(908, 368, 928, 2, NULL, NULL, 'IN', 'Folder Update'),
(909, 367, 930, 1, NULL, NULL, 'IN', 'Folder Update'),
(910, 367, 931, 2, NULL, NULL, 'IN', 'Folder Update'),
(911, 36, 932, 1, NULL, NULL, 'IN', 'Folder Update'),
(912, 36, 933, 3, NULL, NULL, 'IN', 'Folder Update'),
(913, 22, 934, 1, NULL, NULL, 'IN', 'Folder Update'),
(914, 22, 935, 2, NULL, NULL, 'IN', 'Folder Update'),
(915, 42, 936, 1, NULL, NULL, 'IN', 'Folder Update'),
(916, 42, 937, 2, NULL, NULL, 'IN', 'Folder Update'),
(917, 33, 938, 1, NULL, NULL, 'IN', 'Folder Update'),
(918, 33, 939, 22, NULL, NULL, 'IN', 'Folder Update'),
(919, 369, 940, 1, NULL, NULL, 'IN', 'Folder Update'),
(920, 369, 941, 5, NULL, NULL, 'IN', 'Folder Update'),
(921, 31, 942, 1, NULL, NULL, 'IN', 'Folder Update'),
(922, 31, 943, 5, NULL, NULL, 'IN', 'Folder Update'),
(923, 12, 944, 1, NULL, NULL, 'IN', 'Folder Update'),
(924, 12, 945, 6, NULL, NULL, 'IN', 'Folder Update'),
(925, 20, 946, 1, NULL, NULL, 'IN', 'Folder Update'),
(926, 20, 947, 2, NULL, NULL, 'IN', 'Folder Update'),
(927, 38, 948, 1, NULL, NULL, 'IN', 'Folder Update'),
(928, 38, 949, 2, NULL, NULL, 'IN', 'Folder Update'),
(929, 14, 950, 1, NULL, NULL, 'IN', 'Folder Update'),
(930, 14, 951, 6, NULL, NULL, 'IN', 'Folder Update'),
(931, 18, 952, 1, NULL, NULL, 'IN', 'Folder Update'),
(932, 39, 953, 1, NULL, NULL, 'IN', 'Folder Update'),
(933, 39, 954, 5, NULL, NULL, 'IN', 'Folder Update'),
(935, 526, 960, 8, NULL, NULL, 'IN', 'Folder Update'),
(936, 526, 965, 11, NULL, NULL, 'IN', 'Folder Update'),
(937, 526, 969, 16, NULL, NULL, 'OUT', 'Receive Passport Stamped with BC'),
(938, 603, 970, 1, NULL, NULL, 'OUT', 'Folder Update'),
(939, 603, 971, 2, NULL, NULL, 'OUT', 'Folder Update'),
(941, 603, 973, 5, NULL, NULL, 'IN', 'Folder Update'),
(942, 603, 974, 21, NULL, NULL, 'N/A', 'Folder Update');

-- --------------------------------------------------------

--
-- Table structure for table `document_type`
--

DROP TABLE IF EXISTS `document_type`;
CREATE TABLE IF NOT EXISTS `document_type` (
  `document_type_id` int(11) NOT NULL AUTO_INCREMENT,
  `doc_type_name` varchar(20) NOT NULL,
  `is_renewable` varchar(3) NOT NULL,
  `is_active` varchar(3) NOT NULL,
  `onexpire_activity` int(11) DEFAULT NULL,
  `flag_duration_beforeexpiry` int(11) DEFAULT NULL,
  `document_type_level` int(11) DEFAULT NULL,
  PRIMARY KEY (`document_type_id`),
  KEY `FKdocument_t35105` (`onexpire_activity`)
) ENGINE=InnoDB  DEFAULT CHARSET=utf8 AUTO_INCREMENT=24 ;

--
-- Dumping data for table `document_type`
--

INSERT INTO `document_type` (`document_type_id`, `doc_type_name`, `is_renewable`, `is_active`, `onexpire_activity`, `flag_duration_beforeexpiry`, `document_type_level`) VALUES
(1, 'PASSPORT', 'Yes', 'Yes', NULL, 120, 1),
(2, 'WP', 'Yes', 'Yes', NULL, 60, 2),
(3, 'VP1', 'Yes', 'Yes', NULL, 30, 3),
(4, 'VP2', 'Yes', 'Yes', NULL, 30, 3),
(5, 'SP1', 'Yes', 'Yes', NULL, 30, 3),
(6, 'SP2', 'Yes', 'Yes', NULL, 30, 3),
(7, 'INSTRUCTION LETTER', 'No', 'Yes', NULL, NULL, NULL),
(8, 'CASH RECEIPT', 'No', 'Yes', NULL, NULL, NULL),
(9, 'PAYMENT VOUCHER', 'No', 'Yes', NULL, NULL, NULL),
(10, 'SB', 'No', 'Yes', NULL, NULL, NULL),
(11, 'ACKNOWLEDGEMENT', 'No', 'Yes', NULL, NULL, NULL),
(12, 'IM NUMBER', 'No', 'Yes', NULL, NULL, NULL),
(13, 'ASSESSMENT SHEET', 'No', 'Yes', NULL, NULL, NULL),
(14, 'BAFT', 'No', 'Yes', NULL, NULL, NULL),
(15, 'GUARANTEE LETTER', 'No', 'Yes', NULL, NULL, NULL),
(16, 'APPROVAL', 'No', 'Yes', NULL, NULL, NULL),
(17, 'BANK PAYMENT SLIP', 'No', 'Yes', NULL, NULL, NULL),
(18, 'CONTRACT', 'Yes', 'Yes', NULL, NULL, NULL),
(19, 'BC', 'Yes', 'Yes', NULL, 30, 3),
(20, 'CV', 'No', 'Yes', NULL, NULL, 9),
(21, 'ACADEMIC DOCUMENT', 'No', 'Yes', NULL, NULL, 9),
(22, 'PSP', 'Yes', 'Yes', 38, 15, NULL),
(23, 'SP3', 'Yes', 'Yes', 27, 4, NULL);

-- --------------------------------------------------------

--
-- Table structure for table `dtproperties`
--

DROP TABLE IF EXISTS `dtproperties`;
CREATE TABLE IF NOT EXISTS `dtproperties` (
  `id` int(11) NOT NULL,
  `objectid` int(11) DEFAULT NULL,
  `property` varchar(64) NOT NULL,
  `value` varchar(255) DEFAULT NULL,
  `uvalue` varchar(255) DEFAULT NULL,
  `lvalue` longblob,
  `version` int(11) NOT NULL,
  PRIMARY KEY (`id`,`property`)
) ENGINE=InnoDB DEFAULT CHARSET=utf8;

--
-- Dumping data for table `dtproperties`
--


-- --------------------------------------------------------

--
-- Table structure for table `duration_type`
--

DROP TABLE IF EXISTS `duration_type`;
CREATE TABLE IF NOT EXISTS `duration_type` (
  `duration_type_id` int(11) NOT NULL AUTO_INCREMENT,
  `duration_type_name` varchar(20) NOT NULL,
  PRIMARY KEY (`duration_type_id`),
  UNIQUE KEY `duration_type_name` (`duration_type_name`)
) ENGINE=InnoDB  DEFAULT CHARSET=utf8 AUTO_INCREMENT=4 ;

--
-- Dumping data for table `duration_type`
--

INSERT INTO `duration_type` (`duration_type_id`, `duration_type_name`) VALUES
(2, 'Day'),
(3, 'Month'),
(1, 'Week');

-- --------------------------------------------------------

--
-- Table structure for table `exit_mode`
--

DROP TABLE IF EXISTS `exit_mode`;
CREATE TABLE IF NOT EXISTS `exit_mode` (
  `exit_mode_id` int(11) NOT NULL AUTO_INCREMENT,
  `exit_mode_name` varchar(50) NOT NULL,
  `is_active` varchar(3) NOT NULL,
  PRIMARY KEY (`exit_mode_id`),
  UNIQUE KEY `exit_mode_name` (`exit_mode_name`)
) ENGINE=InnoDB  DEFAULT CHARSET=utf8 AUTO_INCREMENT=3 ;

--
-- Dumping data for table `exit_mode`
--

INSERT INTO `exit_mode` (`exit_mode_id`, `exit_mode_name`, `is_active`) VALUES
(1, 'Resignation', 'Yes'),
(2, 'Absconding', 'No');

-- --------------------------------------------------------

--
-- Table structure for table `fingerprint`
--

DROP TABLE IF EXISTS `fingerprint`;
CREATE TABLE IF NOT EXISTS `fingerprint` (
  `fingerprint_id` int(11) NOT NULL AUTO_INCREMENT,
  PRIMARY KEY (`fingerprint_id`)
) ENGINE=InnoDB DEFAULT CHARSET=utf8 AUTO_INCREMENT=1 ;

--
-- Dumping data for table `fingerprint`
--


-- --------------------------------------------------------

--
-- Table structure for table `group_detail`
--

DROP TABLE IF EXISTS `group_detail`;
CREATE TABLE IF NOT EXISTS `group_detail` (
  `group_detail_id` int(11) NOT NULL AUTO_INCREMENT,
  `group_name` varchar(20) NOT NULL,
  `is_active` varchar(3) NOT NULL,
  PRIMARY KEY (`group_detail_id`)
) ENGINE=InnoDB  DEFAULT CHARSET=utf8 AUTO_INCREMENT=2 ;

--
-- Dumping data for table `group_detail`
--

INSERT INTO `group_detail` (`group_detail_id`, `group_name`, `is_active`) VALUES
(1, 'Admin', 'No');

-- --------------------------------------------------------

--
-- Table structure for table `group_right`
--

DROP TABLE IF EXISTS `group_right`;
CREATE TABLE IF NOT EXISTS `group_right` (
  `group_right_id` int(11) NOT NULL AUTO_INCREMENT,
  `group_detail_id` int(11) NOT NULL,
  `function_name` varchar(20) NOT NULL,
  `allow_view` varchar(3) NOT NULL,
  `allow_add` varchar(3) NOT NULL,
  `allow_edit` varchar(3) NOT NULL,
  `allow_delete` varchar(3) NOT NULL,
  `add_date` datetime NOT NULL,
  `add_user` int(11) NOT NULL,
  `edit_date` datetime DEFAULT NULL,
  `edit_user` int(11) DEFAULT NULL,
  PRIMARY KEY (`group_right_id`),
  UNIQUE KEY `group_detail_id_function_name` (`group_detail_id`,`function_name`),
  KEY `group_groupright` (`group_detail_id`),
  KEY `user_groupright_add` (`add_user`),
  KEY `user_groupright_edit` (`edit_user`)
) ENGINE=InnoDB DEFAULT CHARSET=utf8 AUTO_INCREMENT=1 ;

--
-- Dumping data for table `group_right`
--


-- --------------------------------------------------------

--
-- Table structure for table `group_user`
--

DROP TABLE IF EXISTS `group_user`;
CREATE TABLE IF NOT EXISTS `group_user` (
  `group_user_id` int(11) NOT NULL AUTO_INCREMENT,
  `group_detail_id` int(11) NOT NULL,
  `user_detail_id` int(11) NOT NULL,
  PRIMARY KEY (`group_user_id`),
  UNIQUE KEY `group_detail_id_user_detail_id` (`group_detail_id`,`user_detail_id`),
  KEY `user_groupuser` (`user_detail_id`),
  KEY `group_groupuser` (`group_detail_id`)
) ENGINE=InnoDB DEFAULT CHARSET=utf8 AUTO_INCREMENT=1 ;

--
-- Dumping data for table `group_user`
--


-- --------------------------------------------------------

--
-- Table structure for table `leave_transaction`
--

DROP TABLE IF EXISTS `leave_transaction`;
CREATE TABLE IF NOT EXISTS `leave_transaction` (
  `leave_transaction_id` int(11) NOT NULL AUTO_INCREMENT,
  `staff_id` int(11) NOT NULL,
  `days_taken` int(11) NOT NULL,
  `start_date` date NOT NULL,
  `end_date` date DEFAULT NULL,
  `leave_year` int(11) DEFAULT NULL,
  `leave_quarter` varchar(3) DEFAULT NULL,
  `ticket_issue_by` varchar(10) DEFAULT NULL,
  `paid_leave` varchar(3) DEFAULT NULL,
  `approved_by` int(11) NOT NULL,
  `comment` varchar(255) DEFAULT NULL,
  `leave_type_id` int(11) NOT NULL,
  `add_date` datetime NOT NULL,
  `add_user` int(11) NOT NULL,
  `edit_date` datetime DEFAULT NULL,
  `edit_user` int(11) DEFAULT NULL,
  PRIMARY KEY (`leave_transaction_id`),
  KEY `leavetype_leavetrans` (`leave_type_id`),
  KEY `staff_leavetrans_staff` (`staff_id`),
  KEY `user_leave_edit` (`edit_user`),
  KEY `user_leave_add` (`add_user`),
  KEY `staff_leavetrans_approve` (`approved_by`)
) ENGINE=InnoDB DEFAULT CHARSET=utf8 AUTO_INCREMENT=1 ;

--
-- Dumping data for table `leave_transaction`
--


-- --------------------------------------------------------

--
-- Table structure for table `leave_type`
--

DROP TABLE IF EXISTS `leave_type`;
CREATE TABLE IF NOT EXISTS `leave_type` (
  `leave_type_id` int(11) NOT NULL AUTO_INCREMENT,
  `leave_type_name` varchar(20) NOT NULL,
  PRIMARY KEY (`leave_type_id`)
) ENGINE=InnoDB  DEFAULT CHARSET=utf8 AUTO_INCREMENT=7 ;

--
-- Dumping data for table `leave_type`
--

INSERT INTO `leave_type` (`leave_type_id`, `leave_type_name`) VALUES
(1, 'Mertanity'),
(2, 'Parternal'),
(3, 'Sick'),
(4, 'Compensionate'),
(5, 'Emmergency'),
(6, 'Annual');

-- --------------------------------------------------------

--
-- Table structure for table `nationality`
--

DROP TABLE IF EXISTS `nationality`;
CREATE TABLE IF NOT EXISTS `nationality` (
  `nationality_id` int(11) NOT NULL AUTO_INCREMENT,
  `nationality_name` varchar(100) NOT NULL,
  `is_active` varchar(3) NOT NULL,
  PRIMARY KEY (`nationality_id`),
  UNIQUE KEY `nationality_name` (`nationality_name`)
) ENGINE=InnoDB  DEFAULT CHARSET=utf8 AUTO_INCREMENT=4 ;

--
-- Dumping data for table `nationality`
--

INSERT INTO `nationality` (`nationality_id`, `nationality_name`, `is_active`) VALUES
(1, 'Uganda', 'No'),
(2, 'India', 'No'),
(3, 'Kenya', 'Yes');

-- --------------------------------------------------------

--
-- Table structure for table `outcome`
--

DROP TABLE IF EXISTS `outcome`;
CREATE TABLE IF NOT EXISTS `outcome` (
  `outcome_id` int(11) NOT NULL AUTO_INCREMENT,
  `outcome_name` varchar(20) NOT NULL,
  PRIMARY KEY (`outcome_id`),
  UNIQUE KEY `outcome_name` (`outcome_name`)
) ENGINE=InnoDB  DEFAULT CHARSET=utf8 AUTO_INCREMENT=3 ;

--
-- Dumping data for table `outcome`
--

INSERT INTO `outcome` (`outcome_id`, `outcome_name`) VALUES
(2, 'Failure'),
(1, 'Success');

-- --------------------------------------------------------

--
-- Table structure for table `staff`
--

DROP TABLE IF EXISTS `staff`;
CREATE TABLE IF NOT EXISTS `staff` (
  `staff_id` int(11) NOT NULL AUTO_INCREMENT,
  `staff_type_id` int(11) DEFAULT NULL,
  `company_id` int(11) NOT NULL,
  `leave_days` int(11) DEFAULT NULL,
  `pp_type` varchar(50) DEFAULT NULL,
  `pp_passport_no` varchar(50) NOT NULL,
  `pp_surname` varchar(200) NOT NULL,
  `pp_given_names` varchar(200) NOT NULL,
  `pp_date_of_birth` date NOT NULL,
  `pp_profession` varchar(200) DEFAULT NULL,
  `pp_sex` varchar(20) NOT NULL,
  `pp_place_of_birth` varchar(200) DEFAULT NULL,
  `pp_date_of_issue` date DEFAULT NULL,
  `pp_date_of_expiry` date DEFAULT NULL,
  `join_date` date DEFAULT NULL,
  `recruit_agent_id` int(11) DEFAULT NULL,
  `air_ticket_type_id` int(11) DEFAULT NULL,
  `add_date` datetime NOT NULL,
  `add_user` int(11) NOT NULL,
  `edit_date` datetime DEFAULT NULL,
  `edit_user` int(11) DEFAULT NULL,
  `is_active` varchar(3) NOT NULL,
  `exit_date` date DEFAULT NULL,
  `exit_mode_id` int(11) DEFAULT NULL,
  `accom_type_id` int(11) DEFAULT NULL,
  `email` varchar(100) DEFAULT NULL,
  `staff_post_id` int(11) DEFAULT NULL,
  `pp_nationality` varchar(200) DEFAULT NULL,
  `pp_issuedby` varchar(100) NOT NULL,
  `cabinet_no` int(11) DEFAULT NULL,
  `cabinet_section` varchar(1) DEFAULT NULL,
  PRIMARY KEY (`staff_id`),
  UNIQUE KEY `pp_passport_no` (`pp_passport_no`),
  KEY `company_staff` (`company_id`),
  KEY `user_staff_add` (`add_user`),
  KEY `user_staff_edit` (`edit_user`),
  KEY `airticket_staff` (`air_ticket_type_id`),
  KEY `agent_staff` (`recruit_agent_id`),
  KEY `stafftype_staff` (`staff_type_id`),
  KEY `exitmode_staff` (`exit_mode_id`),
  KEY `accomtype_staff` (`accom_type_id`),
  KEY `FKstaff974081` (`staff_post_id`)
) ENGINE=InnoDB  DEFAULT CHARSET=utf8 AUTO_INCREMENT=604 ;

--
-- Dumping data for table `staff`
--

INSERT INTO `staff` (`staff_id`, `staff_type_id`, `company_id`, `leave_days`, `pp_type`, `pp_passport_no`, `pp_surname`, `pp_given_names`, `pp_date_of_birth`, `pp_profession`, `pp_sex`, `pp_place_of_birth`, `pp_date_of_issue`, `pp_date_of_expiry`, `join_date`, `recruit_agent_id`, `air_ticket_type_id`, `add_date`, `add_user`, `edit_date`, `edit_user`, `is_active`, `exit_date`, `exit_mode_id`, `accom_type_id`, `email`, `staff_post_id`, `pp_nationality`, `pp_issuedby`, `cabinet_no`, `cabinet_section`) VALUES
(8, 1, 1, 20, 'Ordinally', '288282', 'AJUNA', 'NEWTON BRIAN', '2015-01-18', 'Test', 'Male', 'Uganda', '2015-01-20', '2015-01-18', '2015-01-18', NULL, 1, '2015-01-19 17:30:40', 2, '2015-05-19 18:33:01', 2, 'Yes', NULL, NULL, 4, 'newtonajuna@wingersoft.co.ug', 2, 'UGA', 'UGA', NULL, NULL),
(9, 1, 3, 0, NULL, 'L1116090', 'PATEL', 'GOVINDBHAI SAMIRKUMAR', '1993-07-07', NULL, 'Male', NULL, NULL, '2023-04-25', '2015-01-27', NULL, NULL, '2015-05-14 16:45:21', 2, '2015-11-24 12:09:06', 7, 'Yes', NULL, NULL, 3, 'info@meerainvestments.com', 3, 'IND', 'IND', NULL, NULL),
(10, NULL, 3, 0, NULL, 'G1361251', 'PRAJAPATI', 'MANISH', '1987-11-15', NULL, 'Male', NULL, NULL, '2017-01-16', '2014-12-29', NULL, NULL, '2015-05-14 17:02:25', 2, '2015-05-15 15:10:19', 3, 'Yes', NULL, NULL, 2, 'manish.prajapati@hotmail.co.uk', 1, 'IND', 'IND', NULL, NULL),
(11, 1, 3, 0, NULL, 'J3647184', 'PATEL', 'MEHULKUMAR RAJESHBHAI ', '1991-10-06', NULL, 'Male', NULL, NULL, '2020-09-14', '2010-10-06', NULL, NULL, '2015-05-14 17:07:51', 3, '2015-11-24 17:08:46', 7, 'Yes', NULL, NULL, 2, '', 3, 'IND', 'IND', 8, 'D'),
(12, 2, 1, 0, NULL, 'L8075495', 'SINGH', 'RAY', '1980-10-20', NULL, 'Male', NULL, NULL, '2015-03-17', '2008-01-28', NULL, 2, '2015-05-15 15:00:45', 3, '2015-11-25 15:35:26', 7, 'Yes', NULL, NULL, 3, 'accounts@kabiracountryclub.com', 17, 'IND', 'IND', NULL, NULL),
(13, NULL, 1, 0, NULL, 'F4242467', 'SHARMA', 'YOGESH', '1969-02-10', NULL, 'Male', NULL, NULL, '2015-07-28', '2014-07-16', NULL, NULL, '2015-05-15 15:04:21', 3, '2015-05-15 15:23:47', 3, 'Yes', NULL, NULL, 3, 'accounts@kabiracountryclub.com', 29, 'IND', 'IND', NULL, NULL),
(14, 2, 1, 0, NULL, 'Z2656905', 'NAGOOR KANI', 'MYDEEN YAZAR ARAFATH', '1988-05-29', NULL, 'Male', NULL, NULL, '2023-12-17', '2008-11-14', NULL, NULL, '2015-05-15 15:09:14', 3, '2015-11-25 15:49:33', 7, 'Yes', NULL, NULL, 3, 'accounts@kabiracountryclub.com', 12, 'IND', 'IND', NULL, NULL),
(15, NULL, 1, 0, NULL, 'H4015497', 'PATEL', 'SUDHABEN', '1965-02-01', NULL, 'Female', NULL, NULL, '2019-02-19', NULL, NULL, NULL, '2015-05-15 15:17:04', 3, NULL, NULL, 'Yes', NULL, NULL, 3, 'accounts@kabiracountryclub.com', 30, 'IND', 'IND', NULL, NULL),
(16, 1, 1, 0, NULL, 'G8501951', 'PATEL', 'DAXESHKUMAR JAYANTIBHAI', '1976-11-16', NULL, 'Male', NULL, NULL, '2018-04-29', '2005-09-01', NULL, NULL, '2015-05-15 15:23:32', 3, '2015-11-25 14:56:03', 7, 'Yes', NULL, NULL, 3, 'accounts@kabiracountryclub.com', 1, 'IND', 'IND', NULL, NULL),
(17, 2, 1, 0, NULL, 'Z2016425', 'SACHDEVA', ' AMIT', '1975-06-26', NULL, 'Male', NULL, NULL, '2019-09-08', '2001-11-09', NULL, 2, '2015-05-15 15:31:11', 3, '2015-11-04 11:39:56', 7, 'Yes', NULL, NULL, 2, 'amit@kabiracountryclub.com', 1, 'IND', 'IND', NULL, NULL),
(18, 1, 1, 0, NULL, 'M0002146', 'NAYEE', 'TULSIBHAI CHANDRAKANT', '1981-01-22', NULL, 'Male', NULL, NULL, '2024-07-02', '2011-07-01', NULL, NULL, '2015-05-15 15:35:11', 3, '2015-11-25 15:52:09', 7, 'Yes', NULL, NULL, 3, 'accounts@kabiracountryclub.com', 31, 'IND', 'IND', NULL, NULL),
(19, 2, 1, 0, NULL, 'F5044793', 'MISHRA ', 'AKASH', '1977-12-16', NULL, 'Male', NULL, NULL, '2015-10-02', '2013-06-26', NULL, NULL, '2015-05-15 15:41:47', 3, '2015-05-15 15:58:15', 3, 'Yes', NULL, NULL, 3, 'accounts@kabriacountryclub.com', 5, 'IND', 'IND', NULL, NULL),
(20, 2, 1, 0, NULL, 'F5909169', 'ACHARYA', ' GURURAJA', '1975-02-06', NULL, 'Male', NULL, NULL, '2016-01-24', '2013-07-10', NULL, NULL, '2015-05-15 15:54:10', 3, '2015-11-25 15:41:52', 7, 'Yes', NULL, NULL, 3, 'accounts@kabiracounrtyclub.com', 4, 'IND', 'IND', NULL, NULL),
(21, 1, 1, 0, NULL, 'H7329212', 'BARAI', 'KASHMIRA VIREN ', '1980-11-23', NULL, 'Female', NULL, NULL, '2019-09-14', '2013-10-05', NULL, NULL, '2015-05-15 15:58:01', 3, NULL, NULL, 'Yes', NULL, NULL, 3, 'accounts@kabiracountryclub.com', 29, 'IND', 'IND', NULL, NULL),
(22, 2, 1, 0, NULL, 'M2084089', 'RAWAT', 'JASBIRSINGH DALIPSINGH ', '1969-04-17', NULL, 'Male', NULL, NULL, '2024-09-09', '2013-03-06', NULL, NULL, '2015-05-15 16:13:08', 3, '2015-11-25 15:14:36', 7, 'Yes', NULL, NULL, 3, 'accounts@kabiracountryclub.com', 17, 'IND', 'IND', NULL, NULL),
(23, 2, 1, 0, NULL, '08720699', 'SINGH', 'RAJESHKUMAR ', '1972-07-11', NULL, 'Male', NULL, NULL, '2025-04-14', '2013-03-01', NULL, NULL, '2015-05-15 16:17:36', 3, NULL, NULL, 'Yes', NULL, NULL, 3, 'accounts@kabiracountryclub.com', 32, 'NPL', 'NPL', NULL, NULL),
(24, 1, 1, 0, NULL, 'J1525465', 'PATEL', 'SAMIRBHAI VITTHALBHAI ', '1982-03-14', NULL, 'Male', NULL, NULL, '2020-04-15', '2005-09-01', NULL, NULL, '2015-05-15 16:25:10', 3, NULL, NULL, 'Yes', NULL, NULL, 3, 'accounts@kabiracountryclub.com', 33, 'IND', 'IND', NULL, NULL),
(25, 2, 1, 0, NULL, 'J5089091', 'BUKKAY', 'JOHN NAIK ', '1986-02-27', NULL, 'Male', NULL, NULL, '2021-05-23', '2014-06-29', NULL, NULL, '2015-05-15 16:28:44', 3, NULL, NULL, 'Yes', NULL, NULL, 3, 'accounts@kabiracountryclub.com', 5, 'IND', 'IND', NULL, NULL),
(26, 2, 1, 0, NULL, '82101829', 'JOSHI', 'PURSHOTTAM DATT GAINANAND ', '1973-03-05', NULL, 'Male', NULL, NULL, '2018-11-20', '2014-07-19', NULL, NULL, '2015-05-15 16:35:51', 3, NULL, NULL, 'Yes', NULL, NULL, 3, 'accounts@kabiracountryclub.com', 34, 'IND', 'IND', NULL, NULL),
(27, 2, 1, 0, NULL, 'L1372899', 'MISQUITH ', 'ASHOK SANTHOSH', '1972-03-16', NULL, 'Male', NULL, NULL, '2023-05-28', '2013-07-26', NULL, NULL, '2015-05-15 16:41:37', 3, NULL, NULL, 'Yes', NULL, NULL, 3, 'accounts@kabiracountry.com', 35, 'IND', 'IND', NULL, NULL),
(28, 2, 1, 0, NULL, 'H7871367', 'BISWAS', 'GABRIEL NILADRI', '1987-11-28', NULL, 'Male', NULL, NULL, '2019-09-14', '2013-08-24', NULL, NULL, '2015-05-15 16:45:32', 3, NULL, NULL, 'Yes', NULL, NULL, 3, 'accounts@kabiracountryclub.com', 36, 'IND', 'IND', NULL, NULL),
(29, 2, 1, 0, NULL, 'AA3177452', 'BHATTI', 'ALI MUHAMMAD', '1971-01-01', NULL, 'Male', NULL, NULL, '2020-04-01', '2008-06-01', NULL, NULL, '2015-05-15 16:48:31', 3, NULL, NULL, 'Yes', NULL, NULL, 2, 'accounts@kabiracountryclub.com', 4, 'PAK', 'PAK', NULL, NULL),
(30, 2, 1, 0, NULL, 'A079161', 'BHATHAL', 'AMANINDER PAL KAUR ', '1972-04-09', NULL, 'Female', NULL, NULL, '2018-10-13', '2001-01-01', NULL, NULL, '2015-05-15 16:54:16', 3, NULL, NULL, 'Yes', NULL, NULL, 3, 'accounts@kabiracountryclub.com', 37, 'KEN', 'KEN', NULL, NULL),
(31, 2, 1, 0, NULL, 'M2043069', 'NEUPANE', 'GURU PRASAD ', '1976-01-10', NULL, 'Male', NULL, NULL, '2024-09-07', '2012-03-27', NULL, NULL, '2015-05-15 16:56:09', 3, '2015-11-25 15:33:04', 7, 'Yes', NULL, NULL, 3, 'accounts@kabiracountryclub.com', 17, 'IND', 'IND', NULL, NULL),
(32, 2, 1, 0, NULL, 'L2322840', 'SELVA RAJ', 'BENNET LAL ', '1991-07-20', NULL, 'Male', NULL, NULL, '2023-06-13', '2015-02-04', NULL, NULL, '2015-05-15 16:58:40', 3, NULL, NULL, 'Yes', NULL, NULL, 3, 'accounts@kabiracountryclub.com', 12, 'IND', 'IND', NULL, NULL),
(33, 1, 1, 0, NULL, 'L4256513', 'PATEL', 'SURAVKUMAR JAGDISHBHAI', '1994-02-12', NULL, 'Male', NULL, NULL, '2023-08-11', '2014-03-25', NULL, NULL, '2015-05-15 17:01:07', 3, '2015-11-25 15:26:10', 7, 'Yes', NULL, NULL, 3, 'accounts@kabiracountryclub.com', 29, 'IND', 'IND', NULL, NULL),
(34, 2, 1, 0, NULL, '05889232', 'RAULA', ' ALISHA', '1991-01-01', NULL, 'Female', NULL, NULL, '2022-04-01', '2013-07-09', NULL, NULL, '2015-05-15 17:06:44', 3, '2015-10-16 10:58:58', 2, 'No', '2015-08-31', 1, 3, 'accounts@kabiracountryclub.com', 5, 'NPL', 'NPL', NULL, NULL),
(35, 2, 1, 0, NULL, 'K9388939', 'DATTANI', 'JAY BHARAT ', '1994-01-13', NULL, 'Male', NULL, NULL, '2023-02-17', '2014-02-18', NULL, NULL, '2015-05-15 17:10:56', 3, '2015-11-04 14:23:37', 7, 'Yes', NULL, NULL, 3, 'accounts@kabiracountyclub.com', 31, 'IND', 'IND', NULL, NULL),
(36, 2, 1, 0, NULL, 'K2855202', 'PATEL', 'KEVINKUMAR JAYANTIBHAI ', '1984-04-18', NULL, 'Male', NULL, NULL, '2021-12-28', '2009-07-07', NULL, NULL, '2015-05-15 17:12:43', 3, '2015-11-25 15:12:04', 7, 'Yes', NULL, NULL, 2, 'kevin18484@gmail.com', 29, 'IND', 'IND', NULL, NULL),
(37, 2, 1, 0, NULL, 'H9496651', 'PATEL', 'ANKIT JITENDRABHAI ', '1989-07-25', NULL, 'Male', NULL, NULL, '2020-02-08', '2012-05-24', NULL, NULL, '2015-05-15 17:20:39', 3, NULL, NULL, 'Yes', NULL, NULL, 3, 'accounts@kabiracountryclub.com', 9, 'IND', 'IND', NULL, NULL),
(38, 1, 1, 0, NULL, 'L5225223', 'PATEL', 'KEYURKUMAR CHANDRAKANT', '1985-05-22', NULL, 'Male', NULL, NULL, '2023-10-23', '2008-09-12', NULL, NULL, '2015-05-15 17:24:46', 3, '2015-11-25 15:43:49', 7, 'Yes', NULL, NULL, 3, 'accounts@kabiracountryclub.com', 30, 'IND', 'IND', NULL, NULL),
(39, 1, 1, 0, NULL, 'M3580854', 'PRADEEP', 'PRADEEP SINGH ', '1983-08-05', NULL, 'Male', NULL, NULL, '2024-11-18', '2011-06-23', NULL, NULL, '2015-05-15 17:28:22', 3, '2015-11-25 15:58:50', 7, 'Yes', NULL, NULL, 3, 'accounts@kabiracountryclub.com', 17, 'IND', 'IND', 1, 'A'),
(40, 2, 1, 0, NULL, '07630790', 'THAPA', 'BIR BAHADUR ', '1974-11-30', NULL, 'Male', NULL, NULL, '2024-07-15', '2014-08-16', NULL, NULL, '2015-05-15 17:35:30', 3, '2015-11-25 14:58:47', 7, 'Yes', NULL, NULL, 2, 'accounts@kabiracountryclub.com', 17, 'NPL', 'NPL', NULL, NULL),
(41, 2, 1, 0, NULL, 'G1125815', 'SINGH', 'ANSHUMAN', '1985-10-18', NULL, 'Male', NULL, NULL, '2017-02-20', '2014-09-02', NULL, NULL, '2015-05-15 17:41:11', 3, '2015-05-16 11:56:41', 3, 'Yes', NULL, NULL, 3, 'accounts@kabiracountryclub.com', 5, 'IND', 'IND', NULL, NULL),
(42, 2, 1, 0, NULL, 'K9660508', 'MOHAMED MUSTHAFA', 'JAHEER HUSSAIN ', '1967-01-15', NULL, 'Male', NULL, NULL, '2022-12-04', '2000-01-11', NULL, NULL, '2015-05-15 18:19:45', 3, '2015-11-25 15:20:18', 7, 'Yes', NULL, NULL, 2, 'accounnts@kabiracountryclub.com', 12, 'IND', 'IND', NULL, NULL),
(43, 2, 9, 0, NULL, 'G0029755', 'VIRENDRA', 'VIRENDRA SINGH', '1984-03-10', NULL, 'Male', NULL, NULL, '2017-01-21', '2013-03-06', NULL, NULL, '2015-05-18 16:52:39', 3, NULL, NULL, 'Yes', NULL, NULL, 3, '', 19, 'IND', 'IND', NULL, NULL),
(44, 1, 9, 0, NULL, 'L7306532', 'JASVIR', 'JASVIR SINGH ', '1987-02-19', NULL, 'Male', NULL, NULL, '2024-02-20', '2014-06-14', NULL, NULL, '2015-05-18 16:55:09', 3, '2015-05-18 16:57:58', 3, 'Yes', NULL, NULL, 3, '', 12, 'IND', 'IND', NULL, NULL),
(45, 1, 9, 0, NULL, 'H7323500', 'PATEL', 'DHAVALKUMAR BHUPENDRABHAI', '1989-10-06', NULL, 'Male', NULL, NULL, '2019-09-07', '2014-05-06', NULL, NULL, '2015-05-18 16:57:43', 3, NULL, NULL, 'Yes', NULL, NULL, 3, '', 16, 'IND', 'IND', NULL, NULL),
(46, 1, 9, 0, NULL, 'H8677954', 'PATEL', 'ANIKET HARIHARBHAI ', '1989-09-19', NULL, 'Male', NULL, NULL, '2019-11-23', '2011-09-02', NULL, NULL, '2015-05-18 17:00:08', 3, NULL, NULL, 'Yes', NULL, NULL, 3, '', 38, 'IND', 'IND', NULL, NULL),
(47, 1, 9, 0, NULL, 'L3326198', 'RANA', 'KISHAN KANUBHAI', '1991-10-17', NULL, 'Male', NULL, NULL, '2023-05-08', '2014-01-01', NULL, NULL, '2015-05-18 17:03:55', 3, '2015-05-19 18:00:00', 3, 'Yes', NULL, NULL, 3, '', 38, 'IND', 'IND', NULL, NULL),
(48, 1, 9, 0, NULL, 'J8810985', 'THIRUMALAIAPPAN', 'MURUGESH', '1984-07-28', NULL, 'Male', NULL, NULL, '2021-09-26', '2012-04-20', NULL, NULL, '2015-05-18 17:06:11', 3, '2015-05-18 17:06:35', 3, 'Yes', NULL, NULL, 3, '', 12, 'IND', 'IND', NULL, NULL),
(49, 1, 9, 0, NULL, 'G1482854', 'SUDALIYANDI', 'MURUGAN', '1981-03-29', NULL, 'Male', NULL, NULL, '2017-01-15', '2013-09-20', NULL, NULL, '2015-05-18 17:08:45', 3, NULL, NULL, 'Yes', NULL, NULL, 3, '', 12, 'IND', 'IND', NULL, NULL),
(50, 1, 9, 0, NULL, 'K8480256', 'SINGH', 'NAVTEJ', '1985-12-14', NULL, 'Male', NULL, NULL, '2022-09-04', '2013-01-17', NULL, NULL, '2015-05-18 17:12:11', 3, '2015-11-05 10:06:37', 7, 'Yes', NULL, NULL, 3, '', 38, 'IND', 'IND', 3, 'C'),
(51, 1, 9, 0, NULL, 'F9575732', 'PATEL', 'NARENDRAKUMAR CHUNIBHAI ', '1965-08-05', NULL, 'Male', NULL, NULL, '2016-09-05', '2010-04-09', NULL, NULL, '2015-05-18 17:15:08', 3, '2015-11-05 10:08:01', 7, 'Yes', NULL, NULL, 3, '', 16, 'IND', 'IND', 3, 'C'),
(52, 1, 9, 0, NULL, 'G9331520', 'THANKI', 'DIPA KISHORBHAI ', '1987-12-28', NULL, 'Female', NULL, NULL, '2018-06-26', '2014-08-16', NULL, NULL, '2015-05-18 17:18:49', 3, NULL, NULL, 'Yes', NULL, NULL, 2, '', 12, 'IND', 'IND', NULL, NULL),
(53, 2, 9, 0, NULL, 'G8360545', 'RAWAT', 'SRICHAND SINGH ', '1968-01-01', NULL, 'Male', NULL, NULL, '2018-04-23', '2008-12-25', NULL, NULL, '2015-05-18 17:22:25', 3, NULL, NULL, 'Yes', NULL, NULL, 3, '', 17, 'IND', 'IND', NULL, NULL),
(54, 2, 9, 0, NULL, 'L4053025', 'MONDAL', 'JAKIR HOSSAIN MD', '1982-11-14', NULL, 'Male', NULL, NULL, '2023-08-11', '2014-03-07', NULL, NULL, '2015-05-18 17:26:29', 3, NULL, NULL, 'Yes', NULL, NULL, 2, '', 39, 'IND', 'INO', NULL, NULL),
(55, 2, 9, 0, NULL, 'H1652184', 'ABDUL SALAM', 'SHEIK MYTHEEN ', '1972-07-25', NULL, 'Male', NULL, NULL, '2018-11-05', '2013-05-03', NULL, NULL, '2015-05-18 17:30:40', 3, '2015-05-18 17:30:53', 3, 'Yes', NULL, NULL, 3, '', 12, 'IND', 'IND', NULL, NULL),
(56, 2, 9, 0, NULL, 'F9323077', 'ROHIT', 'ROHIT KUMAR ', '1986-08-03', NULL, 'Male', NULL, NULL, '2016-08-17', '2012-04-30', NULL, NULL, '2015-05-18 17:46:36', 3, NULL, NULL, 'Yes', NULL, NULL, 2, '', 40, 'IND', 'IN_', NULL, NULL),
(57, 2, 9, 0, NULL, 'L9457481', 'SINGH', 'AJIT', '1980-01-22', NULL, 'Male', NULL, NULL, '2024-05-15', '2010-05-29', NULL, NULL, '2015-05-18 17:52:35', 3, '2015-05-19 17:53:38', 3, 'Yes', NULL, NULL, 2, '', 5, 'IND', 'IND', NULL, NULL),
(58, 2, 9, 0, NULL, 'L3325124', 'SHAHULHAMEED', 'JAINULABDEEN', '1963-08-05', NULL, 'Male', NULL, NULL, '2023-05-05', '2009-06-01', NULL, NULL, '2015-05-20 04:39:54', 3, NULL, NULL, 'Yes', NULL, NULL, 3, '', 38, 'IND', 'IND', NULL, NULL),
(59, 1, 9, 0, NULL, 'M3657653', 'DHARAM', 'PAL SINGH DHARAM', '1985-01-13', NULL, 'Male', NULL, NULL, '2024-11-20', '2009-06-20', NULL, NULL, '2015-05-20 04:49:01', 3, '2015-11-12 11:21:50', 7, 'Yes', NULL, NULL, 3, '', 16, 'IND', 'IND', NULL, NULL),
(60, 2, 9, 0, NULL, '07625882', 'KHATRI', 'THIR BAHADUR ', '1981-01-19', NULL, 'Male', NULL, NULL, '2024-07-14', '2006-03-31', NULL, NULL, '2015-05-20 04:55:32', 3, NULL, NULL, 'Yes', NULL, NULL, 2, '', 17, 'NPL', 'NPL', NULL, NULL),
(61, 2, 9, 0, NULL, 'J9485073', 'SINGH', 'RAMESH', '1980-07-01', NULL, 'Male', NULL, NULL, '2022-01-18', '2013-08-24', NULL, NULL, '2015-05-20 05:05:50', 3, NULL, NULL, 'Yes', NULL, NULL, 3, '', 41, 'IND', 'IND', NULL, NULL),
(62, 2, 9, 0, NULL, 'M5309840', 'PATEL', 'HITESHKUMAR NAVINBHAI ', '1967-05-13', NULL, 'Male', NULL, NULL, '2025-02-17', '2012-03-19', NULL, NULL, '2015-05-20 05:09:15', 3, NULL, NULL, 'Yes', NULL, NULL, 3, '', 42, 'IND', 'IND', NULL, NULL),
(63, 1, 9, 0, NULL, 'J6581639', 'SINGH ', 'HARINDER', '1985-07-28', NULL, 'Male', NULL, NULL, '2021-03-17', '2012-09-06', NULL, NULL, '2015-05-20 05:12:12', 3, NULL, NULL, 'Yes', NULL, NULL, 3, '', 16, 'IND', 'IND', NULL, NULL),
(64, 1, 9, 0, NULL, 'L2901685', 'KUNJALI MARRAKKAYAR', 'RIYAS', '1991-06-11', NULL, 'Male', NULL, NULL, '2023-07-25', '2014-09-09', NULL, NULL, '2015-05-20 05:14:36', 3, NULL, NULL, 'Yes', NULL, NULL, 3, '', 12, 'IND', 'IND', NULL, NULL),
(65, 2, 9, 0, NULL, 'G6267878', 'VIJAY', 'VIJAY KUMAR', '1986-07-24', NULL, 'Male', NULL, NULL, '2017-12-06', '2015-01-29', NULL, NULL, '2015-05-20 05:17:13', 3, NULL, NULL, 'Yes', NULL, NULL, 3, '', 38, 'IND', 'IND', NULL, NULL),
(66, 2, 9, 0, NULL, 'G2276434', 'MOHAMED', 'SHAJAHAN', '1962-09-19', NULL, 'Male', NULL, NULL, '2017-04-04', '2007-08-27', NULL, NULL, '2015-05-20 05:19:56', 3, NULL, NULL, 'Yes', NULL, NULL, 3, '', 9, 'IND', 'IND', NULL, NULL),
(67, 2, 10, 0, NULL, '07540125', 'THAPA', ' PASHUPATI', '1971-08-31', NULL, 'Male', NULL, NULL, '2024-06-22', '2010-09-28', NULL, NULL, '2015-05-20 15:26:32', 3, NULL, NULL, 'Yes', NULL, NULL, 3, '', 16, 'NPL', 'NPL', NULL, NULL),
(68, 2, 9, 0, NULL, 'L2309454', 'CHELLAM', 'DAYANANTHAN', '1965-07-26', NULL, 'Male', NULL, NULL, '2023-05-19', '2013-08-04', NULL, NULL, '2015-05-20 15:39:09', 3, NULL, NULL, 'Yes', NULL, NULL, 3, '', 38, 'IND', 'IND', NULL, NULL),
(69, 2, 10, 0, NULL, '07641127', 'SEN THAKURI', 'YAJENDRA PRATAP ', '1973-03-23', NULL, 'Male', NULL, NULL, '2024-07-16', '2010-12-07', NULL, NULL, '2015-05-20 15:43:15', 3, '2015-11-12 09:52:58', 7, 'Yes', NULL, NULL, 3, '', 43, 'NPL', 'NPL', NULL, NULL),
(70, 2, 9, 0, NULL, '07525973', 'GIRI', 'RAMESH', '1981-10-05', NULL, 'Male', NULL, NULL, '2024-06-22', '2006-04-19', NULL, NULL, '2015-05-20 16:10:32', 3, NULL, NULL, 'Yes', NULL, NULL, 3, '', 17, 'NPL', 'NPL', NULL, NULL),
(71, 2, 9, 0, NULL, '08247543', 'SHRESTHA', 'PREM BAHADUR', '1984-08-24', NULL, 'Male', NULL, NULL, '2024-12-16', '2009-12-10', NULL, NULL, '2015-05-20 16:14:20', 3, NULL, NULL, 'Yes', NULL, NULL, 3, '', 38, 'NPL', 'NPL', NULL, NULL),
(72, 1, 9, 0, NULL, 'J2961264', 'SHARMA', 'RITESHKUMAR RAMESHBHAI ', '1987-11-29', NULL, 'Male', NULL, NULL, '2020-08-08', '2010-10-19', NULL, NULL, '2015-05-20 16:17:22', 3, NULL, NULL, 'Yes', NULL, NULL, 3, '', 16, 'IND', 'IND', NULL, NULL),
(73, 2, 10, 0, NULL, '05563227', 'NEPAL REGMI', 'SARITA', '1986-04-23', NULL, 'Female', NULL, NULL, '2021-05-29', '2012-05-18', NULL, NULL, '2015-05-20 16:23:24', 3, NULL, NULL, 'Yes', NULL, NULL, 2, '', 32, 'NPL', 'NPL', NULL, NULL),
(74, 2, 10, 0, NULL, 'M5700437', 'MONDAL', 'JAHANGIR HOSSAIN MD', '1984-09-01', NULL, 'Male', NULL, NULL, '2025-03-31', '2014-04-28', NULL, NULL, '2015-05-20 16:26:56', 3, NULL, NULL, 'Yes', NULL, NULL, 3, '', 44, 'IND', 'IND', NULL, NULL),
(75, 2, 9, 0, NULL, 'L1851908', 'MADAAN', 'AMAN', '1992-05-31', NULL, 'Male', NULL, NULL, '2023-08-04', '2015-04-18', NULL, 1, '2015-05-20 16:34:56', 3, '2015-11-05 15:17:47', 7, 'Yes', NULL, NULL, 3, '', 45, 'IND', 'IND', 1, 'A'),
(76, 2, 9, 0, NULL, 'K2173316', 'DHARAM', 'DHARAM BIR ', '1973-11-08', NULL, 'Male', NULL, NULL, '2022-05-22', '2012-10-05', NULL, NULL, '2015-05-20 16:37:54', 3, NULL, NULL, 'Yes', NULL, NULL, 3, '', 16, 'IND', 'IND', NULL, NULL),
(77, 1, 9, 0, NULL, 'J9172340', 'MEPANI', 'MANISH HARISH ', '1992-09-25', NULL, 'Male', NULL, NULL, '2021-07-24', '2012-03-21', NULL, NULL, '2015-05-20 16:39:49', 3, NULL, NULL, 'Yes', NULL, NULL, 3, '', 15, 'IND', 'IND', NULL, NULL),
(78, 1, 9, 0, NULL, 'J5128914', 'PATEL', 'SAVANKUMAR ASHOKBHAI', '1991-07-03', NULL, 'Male', NULL, NULL, '2021-02-03', '2014-11-26', NULL, NULL, '2015-05-20 16:43:07', 3, NULL, NULL, 'Yes', NULL, NULL, 3, '', 12, 'IND', 'IND', NULL, NULL),
(79, 2, 9, 0, NULL, 'H0293580', 'NOOR MOHAMED', 'MOHAMED FAROOH ', '1967-03-13', NULL, 'Male', NULL, NULL, '2018-08-21', '2007-10-27', NULL, NULL, '2015-05-20 16:46:57', 3, '2015-11-05 10:05:51', 7, 'Yes', NULL, NULL, 3, '', 12, 'IND', 'IND', 3, 'C'),
(80, 2, 9, 0, NULL, 'G1428339', 'KATTI', 'AKSHAY MOHAN ', '1986-04-09', NULL, 'Male', NULL, NULL, '2017-01-17', '2014-11-10', NULL, NULL, '2015-05-20 16:48:38', 3, NULL, NULL, 'Yes', NULL, NULL, 3, '', 39, 'IND', 'IND', NULL, NULL),
(81, 1, 9, 0, NULL, 'J6794086', 'SARTAJ', 'SARTAJ SINGH', '1992-01-19', NULL, 'Male', NULL, NULL, '2022-04-11', '2014-01-10', NULL, NULL, '2015-05-20 16:56:21', 3, NULL, NULL, 'Yes', NULL, NULL, 3, '', 38, 'IND', 'IND', NULL, NULL),
(82, 2, 9, 0, NULL, 'J0529629', 'KHANDELWAL', 'NIKHIL', '1986-11-23', NULL, 'Male', NULL, NULL, '2020-06-02', '2014-05-15', NULL, NULL, '2015-05-20 17:02:42', 3, NULL, NULL, 'Yes', NULL, NULL, 3, '', 13, 'IND', 'IND', NULL, NULL),
(83, 1, 9, 0, NULL, 'H4461429', 'PATEL', 'NILESHKUMAR MAHESHCHANDRA ', '1978-09-10', NULL, 'Male', NULL, NULL, '2019-03-25', '2003-11-15', NULL, NULL, '2015-05-20 17:07:24', 3, NULL, NULL, 'Yes', NULL, NULL, 3, '', 46, 'IND', 'IND', NULL, NULL),
(84, 1, 9, 0, NULL, 'G91228113', 'VORA', 'RUCHI HITESHBHAI ', '1990-09-21', NULL, 'Female', NULL, NULL, '2018-06-19', '2011-04-11', NULL, NULL, '2015-05-20 17:13:30', 3, NULL, NULL, 'Yes', NULL, NULL, 2, '', 40, 'IND', 'IND', NULL, NULL),
(85, 2, 9, 0, NULL, 'G7221142', 'ROBERTSON', 'VIJAY KENNADY ', '1977-08-30', NULL, 'Male', NULL, NULL, '2018-03-23', '2011-01-14', NULL, NULL, '2015-05-20 17:16:20', 3, NULL, NULL, 'Yes', NULL, NULL, 3, '', 47, 'IND', 'IND', NULL, NULL),
(86, 2, 12, 0, NULL, '07525988', 'REGMI', 'TULASI RAM ', '1981-04-25', NULL, 'Male', NULL, NULL, '2024-06-22', '2006-04-01', NULL, 1, '2015-05-20 17:24:47', 3, '2015-11-13 18:21:25', 7, 'Yes', NULL, NULL, 2, 'tulsirosan@gmail.com', 85, 'NPL', 'NPL', 2, 'C'),
(87, 2, 9, 0, NULL, 'L4269360', 'SINGH ', 'VIJAY', '1973-06-01', NULL, 'Male', NULL, NULL, '2023-09-23', '2008-01-26', NULL, NULL, '2015-05-20 17:32:55', 3, NULL, NULL, 'Yes', NULL, NULL, 3, '', 48, 'IND', 'IND', NULL, NULL),
(88, 1, 9, 0, NULL, 'J8173986', 'SINGH ', 'SATWINDER', '1991-06-27', NULL, 'Male', NULL, NULL, '2022-04-25', '2015-02-21', NULL, NULL, '2015-05-21 15:00:19', 3, NULL, NULL, 'Yes', NULL, NULL, 3, '', 16, 'IND', 'INO', NULL, NULL),
(89, 1, 9, 0, NULL, 'J9390012', 'SANDHU', 'SINGH GURVINDER', '1992-02-15', NULL, 'Male', NULL, NULL, '2021-11-14', '2014-09-16', NULL, NULL, '2015-05-21 15:03:26', 3, NULL, NULL, 'Yes', NULL, NULL, 3, '', 16, 'IND', 'IND', NULL, NULL),
(90, 1, 9, 0, NULL, 'H3749239', 'SINGH ', 'SANDEEP', '1989-08-20', NULL, 'Male', NULL, NULL, '2019-03-23', '2014-06-22', NULL, NULL, '2015-05-21 15:05:53', 3, NULL, NULL, 'Yes', NULL, NULL, 3, '', 16, 'IND', 'IND', NULL, NULL),
(91, 1, 9, 0, NULL, '07525974', 'THAPA', 'BHIM BABU ', '1968-08-29', NULL, 'Male', NULL, NULL, '2024-06-22', '2010-07-30', NULL, NULL, '2015-05-21 15:08:22', 3, NULL, NULL, 'Yes', NULL, NULL, 3, '', 16, 'NPL', 'NPL', NULL, NULL),
(92, 2, 9, 0, NULL, '07525708', 'KHATRI', 'ISHWOR BAHADUR ', '1967-04-07', NULL, 'Male', NULL, NULL, '2024-06-22', '2010-07-30', NULL, NULL, '2015-05-21 15:11:43', 3, NULL, NULL, 'Yes', NULL, NULL, 3, '', 16, 'NPL', 'NPL', NULL, NULL),
(93, 2, 9, 0, NULL, 'M0512134', 'BANDYOPADHYAY', 'KAUSTABH', '1985-12-11', NULL, 'Male', NULL, NULL, '2024-07-27', '2014-08-20', NULL, NULL, '2015-05-21 15:15:17', 3, NULL, NULL, 'Yes', NULL, NULL, 3, '', 49, 'IND', 'IND', NULL, NULL),
(94, 2, 10, 0, NULL, 'M2178245', 'PEER MOHAMMED', 'NOWZICK', '1993-12-29', NULL, 'Male', NULL, NULL, '2024-09-16', '2015-01-07', NULL, NULL, '2015-05-21 15:19:39', 3, NULL, NULL, 'Yes', NULL, NULL, 3, '', 3, 'IND', 'IND', NULL, NULL),
(95, 1, 9, 0, NULL, 'H1723844', 'PAWAN', 'PAWAN KUMAR ', '1989-10-27', NULL, 'Male', NULL, NULL, '2018-11-19', '2015-04-01', NULL, NULL, '2015-05-21 15:40:30', 3, NULL, NULL, 'Yes', NULL, NULL, 3, '', 16, 'IND', 'IND', NULL, NULL),
(96, 1, 9, 0, NULL, 'L5775746', 'VAIRAGI', 'NATHUPURI MANSUKHPURI ', '1994-07-19', NULL, 'Male', NULL, NULL, '2023-10-17', '2014-03-28', NULL, NULL, '2015-05-21 15:44:32', 3, NULL, NULL, 'Yes', NULL, NULL, 3, '', 16, 'IND', 'IND', NULL, NULL),
(97, 1, 9, 0, NULL, 'H4015058', 'HALAI', 'RAMESHCHANDRA NATHA ', '1978-06-17', NULL, 'Male', NULL, NULL, '2019-02-17', '2007-06-26', NULL, NULL, '2015-05-21 15:47:35', 3, NULL, NULL, 'Yes', NULL, NULL, 3, '', 38, 'IND', 'IND', NULL, NULL),
(98, 2, 9, 0, NULL, 'K7061403', 'RANA', 'BHAVIN HASMUKHLAL', '1977-07-01', NULL, 'Male', NULL, NULL, '2022-08-01', '2014-09-16', NULL, NULL, '2015-05-21 15:51:45', 3, NULL, NULL, 'Yes', NULL, NULL, 3, '', 12, 'IND', 'IND', NULL, NULL),
(99, 2, 9, 0, NULL, 'K5192686', 'SINGH ', 'SUMANT', '1990-01-12', NULL, 'Male', NULL, NULL, '2022-07-19', '2014-03-01', NULL, NULL, '2015-05-21 15:59:53', 3, NULL, NULL, 'Yes', NULL, NULL, 3, '', 5, 'IND', 'IND', NULL, NULL),
(100, 2, 9, 0, NULL, 'H7894799', 'KUNDER', 'NAVIN DEJAPPA ', '1976-12-20', NULL, 'Male', NULL, NULL, '2019-08-24', '2003-06-18', NULL, NULL, '2015-05-21 16:04:12', 3, '2015-11-05 10:14:20', 7, 'Yes', NULL, NULL, 2, '', 49, 'IND', 'IND', 3, 'C'),
(101, 2, 9, 0, NULL, 'L3331524', 'PATEL', 'NITESHKUMAR PREMANANDBHAI', '1980-01-19', NULL, 'Male', NULL, NULL, '2023-05-26', '2008-09-18', NULL, NULL, '2015-05-21 16:08:23', 3, NULL, NULL, 'Yes', NULL, NULL, 3, '', 12, 'IND', 'IND', NULL, NULL),
(102, 2, 9, 0, NULL, '07960454', 'UCHAI THAKURI', 'RIM BAHADUR ', '1971-12-23', NULL, 'Male', NULL, NULL, '2024-10-15', '2010-09-28', NULL, NULL, '2015-05-21 16:13:15', 3, NULL, NULL, 'Yes', NULL, NULL, 3, '', 16, 'NPL', 'NPL', NULL, NULL),
(103, 2, 10, 0, NULL, 'K6768794', 'SYED HASSAN MOHAMMED', 'SIKKANTHAR BAVA ', '1982-06-26', NULL, 'Male', NULL, NULL, '2022-07-05', '2006-03-26', NULL, NULL, '2015-05-21 16:16:24', 3, NULL, NULL, 'Yes', NULL, NULL, 3, '', 29, 'IND', 'IND', NULL, NULL),
(104, 2, 10, 0, NULL, '07625826', 'KHATRI', 'PARKASH', '1988-10-25', NULL, 'Male', NULL, NULL, '2024-07-14', '2010-12-22', NULL, NULL, '2015-05-21 16:21:38', 3, NULL, NULL, 'Yes', NULL, NULL, 3, '', 43, 'NPL', 'NPL', NULL, NULL),
(105, 2, 10, 0, NULL, '07525936', 'K C', 'BHARAT', '1979-06-11', NULL, 'Male', NULL, NULL, '2024-06-22', '2010-12-22', NULL, NULL, '2015-05-21 16:27:22', 3, NULL, NULL, 'Yes', NULL, NULL, 3, '', 43, 'NPL', 'NPL', NULL, NULL),
(106, 2, 9, 0, NULL, 'G8674031', 'SINGH', 'MANMOHAN', '1984-02-02', NULL, 'Male', NULL, NULL, '2018-06-08', '2014-12-28', NULL, NULL, '2015-05-21 16:30:21', 3, '2015-11-12 09:44:58', 7, 'Yes', NULL, NULL, 1, '', 19, 'IND', 'IND', NULL, NULL),
(107, 2, 10, 0, NULL, 'J3246433', 'DILBAR', ' DILBAR', '1979-12-21', NULL, 'Male', NULL, NULL, '2021-06-23', '2015-03-06', NULL, NULL, '2015-05-21 16:34:20', 3, NULL, NULL, 'Yes', NULL, NULL, 3, '', 38, 'IND', 'IND', NULL, NULL),
(108, 2, 10, 0, NULL, 'L3394704', 'SHETTY', 'PRASHANTKUMAR', '1990-05-21', NULL, 'Male', NULL, NULL, '2023-07-23', '2013-09-10', NULL, NULL, '2015-05-21 16:41:06', 3, NULL, NULL, 'Yes', NULL, NULL, 3, '', 38, 'IND', 'IND', NULL, NULL),
(109, 2, 10, 0, NULL, 'M4912877', 'VAGH', 'SHAILESH SARMAN ', '1968-05-19', NULL, 'Male', NULL, NULL, '2024-12-30', '2015-04-12', NULL, NULL, '2015-05-21 16:54:43', 3, NULL, NULL, 'Yes', NULL, NULL, 3, '', 50, 'IND', 'IND', NULL, NULL),
(110, 2, 10, 0, NULL, 'K2884027', 'NAGVENCAR', 'PUNDOLICA', '1966-06-08', NULL, 'Male', NULL, NULL, '2022-04-25', '2002-02-09', NULL, NULL, '2015-05-21 16:57:11', 3, NULL, NULL, 'Yes', NULL, NULL, 3, '', 51, 'IND', 'IND', NULL, NULL),
(111, 2, 10, 0, NULL, 'K8969739', 'NAZAR', 'MOHAMED ALI ', '1991-05-04', NULL, 'Male', NULL, NULL, '2022-12-13', '2015-03-16', NULL, NULL, '2015-05-21 16:59:36', 3, '2015-11-09 15:18:38', 7, 'Yes', NULL, NULL, 3, '', 29, 'IND', 'IND', NULL, NULL),
(112, 2, 10, 0, NULL, 'H8427532', 'HYDEEN KENNU', 'NISTHAR KHAN ', '1970-04-17', NULL, 'Male', NULL, NULL, '2019-11-24', '2013-08-03', NULL, NULL, '2015-05-21 17:06:37', 3, '2015-11-05 10:08:40', 7, 'Yes', NULL, NULL, 2, '', 9, 'IND', 'IND', 3, 'C'),
(113, 2, 10, 0, NULL, 'G5898339', 'BINDER', 'LAL BINDER', '1969-04-08', NULL, 'Male', NULL, NULL, '2017-12-17', '2000-09-01', NULL, NULL, '2015-05-21 17:09:45', 3, NULL, NULL, 'Yes', NULL, NULL, 2, '', 38, 'IND', 'IND', NULL, NULL),
(114, 2, 10, 0, NULL, 'J6931013', 'LEKSHMANAN', 'KANNAN', '1983-07-08', NULL, 'Male', NULL, NULL, '2021-06-22', '2011-07-18', NULL, NULL, '2015-05-21 17:12:23', 3, NULL, NULL, 'Yes', NULL, NULL, 3, '', 9, 'IND', 'IND', NULL, NULL),
(115, 2, 10, 0, NULL, 'F9856120', 'GHOSH', 'PAYEL', '1987-06-12', NULL, 'Female', NULL, NULL, '2016-12-26', '2012-09-25', NULL, NULL, '2015-05-21 17:16:22', 3, NULL, NULL, 'Yes', NULL, NULL, 2, '', 52, 'IND', 'IND', NULL, NULL),
(116, 2, 9, 0, NULL, 'J1351700', 'HALAI', 'ASHVIN VALJI ', '1991-04-15', NULL, 'Male', NULL, NULL, '2020-06-28', '2011-11-09', NULL, NULL, '2015-05-21 17:28:16', 3, NULL, NULL, 'Yes', NULL, NULL, 3, '', 10, 'IND', 'IND', NULL, NULL),
(117, 1, 9, 0, NULL, 'J2958100', 'PATEL', 'RONAKKUMAR SHAILESHKUMAR ', '1995-09-01', NULL, 'Male', NULL, NULL, '2015-08-04', '2014-06-25', NULL, NULL, '2015-05-21 17:36:56', 3, NULL, NULL, 'Yes', NULL, NULL, 3, '', 12, 'IND', 'IND', NULL, NULL),
(118, 1, 9, 0, NULL, 'M3475040', 'PATEL', 'GAURAVKUMAR SUMANBHAI ', '1972-09-21', NULL, 'Male', NULL, NULL, '2024-11-04', '2001-07-01', NULL, NULL, '2015-05-21 17:40:52', 3, '2015-05-22 17:16:42', 3, 'Yes', NULL, NULL, 2, '', 38, 'IND', 'IND', NULL, NULL),
(119, 2, 9, 0, NULL, 'L9016475', 'BASHEER', 'SHAMEER', '1993-09-17', NULL, 'Male', NULL, NULL, '2024-04-22', '2014-12-28', NULL, NULL, '2015-05-21 17:43:52', 3, NULL, NULL, 'Yes', NULL, NULL, 3, '', 12, 'IND', 'IND', NULL, NULL),
(120, 1, 9, 0, NULL, 'K0123521', 'TOMAR', 'SINGH YATENDRA', '1989-05-14', NULL, 'Male', NULL, NULL, '2021-09-25', '2013-10-11', NULL, NULL, '2015-05-21 17:48:32', 3, NULL, NULL, 'Yes', NULL, NULL, 3, '', 43, 'IND', 'IND', NULL, NULL),
(121, 2, 9, 0, NULL, 'K5168885', 'MISHRA', 'DEEPAK', '1987-02-28', NULL, 'Male', NULL, NULL, '2022-05-07', '2013-08-24', NULL, NULL, '2015-05-21 17:50:27', 3, NULL, NULL, 'Yes', NULL, NULL, 3, '', 13, 'IND', 'IND', NULL, NULL),
(122, 2, 9, 0, NULL, 'H5068192', 'JAISWAL', 'SAURABH KUMAR', '1977-08-03', NULL, 'Male', NULL, NULL, '2019-05-03', '2014-05-22', NULL, NULL, '2015-05-22 16:29:32', 3, NULL, NULL, 'Yes', NULL, NULL, 3, '', 48, 'IND', 'IND', NULL, NULL),
(123, 2, 10, 0, NULL, 'L5224556', 'GURDEEP', 'SINGH GURDEEP', '1963-05-13', NULL, 'Male', NULL, NULL, '2023-10-22', '2005-01-01', NULL, NULL, '2015-05-22 16:32:51', 3, NULL, NULL, 'Yes', NULL, NULL, 3, '', 38, 'IND', 'IND', NULL, NULL),
(124, 1, 9, 0, NULL, 'H6902831', 'PATEL', 'HITESHKUMAR ARVINDBHAI ', '1980-10-31', NULL, 'Male', NULL, NULL, '2019-08-24', '2011-09-17', NULL, NULL, '2015-05-22 16:36:13', 3, NULL, NULL, 'Yes', NULL, NULL, 3, '', 16, 'IND', 'IND', NULL, NULL),
(125, 1, 9, 0, NULL, 'H6797885', 'RANA', 'JITENDER SINGH ', '1986-08-16', NULL, 'Male', NULL, NULL, '2019-09-22', '2013-04-05', NULL, NULL, '2015-05-22 16:38:48', 3, NULL, NULL, 'Yes', NULL, NULL, 3, '', 48, 'IND', 'IND', NULL, NULL),
(126, 1, 9, 0, NULL, 'L3333838', 'RAWAL', 'DHAVALKUMAR MRUGENDRAPRASAD ', '1981-05-22', NULL, 'Male', NULL, NULL, '2023-06-02', '2005-08-09', NULL, NULL, '2015-05-22 16:41:16', 3, NULL, NULL, 'Yes', NULL, NULL, 2, '', 12, 'IND', 'IND', NULL, NULL),
(127, 2, 9, 0, NULL, 'G8156216', 'MOHAMED NAZEER', 'SAMSUL NISAR ', '1986-04-24', NULL, 'Male', NULL, NULL, '2018-04-15', '2008-05-16', NULL, NULL, '2015-05-22 16:43:12', 3, '2015-10-28 18:12:48', 7, 'Yes', NULL, NULL, 3, '', 29, 'IND', 'IND', NULL, NULL),
(128, 1, 9, 0, NULL, 'L4254Z82', 'PATEL', 'RAVIKUMAR DINESHBHAI ', '1986-11-02', NULL, 'Male', NULL, NULL, '2023-08-04', '2007-06-27', NULL, NULL, '2015-05-22 16:50:09', 3, NULL, NULL, 'Yes', NULL, NULL, 3, '', 38, 'IND', 'IND', NULL, NULL),
(129, 1, 5, 0, NULL, 'L1515415', 'PATEL', 'BHAVESHKUMAR AMBALAL ', '1979-08-05', NULL, 'Male', NULL, NULL, '2023-03-20', '2012-06-16', NULL, NULL, '2015-05-26 07:38:07', 3, '2015-06-06 13:33:07', 2, 'Yes', NULL, NULL, 4, '', 38, 'IND', 'IND', NULL, NULL),
(130, 2, 5, 0, NULL, '05766760', 'BHANDARI', 'LILA BAHADUR ', '1973-09-06', NULL, 'Male', NULL, NULL, '2021-12-21', '2013-06-19', NULL, 1, '2015-05-26 18:04:15', 3, '2015-11-06 11:49:04', 7, 'Yes', NULL, NULL, 2, '', 53, 'NPL', 'NPL', NULL, NULL),
(131, 2, 5, 0, NULL, 'M5993666', 'PINDORIYA', 'KISHORKUMAR DHANJI ', '1984-10-15', NULL, 'Male', NULL, NULL, '2025-02-05', '2008-06-06', NULL, NULL, '2015-05-26 18:06:32', 3, NULL, NULL, 'Yes', NULL, NULL, 3, '', 15, 'IND', 'IND', NULL, NULL),
(132, 1, 5, 0, NULL, 'K9393230', 'PATEL', 'KAMLESHKUMAR BHANUBHAI ', '1980-07-04', NULL, 'Male', NULL, NULL, '2023-02-21', '2013-04-10', NULL, NULL, '2015-05-26 18:11:30', 3, '2015-11-06 11:41:35', 7, 'Yes', NULL, NULL, 3, '', 38, 'IND', 'IND', NULL, NULL),
(133, 1, 5, 0, NULL, 'G5350486', 'PATEL', 'DIPALKUMAR HASMUKHBHAI ', '1983-11-16', NULL, 'Male', NULL, NULL, '2017-10-16', '2012-06-18', NULL, NULL, '2015-05-26 18:17:54', 3, NULL, NULL, 'Yes', NULL, NULL, 2, '', 32, 'IND', 'IND', NULL, NULL),
(134, 1, 5, 0, NULL, 'H3019908', 'PAREKH', 'VIPULKUMAR RAMESHBHAI ', '1980-11-23', NULL, 'Male', NULL, NULL, '2019-03-15', '2013-06-19', NULL, NULL, '2015-05-26 18:24:45', 3, '2015-11-06 11:43:17', 7, 'Yes', NULL, NULL, 3, '', 10, 'IND', 'IND', NULL, NULL),
(135, 1, 5, 0, NULL, 'J9895097', 'MISHRA', 'DURGASHANKAR MANSHARAM ', '1983-03-20', NULL, 'Male', NULL, NULL, '1971-10-04', '2013-01-02', NULL, NULL, '2015-05-26 18:27:07', 3, '2015-11-06 11:33:19', 7, 'Yes', NULL, NULL, 4, '', 38, 'IND', 'IND', NULL, NULL),
(136, 2, 5, 0, NULL, 'K7183556', 'SINGH ', 'MANPREET', '1987-07-28', NULL, 'Male', NULL, NULL, '2022-12-03', '2013-02-25', NULL, NULL, '2015-05-26 18:30:30', 3, '2015-11-06 11:31:30', 7, 'Yes', NULL, NULL, 3, '', 54, 'IND', 'IND', NULL, NULL),
(137, 1, 5, 0, NULL, 'G8664691', 'DHRAFANI', 'BHAVESHKUMAR HARGOVINDBHAI ', '1986-02-07', NULL, 'Male', NULL, NULL, '2018-05-22', '2013-05-22', NULL, NULL, '2015-05-26 18:34:35', 3, '2015-11-06 12:09:21', 7, 'Yes', NULL, NULL, 3, '', 32, 'IND', 'IND', NULL, NULL),
(138, 2, 4, 0, NULL, 'H3442230', 'SHRIVASTAVA', ' AMIT', '1976-03-15', NULL, 'Male', NULL, NULL, '2020-09-06', '2012-01-02', NULL, 2, '2015-08-18 18:11:24', 2, '2015-11-19 12:38:45', 7, 'Yes', NULL, NULL, 2, '', 1, 'IND', 'IND', NULL, NULL),
(139, 2, 4, 0, NULL, 'H9581379', 'ADURTY', 'VENKATA SAI RAMA', '1957-04-09', NULL, 'Male', NULL, NULL, '2020-04-09', '2010-06-30', NULL, 1, '2015-10-19 14:47:09', 5, '2015-11-21 12:32:57', 7, 'Yes', NULL, NULL, 2, '', 87, 'IND', 'IND', 5, 'A'),
(140, 1, 3, 0, NULL, 'L3362094', 'PRAJAPATI', 'DINESHBHAI AJAYBHAI', '1984-11-07', NULL, 'Male', NULL, NULL, '2023-08-29', '2011-11-05', NULL, NULL, '2015-10-19 14:59:17', 5, '2015-11-25 10:32:19', 7, 'Yes', NULL, NULL, 3, '', 56, 'IND', 'IND', 8, 'A'),
(141, 2, 3, 0, NULL, 'L1525942', 'AYODHYA SIVAN PILLAI', ' MANOJ', '1974-04-12', NULL, 'Male', NULL, NULL, '2023-06-23', '2013-10-10', NULL, 2, '2015-10-19 16:18:34', 5, '2015-11-25 12:03:15', 7, 'Yes', NULL, NULL, 2, '', 58, 'IND', 'IND', 8, 'A'),
(142, 2, 3, 0, NULL, 'G3346758', 'ALASE', 'KERABA VIJAY', '1970-06-04', NULL, 'Male', NULL, NULL, '2017-06-07', '2009-02-02', NULL, 2, '2015-10-19 16:42:07', 5, '2015-11-25 11:58:15', 7, 'Yes', NULL, NULL, 1, '', 29, 'IND', 'IND', NULL, NULL),
(143, 1, 3, 0, NULL, 'K2861042', 'PATEL', 'AMBALAL ARVINDBHAI', '1978-11-16', NULL, 'Male', NULL, NULL, '2022-01-29', '2006-10-29', NULL, NULL, '2015-10-19 17:03:43', 5, '2015-11-25 10:26:26', 7, 'Yes', NULL, NULL, 4, '', 32, 'IND', 'IND', 8, 'A'),
(144, 2, 3, 0, NULL, 'H2103990', 'BARAI', 'PRASAD DILAI PRASAD SHIV', '1989-11-12', NULL, 'Male', NULL, NULL, '2018-11-24', '2010-01-10', NULL, 1, '2015-10-19 17:53:00', 5, '2015-11-25 11:50:50', 7, 'Yes', NULL, NULL, 2, '', 59, 'IND', 'IND', 8, 'A'),
(145, 1, 3, 0, NULL, 'M3880599', 'PATEL', 'BHADRESHKUMAR RAMANBHAI ', '1971-09-27', NULL, 'Male', NULL, NULL, '2024-11-25', '2002-03-01', NULL, 2, '2015-10-19 18:23:12', 5, '2015-11-24 14:32:19', 7, 'Yes', NULL, NULL, 2, '', 32, 'IND', 'IND', 8, 'A'),
(149, 2, 12, 0, NULL, 'L9218302', 'ABDEEN', ' KAMAL', '1978-05-21', NULL, 'Male', NULL, NULL, '2024-05-11', '2007-08-06', NULL, NULL, '2015-10-27 10:56:29', 7, '2015-11-06 16:59:16', 7, 'Yes', NULL, NULL, 1, 'krazaeen07@yahoo.com', 12, 'IND', 'IND', 4, 'A'),
(150, 2, 12, 0, NULL, 'F6789533', 'JAHUFER', 'AHAMED KISHOR SEYED', '1974-04-08', NULL, 'Male', NULL, NULL, '2016-03-01', '2007-08-06', NULL, NULL, '2015-10-27 11:32:22', 7, '2015-11-06 17:11:03', 7, 'Yes', NULL, NULL, 1, 'am-shaeed2005@yahoo.com', 12, 'IND', 'IND', 4, 'A'),
(151, 2, 12, 0, NULL, 'H2774925', 'SHAH', 'ASHOKKUMAR VIDITKUHAR', '1988-01-02', NULL, 'Male', NULL, NULL, '2019-02-18', '2013-08-20', NULL, 1, '2015-10-27 11:55:12', 7, '2015-11-06 17:44:09', 7, 'Yes', NULL, NULL, 2, '', 1, 'IND', 'IND', 4, 'D'),
(152, 2, 12, 0, NULL, 'A1588122', 'MUTUA', 'KALULU TITUS', '1954-07-14', NULL, 'Male', NULL, NULL, '2021-01-19', '2007-02-15', NULL, NULL, '2015-10-27 12:14:57', 7, '2015-10-27 12:16:10', 7, 'Yes', NULL, NULL, 2, '', 48, 'KEN', 'KEN', NULL, NULL),
(153, 2, 12, 0, NULL, 'H6332654', 'BALWINDER', 'KUMAR BALWINDER', '1991-02-26', NULL, 'Male', NULL, NULL, '2019-11-18', '2014-10-23', NULL, NULL, '2015-10-27 12:35:03', 7, '2015-11-06 16:54:54', 7, 'Yes', NULL, NULL, 1, '', 38, 'IND', 'IND', 4, 'A'),
(154, 2, 12, 0, NULL, 'H8560481', 'BHUPENDRA', 'KUMAR BHUPENDRA', '1976-04-19', NULL, 'Male', NULL, NULL, '2019-12-07', '2015-02-23', NULL, NULL, '2015-10-27 12:45:03', 7, '2015-11-07 12:04:46', 7, 'Yes', NULL, NULL, 2, '', 8, 'IND', 'IND', 4, 'A'),
(155, 2, 12, 0, NULL, 'G8595764', 'RANA', 'SINGH HANUMAN', '1977-05-21', NULL, 'Male', NULL, NULL, '2018-05-08', '2003-04-24', NULL, NULL, '2015-10-27 13:59:23', 7, '2015-10-27 17:11:02', 7, 'Yes', NULL, NULL, 2, '', 48, 'IND', 'IND', NULL, NULL),
(156, 2, 12, 0, NULL, 'K5353208', 'PAUS', ' MAGESH', '1979-04-28', NULL, 'Male', NULL, NULL, '2022-07-19', '2012-12-27', NULL, NULL, '2015-10-27 14:12:21', 7, '2015-11-06 17:16:13', 7, 'Yes', NULL, NULL, 2, '', 1, 'IND', 'IND', 4, 'B'),
(157, 2, 12, 0, NULL, 'G5335240', 'MANOJ', 'KUMAR MANOJ', '1978-09-01', NULL, 'Male', NULL, NULL, '2017-09-30', '2008-04-18', NULL, 1, '2015-10-27 14:29:23', 7, '2015-11-06 17:20:39', 7, 'Yes', NULL, NULL, 2, '', 61, 'IND', 'IND', 4, 'B'),
(158, 2, 12, 0, NULL, 'J7473659', 'PANDA', 'NATH RABINDRA', '1975-11-28', NULL, 'Male', NULL, NULL, '2021-04-25', '2002-10-25', NULL, 1, '2015-10-27 15:11:17', 7, '2015-11-06 17:34:40', 7, 'Yes', NULL, NULL, 2, '', 48, 'IND', 'IND', 4, 'D'),
(159, 2, 12, 0, NULL, 'KE050749', 'KISENGI', 'ROBERT', '1972-04-12', NULL, 'Male', NULL, NULL, '2021-01-27', '2012-06-18', NULL, NULL, '2015-10-27 15:36:01', 7, '2015-11-06 17:37:19', 7, 'Yes', NULL, NULL, 1, '', 48, 'KEN', 'PASSPORT CONTROL NAIROBI', 4, 'B'),
(160, NULL, 12, 0, NULL, 'J3184107', 'KAPOOR', 'SUNIL KAPOOR', '1977-12-03', NULL, 'Male', NULL, NULL, '2020-09-20', '2014-09-29', NULL, NULL, '2015-10-27 15:51:45', 7, '2015-11-06 17:41:33', 7, 'Yes', NULL, NULL, 2, '', 61, 'IND', 'IND', 4, 'D'),
(161, 2, 12, 0, NULL, 'L9218301', 'KAMAL MYTHEEN', 'SHAMEEM SHAMEEM', '1983-01-29', NULL, 'Male', NULL, NULL, '2024-05-11', '2004-12-01', NULL, 1, '2015-10-27 16:07:15', 7, '2015-11-06 17:46:45', 7, 'Yes', NULL, NULL, 2, '', 29, 'IND', 'IND', NULL, NULL),
(162, 2, 12, 0, NULL, 'J9972305', 'MOHANTY', 'KUMAR SURENDRA', '1981-07-15', NULL, 'Male', NULL, NULL, '2021-12-21', '2015-02-13', NULL, 2, '2015-10-27 16:12:39', 7, '2015-11-09 12:16:09', 7, 'Yes', NULL, NULL, 1, '', 28, 'IND', 'IND', NULL, NULL),
(163, 2, 16, 0, NULL, 'H1224065', 'ABDUL SALAM', 'KABEER AHAMED', '1986-04-10', NULL, 'Male', NULL, NULL, '2018-10-13', '2012-10-01', NULL, NULL, '2015-10-28 10:02:49', 7, '2015-11-16 15:16:03', 7, 'Yes', NULL, NULL, 1, 'ahamedkabeer86@yahoo.com', 29, 'IND', 'IND', 2, 'C'),
(164, 2, 16, 0, NULL, 'H4627043', 'VENKATAPATHY', ' BALAJI', '1979-06-22', NULL, 'Male', NULL, NULL, '2019-09-14', '2014-04-16', NULL, NULL, '2015-10-28 10:35:15', 7, '2015-11-16 14:59:24', 7, 'Yes', NULL, NULL, 3, 'balajivengadabathy@gmail.com', 65, 'IND', 'IND', 2, 'C'),
(165, 2, 16, 0, NULL, 'J7114994', 'BHUJBAL', 'MARUTI GORAKHNATH', '1980-06-19', NULL, 'Male', NULL, NULL, '2021-05-04', '2012-08-01', NULL, NULL, '2015-10-28 10:54:46', 7, '2015-11-16 17:36:29', 7, 'Yes', NULL, NULL, 2, 'gorakhbh@gmail.com', 62, 'IND', 'IND', 2, 'C'),
(166, 1, 16, 0, NULL, 'KE007346', 'ORIENDI', 'CHARLES ODHIAMBO', '1974-03-09', NULL, 'Male', NULL, NULL, '2009-04-20', '2011-11-21', NULL, NULL, '2015-10-28 11:19:57', 7, '2015-11-16 13:33:30', 7, 'Yes', NULL, NULL, 3, '', 10, 'KEN', 'PASSPORT CONTROL NAIROBI', 2, 'C'),
(167, 2, 16, 0, NULL, 'Z2159260', 'MEHTA', ' DIMPLE NIRANJANBHAI', '1969-06-18', NULL, 'Male', NULL, NULL, '2020-12-13', '2002-08-01', NULL, 1, '2015-10-28 11:41:03', 7, '2015-11-16 16:12:37', 7, 'Yes', NULL, NULL, 2, 'dimple0203@rediffmail.com', 25, 'IND', 'IND', 2, 'C'),
(168, 2, 16, 0, NULL, 'KE015601', 'NTONGAI', 'DANIEL KAJOU', '1968-11-11', NULL, 'Male', NULL, NULL, '2017-08-27', '2011-04-01', NULL, NULL, '2015-10-28 12:03:21', 7, '2015-11-16 15:54:17', 7, 'Yes', NULL, NULL, 2, '', 1, 'KEN', 'PASSPORT CONTROL NAIROBI', 2, 'C'),
(169, 2, 16, 0, NULL, 'KE036638', 'MANYONGA', 'OROO IGNATIUS', '1975-04-30', NULL, 'Male', NULL, NULL, '2022-09-27', '2011-09-01', NULL, NULL, '2015-10-28 12:20:53', 7, '2015-11-16 17:01:51', 7, 'Yes', NULL, NULL, 2, 'ignaiob75@gmail.com', 65, 'KEN', 'EAC', 2, 'C'),
(170, 2, 16, 0, NULL, 'M0807977', 'KARIYA', 'KRUSHNADAS MAHENDRAKUMAR', '1970-05-23', NULL, 'Male', NULL, NULL, '2024-08-10', '2004-03-30', NULL, NULL, '2015-10-28 12:45:23', 7, '2015-11-16 18:10:41', 7, 'Yes', NULL, NULL, 2, '', 25, 'IND', 'IND', 2, 'C'),
(171, 2, 16, 0, NULL, 'J0920535', 'SAINUL ABDIN MAHEEN', ' ABUBACKER ', '1969-05-10', NULL, 'Male', NULL, NULL, '2020-04-06', '2003-10-24', NULL, NULL, '2015-10-28 13:04:56', 7, '2015-11-17 11:15:39', 7, 'Yes', NULL, NULL, 2, '', 114, 'IND', 'IND', 2, 'C'),
(172, 2, 16, 0, NULL, 'G4203215', 'MANI', ' LAKSHMINARAYANAN', '1980-03-20', NULL, 'Male', NULL, NULL, '2017-07-30', '2008-03-13', NULL, 1, '2015-10-28 13:20:45', 7, '2015-11-16 12:58:58', 7, 'Yes', NULL, NULL, 2, 'hortlaxman@yahoo.com', 65, 'IND', 'IND', 2, 'C'),
(173, 2, 16, 0, NULL, 'K5391991', 'SINGH', ' MANJIT', '1983-09-13', NULL, 'Male', NULL, NULL, '2023-04-16', '2014-01-27', NULL, NULL, '2015-10-28 13:30:20', 7, '2015-11-16 12:44:40', 7, 'Yes', NULL, NULL, 1, '', 114, 'IND', 'IND', 2, 'C'),
(174, 2, 16, 0, NULL, 'A1192684', 'EMAPUS', 'MATHEW', '1978-11-22', NULL, 'Male', NULL, NULL, '2017-09-24', '2015-05-01', NULL, NULL, '2015-10-28 13:52:23', 7, '2015-11-17 11:05:59', 7, 'Yes', NULL, NULL, 2, 'memapus@gmail.com', 65, 'KEN', 'PASSPORT CONTROL NAIROBI', 2, 'C'),
(175, 1, 16, 0, NULL, 'L8880350', 'PATEL', 'DINESHBHAI MILANKUMAR', '1993-08-19', NULL, 'Male', NULL, NULL, '2024-04-22', '2015-03-24', NULL, NULL, '2015-10-28 13:59:01', 7, '2015-11-16 11:29:43', 7, 'Yes', NULL, NULL, 1, '', 114, 'IND', 'IND', 2, 'C'),
(176, 2, 16, 0, NULL, 'J5435388', 'NANJAN', ' SIVALINGAN', '1974-05-20', NULL, 'Male', NULL, NULL, '2021-02-13', '2012-02-13', NULL, 1, '2015-10-28 14:17:47', 7, '2015-11-17 10:49:27', 7, 'Yes', NULL, NULL, 2, 'sivalingan@sifymail.com', 65, 'IND', 'IND', 2, 'C'),
(177, 2, 16, 0, NULL, 'M8135013', 'PATEL', ' RIPEN DINESHBHAI', '1991-12-02', NULL, 'Male', NULL, NULL, '2025-04-12', '2015-07-16', NULL, NULL, '2015-10-28 14:29:23', 7, '2015-11-17 12:30:30', 7, 'Yes', NULL, NULL, 1, 'ripenpate1002@gmail.com', 114, 'IND', 'IND', 2, 'C'),
(178, 2, 16, 0, NULL, 'J9521581', 'SIVALINGAM', ' RAVIKUMAR', '1976-12-30', NULL, 'Male', NULL, NULL, '2021-07-26', '2005-04-04', NULL, NULL, '2015-10-28 15:27:35', 7, '2015-11-17 11:59:11', 7, 'Yes', NULL, NULL, 2, 'ravi-h4@yahoo.com', 1, 'IND', 'IND', 2, 'C'),
(179, 2, 16, 0, NULL, 'KE027631', 'KOSKEY', 'KIPTOO VINCENT', '1981-12-25', NULL, 'Male', NULL, NULL, '2021-10-23', '2006-03-14', NULL, NULL, '2015-10-28 15:45:00', 7, '2015-11-17 13:10:00', 7, 'Yes', NULL, NULL, 2, '', 112, 'KEN', 'EAC', 2, 'C'),
(180, 1, 3, 0, NULL, 'K7709955', 'PATEL', 'ALPESH MAHENDRABHAI', '1987-02-05', NULL, 'Male', NULL, NULL, '2022-09-04', '2012-05-15', NULL, NULL, '2015-10-29 11:05:19', 7, '2015-11-24 15:12:47', 7, 'Yes', NULL, NULL, 1, '', 9, 'IND', 'AHMEDABAD', 8, 'A'),
(181, 2, 3, 0, NULL, 'F8506091', 'BHUDIYA', 'MAVJI BHIMJI', '1986-01-09', NULL, 'Male', NULL, NULL, '2016-06-07', '2006-09-07', NULL, 2, '2015-10-29 11:31:05', 7, '2015-10-31 11:49:40', 7, 'Yes', NULL, NULL, 1, '', 15, 'IND', 'IND', 8, 'A'),
(182, 1, 3, 0, NULL, 'G7979697', 'PATEL', 'BHARAT MANIBHAI', '1957-01-29', NULL, 'Male', NULL, NULL, '2018-05-11', '2005-08-01', NULL, 2, '2015-10-29 11:47:16', 7, '2015-10-30 12:17:49', 7, 'Yes', NULL, NULL, 4, '', 9, 'IND', 'KAMPALA', 8, 'A'),
(183, 2, 3, 0, NULL, 'FOO41951', 'PARMAR', 'BHUPENDRAKUMAR DHIRAJLAL', '1970-05-01', NULL, 'Male', NULL, NULL, '2014-08-03', '2006-02-01', NULL, 1, '2015-10-29 12:33:14', 7, '2015-10-30 12:26:43', 7, 'Yes', NULL, NULL, 2, '', 68, 'IND', 'AHMEDABAD', 8, 'A'),
(184, 1, 3, 0, NULL, 'L6739639', 'PARMAR', 'CHIRAG DINESHBHAI', '1993-09-04', NULL, 'Male', NULL, NULL, '2024-01-08', '2014-02-18', NULL, NULL, '2015-10-29 12:43:27', 7, '2015-11-24 14:34:44', 7, 'Yes', NULL, NULL, 1, '', 38, 'IND', 'AHMEDABAD', 8, 'A'),
(185, 2, 4, 0, NULL, 'Z1782241', 'BAKSHI', 'GOUTAM SUDHANSU SEKHAR', '1961-05-25', NULL, 'Male', NULL, NULL, '2018-05-21', '2015-06-24', NULL, NULL, '2015-10-29 12:57:02', 7, NULL, NULL, 'Yes', NULL, NULL, 3, '', 1, 'IND', 'MUMBAI', NULL, NULL),
(186, 2, 3, 0, NULL, 'K2886859', 'CHORICIA', ' DINNANATH', '1971-07-31', NULL, 'Male', NULL, NULL, '2022-05-06', '2012-01-01', NULL, 1, '2015-10-29 13:19:03', 7, '2015-11-24 17:05:01', 7, 'Yes', NULL, NULL, 2, '', 69, 'IND', 'IND', 8, 'B'),
(187, 1, 3, 0, NULL, 'K5868063', 'PATEL', 'KANCHANLAL DAXESHKUMAR', '1992-06-24', NULL, 'Male', NULL, NULL, '2022-11-01', '2014-01-02', NULL, NULL, '2015-10-29 13:26:24', 7, '2015-11-25 10:30:25', 7, 'Yes', NULL, NULL, 1, '', 9, 'IND', 'IND', 8, 'B'),
(188, 2, 3, 0, NULL, 'H5845645', 'JOHN', 'JOSEPH', '1987-05-12', NULL, 'Male', NULL, NULL, '2020-01-20', '2015-05-22', NULL, 2, '2015-10-29 14:05:40', 7, '2015-11-25 10:55:55', 7, 'Yes', NULL, NULL, 1, 'jozephjohn87@gmail.com', 29, 'IND', 'COCHIN', 8, 'C'),
(189, 2, 3, 0, NULL, 'L7754620', 'KAJA MOHIDEEN', 'KAMARUTHEEN', '1964-02-05', NULL, 'Male', NULL, NULL, '2024-03-10', '2005-06-09', NULL, NULL, '2015-10-29 14:27:04', 7, '2015-11-24 15:54:58', 7, 'Yes', NULL, NULL, 2, '', 9, 'IND', 'MADURAI', 8, 'C'),
(190, 2, 3, 0, NULL, 'G6386041', 'PATEL', 'KEYURKUMAR BALVANTBHAI ', '1985-11-03', NULL, 'Male', NULL, NULL, '2018-01-17', '2012-07-14', NULL, NULL, '2015-10-29 14:40:36', 7, '2015-11-24 15:32:46', 7, 'Yes', NULL, NULL, 1, '', 14, 'IND', 'SURAT', 8, 'C'),
(191, 2, 3, 0, NULL, 'G5599875', 'JASWINDER', 'SINGH', '1978-02-05', NULL, 'Male', NULL, NULL, '2017-10-09', '2005-10-15', NULL, NULL, '2015-10-29 14:50:30', 7, '2015-10-30 17:23:21', 7, 'Yes', NULL, NULL, 4, '', 15, 'IND', 'KAMPALA', 8, 'C'),
(192, 2, 4, 0, NULL, 'F8806854', 'SRIVASTAVA', 'AVINASH', '1977-01-01', NULL, 'Male', NULL, NULL, '2016-07-19', '2011-07-15', NULL, 1, '2015-10-29 15:05:25', 7, '2015-11-19 12:24:14', 7, 'Yes', NULL, NULL, 2, '', 104, 'IND', 'IND', 6, 'A'),
(193, 2, 3, 0, NULL, 'L7519003', 'PATEL', 'KOMALKUMAR MUKESHBHAI ', '1987-04-22', NULL, 'Male', NULL, NULL, '2024-02-25', '2014-05-19', NULL, NULL, '2015-10-29 15:14:35', 7, '2015-11-24 13:26:10', 7, 'Yes', NULL, NULL, 4, '', 38, 'IND', 'IND', 8, 'C'),
(194, 2, 3, 0, NULL, 'H8480546', 'JESANI', 'MANOJKUMAR NATHALAL ', '1989-06-11', NULL, 'Male', NULL, NULL, '2019-11-03', '2010-07-05', NULL, 2, '2015-10-29 15:27:30', 7, '2015-11-24 17:02:53', 7, 'Yes', NULL, NULL, 1, '', 70, 'IND', 'IND', 8, 'D'),
(195, 2, 3, 0, NULL, 'G2281101', 'MOHAMED MYTHEEN', 'MAHEEN ', '1980-05-10', NULL, 'Male', NULL, NULL, '2017-04-17', '2012-12-24', NULL, 2, '2015-10-29 15:38:34', 7, '2015-11-24 17:30:18', 7, 'Yes', NULL, NULL, 3, '', 14, 'IND', 'IND', 8, 'D'),
(196, 2, 3, 0, NULL, 'K9510853', 'SHEIK ABDUL KADER', 'ALI MOHAMED', '1957-01-19', NULL, 'Male', NULL, NULL, '2023-02-01', NULL, NULL, NULL, '2015-10-29 15:51:39', 7, '2015-11-25 12:21:46', 7, 'Yes', NULL, NULL, 3, '', 29, 'IND', 'IND', NULL, NULL),
(197, 1, 3, 0, NULL, 'F2543506', 'KERAI ', 'MEHENDRA SAMJI', '1976-01-21', NULL, 'Male', NULL, NULL, '2015-03-20', '2010-07-05', NULL, NULL, '2015-10-29 16:05:52', 7, '2015-10-29 16:06:14', 7, 'Yes', NULL, NULL, 1, '', 70, 'IND', 'IND', 8, 'D'),
(198, 2, 3, 0, NULL, 'L5461342', 'MOHAMED MANZOOR', 'MURSHID REFAYE', '1990-12-13', NULL, 'Male', NULL, NULL, '2023-10-29', NULL, NULL, 2, '2015-10-29 16:16:24', 7, '2015-11-24 13:09:18', 7, 'Yes', NULL, NULL, 1, 'refa.murshid@gmail.com', 14, 'IND', 'IND', 8, 'D'),
(199, 1, 3, 0, NULL, 'G7794430', 'MOHAMMED NAZEER', 'SHAFEEK', '1985-02-27', NULL, 'Male', NULL, NULL, '2018-06-24', '2010-10-04', NULL, NULL, '2015-10-29 16:33:08', 7, '2015-11-09 14:55:55', 7, 'Yes', NULL, NULL, 4, '', 9, 'IND', 'IND', 8, 'D'),
(200, 2, 3, 0, NULL, 'F4098261', 'INDRAVADAN', 'BHATT NITESHKUMAR', '1974-11-15', NULL, 'Male', NULL, NULL, '2016-01-30', NULL, NULL, 1, '2015-10-29 16:52:20', 7, '2015-10-30 15:11:59', 7, 'Yes', NULL, NULL, 2, '', 14, 'IND', 'IND', 8, 'D'),
(201, 2, 3, 0, NULL, 'M1876163', 'PATEL', 'PRASKSHAL MUKESHBHAI', '1988-12-04', NULL, 'Male', NULL, NULL, '2024-09-08', '2014-08-11', NULL, NULL, '2015-10-29 17:28:16', 7, '2015-11-25 10:11:29', 7, 'Yes', NULL, NULL, 4, '', 37, 'IND', 'IND', 8, 'D'),
(202, 1, 3, 0, NULL, 'H2341209', 'PATEL', 'RENUKABEN PRAVINBHAI', '1978-07-12', NULL, 'Female', NULL, NULL, '2018-12-07', '1998-02-01', NULL, NULL, '2015-10-29 17:53:16', 7, '2015-11-04 16:37:48', 7, 'Yes', NULL, NULL, 2, '', 9, 'IND', 'IND', 8, 'D'),
(203, 1, 3, 0, NULL, 'G1362632', 'PRAJAPATI', 'DIPAKKUMAR TULASIBHAI', '1985-03-28', NULL, 'Male', NULL, NULL, '2017-01-17', '2008-12-23', NULL, NULL, '2015-10-29 18:00:32', 7, '2015-11-24 15:42:50', 7, 'Yes', NULL, NULL, 2, '', 38, 'IND', 'IN D', 8, 'D'),
(204, 2, 4, 0, NULL, 'K5161730', 'JAISWAL', ' AAKASH', '1988-11-05', NULL, 'Male', NULL, NULL, '2022-05-06', '2014-06-13', NULL, 2, '2015-10-30 09:18:22', 7, '2015-11-19 10:56:33', 7, 'Yes', NULL, NULL, 3, 'aakashjaiswal8684@gmail.com', 71, 'IND', 'IND', 6, 'A'),
(205, 2, 4, 0, NULL, 'K3367984', 'ASHISH', 'RAVINDRA GAVALE', '1975-12-31', NULL, 'Male', NULL, NULL, '2022-06-07', '2013-06-24', NULL, 2, '2015-10-30 09:23:36', 7, '2015-11-19 14:25:31', 7, 'Yes', NULL, NULL, 3, 'ashish.gavale@yahoo.co.in', 1, 'IND', 'IND', NULL, NULL),
(206, 2, 4, 0, NULL, 'J6874814', 'ARUN', 'NAMBIAR ', '1977-01-22', NULL, 'Male', NULL, NULL, '2021-06-15', '2014-07-29', NULL, NULL, '2015-10-30 09:32:27', 7, '2015-11-19 14:30:38', 7, 'Yes', NULL, NULL, 2, 'arun270@rediffmail.com''', 1, 'IND', 'IND', 6, 'A'),
(207, 2, 4, 0, NULL, 'K3489306', 'GANGADHARAN', ' ARUN', '1981-07-05', NULL, 'Male', NULL, NULL, '2022-04-02', '2014-05-29', NULL, NULL, '2015-10-30 09:41:00', 7, '2015-11-19 14:38:36', 7, 'Yes', NULL, NULL, 2, 'seekaruunow@rediffmail.com', 1, 'IND', 'IND', 6, 'A'),
(208, 2, 4, 0, NULL, 'L7207471', 'HUSSAIN', ' AAMIR', '1978-02-25', NULL, 'Male', NULL, NULL, '2024-02-09', '2013-11-12', NULL, NULL, '2015-10-30 09:52:03', 7, '2015-11-18 11:45:12', 7, 'Yes', NULL, NULL, 3, '', 52, 'IND', 'IND', 6, 'A');
INSERT INTO `staff` (`staff_id`, `staff_type_id`, `company_id`, `leave_days`, `pp_type`, `pp_passport_no`, `pp_surname`, `pp_given_names`, `pp_date_of_birth`, `pp_profession`, `pp_sex`, `pp_place_of_birth`, `pp_date_of_issue`, `pp_date_of_expiry`, `join_date`, `recruit_agent_id`, `air_ticket_type_id`, `add_date`, `add_user`, `edit_date`, `edit_user`, `is_active`, `exit_date`, `exit_mode_id`, `accom_type_id`, `email`, `staff_post_id`, `pp_nationality`, `pp_issuedby`, `cabinet_no`, `cabinet_section`) VALUES
(209, 2, 4, 0, NULL, 'J9796271', 'KUMAR', ' AMITESH', '1983-01-24', NULL, 'Male', NULL, NULL, '2021-09-12', '2011-01-07', NULL, NULL, '2015-10-30 10:16:44', 7, '2015-11-18 11:48:38', 7, 'Yes', NULL, NULL, 3, 'amitesh2810@yahoo.com', 52, 'IND', 'IND', 6, 'A'),
(210, 2, 4, 0, NULL, 'J0772389', 'JAGANNIVAS RAI', 'AMOGH ', '1978-05-22', NULL, 'Male', NULL, NULL, '2020-05-31', '2011-09-11', NULL, NULL, '2015-10-30 10:25:33', 7, '2015-11-18 18:27:50', 7, 'Yes', NULL, NULL, 3, 'amoghjrai@yahoo.com', 1, 'IND', 'IND', 6, 'A'),
(211, 2, 4, 0, NULL, 'Z3217694', 'MALVIYA', ' ATUL', '1959-11-15', NULL, 'Male', NULL, NULL, '2025-04-26', '2010-09-19', NULL, NULL, '2015-10-30 10:33:57', 7, '2015-11-19 12:56:05', 7, 'Yes', NULL, NULL, 3, '', 72, 'IND', 'IND', 6, 'A'),
(212, 2, 4, 0, NULL, 'M8456179', 'YADAV', 'AVDHESH', '1980-11-20', NULL, 'Male', NULL, NULL, '2025-05-13', '2012-06-22', NULL, NULL, '2015-10-30 10:47:13', 7, '2015-11-19 13:09:31', 7, 'Yes', NULL, NULL, 2, '', 1, 'IND', 'KAMPALA', 6, 'A'),
(213, 2, 4, 0, NULL, 'K2619833', 'BAKUL', 'SARKAR BAKUL', '1978-05-02', NULL, 'Male', NULL, NULL, '2022-02-12', '2013-06-03', NULL, NULL, '2015-10-30 11:15:36', 7, '2015-11-19 15:15:39', 7, 'Yes', NULL, NULL, 3, 'bakul.sarkar@gmail.com', 1, 'IND', 'IND', 6, 'A'),
(214, 2, 4, 0, NULL, 'F8398486', 'PAUL', ' BIPRADAS', '1980-10-24', NULL, 'Male', NULL, NULL, '2016-08-10', '2015-08-23', NULL, NULL, '2015-10-30 11:22:15', 7, '2015-11-19 14:48:59', 7, 'Yes', NULL, NULL, 3, 'bipradasp@yahoo.com.in', 1, 'IND', 'IND', 6, 'A'),
(215, 1, 3, 0, NULL, 'G2866543', 'PATEL', 'RAKESHKUMAR NAVINBHAI ', '1980-04-30', NULL, 'Male', NULL, NULL, '2017-07-18', '2008-02-06', NULL, NULL, '2015-10-30 14:55:03', 7, '2015-11-24 15:49:51', 7, 'Yes', NULL, NULL, 3, '', 38, 'IND', 'IND', 7, 'A'),
(216, 1, 3, 0, NULL, 'L2676344', 'PATEL', 'RAVINDRA VINODBHAI ', '1993-05-16', NULL, 'Male', NULL, NULL, '2023-06-27', '2014-01-13', NULL, NULL, '2015-10-30 14:59:02', 7, '2015-11-25 10:24:13', 7, 'Yes', NULL, NULL, 4, '', 38, 'IND', 'IND', NULL, NULL),
(217, 2, 3, 0, NULL, 'M1137850', 'HIRANI', 'LALJI RAMESH', '1975-05-30', NULL, 'Male', NULL, NULL, '2024-09-21', '2003-09-15', NULL, 1, '2015-10-30 15:05:42', 7, '2015-11-24 15:40:02', 7, 'Yes', NULL, NULL, 2, '', 15, 'IND', 'IND', 7, 'A'),
(218, 2, 3, 0, NULL, 'J8143103', 'RAM', 'MILAN RAM', '1974-07-10', NULL, 'Male', NULL, NULL, '2021-05-31', '2006-09-01', NULL, 2, '2015-10-30 15:08:15', 7, NULL, NULL, 'Yes', NULL, NULL, 2, '', 70, 'IND', 'IND', 7, 'A'),
(219, 1, 3, 0, NULL, 'H5086587', 'RAVINDER', 'SINGH RAVINDER', '1986-05-19', NULL, 'Male', NULL, NULL, '2019-09-07', NULL, NULL, NULL, '2015-10-30 15:11:23', 7, '2015-11-24 12:55:25', 7, 'Yes', NULL, NULL, 4, '', 38, 'IND', 'IND', NULL, NULL),
(220, 1, 3, 0, NULL, 'K7714526', 'PATEL', 'ARVINDBHAI RAKESHBHAI', '1985-06-01', NULL, 'Male', NULL, NULL, '2022-09-09', '2012-12-01', NULL, NULL, '2015-10-30 15:17:07', 7, NULL, NULL, 'Yes', NULL, NULL, 4, '', 15, 'IND', 'IND', 7, 'A'),
(221, 1, 3, 0, NULL, 'M2517656', 'PARGAT', 'SINGH ', '1984-01-01', NULL, 'Male', NULL, NULL, '2024-10-06', '2015-03-01', NULL, NULL, '2015-10-30 15:26:05', 7, '2015-11-24 14:41:57', 7, 'Yes', NULL, NULL, 4, '', 38, 'IND', 'IND', NULL, NULL),
(222, 1, 3, 0, NULL, 'L7187523', 'PATEL', 'ANKURKUMAR  RAMANBHAI ', '1993-05-21', NULL, 'Male', NULL, NULL, '2024-02-17', NULL, NULL, NULL, '2015-10-30 15:33:45', 7, '2015-11-24 17:17:41', 7, 'Yes', NULL, NULL, 4, '', 38, 'IND', 'IND', NULL, NULL),
(223, NULL, 3, 0, NULL, 'M2358730', 'PATEL', 'RASIKBHAI ATULKUMAR', '1980-08-29', NULL, 'Male', NULL, NULL, '2024-09-30', '2012-05-06', NULL, NULL, '2015-10-30 15:38:05', 7, '2015-11-25 12:13:11', 7, 'Yes', NULL, NULL, 1, '', 54, 'IND', 'IND', NULL, NULL),
(224, 1, 3, 0, NULL, 'VV1153381', 'AHMAD', ' ASHFAQ', '1982-09-15', NULL, 'Male', NULL, NULL, '2015-03-18', '2012-05-15', NULL, NULL, '2015-10-30 15:58:32', 7, '2015-11-24 16:57:43', 7, 'Yes', NULL, NULL, 1, '', 38, 'PAK', 'PAK', NULL, NULL),
(225, NULL, 3, 0, NULL, 'G7121608', 'SHARMA', 'AKSHAYKUMAR KAMLESHBHAI ', '1988-01-26', NULL, 'Male', NULL, NULL, '2018-02-20', '2015-10-01', NULL, NULL, '2015-10-30 16:03:53', 7, '2015-11-24 14:19:32', 7, 'Yes', NULL, NULL, 4, '', 38, 'IND', 'IND', NULL, NULL),
(226, 1, 3, 0, NULL, 'K6040896', 'PAREKH', 'ARPANKUMAR MAHESHBHAI ', '1992-12-08', NULL, 'Male', NULL, NULL, '2022-07-10', NULL, NULL, NULL, '2015-10-30 16:08:50', 7, '2015-11-24 15:47:37', 7, 'Yes', NULL, NULL, 4, '', 38, 'IND', 'IND', NULL, NULL),
(227, 1, 3, 0, NULL, 'K6034798', 'LIMBACHIYA', ' NIRAVKUMAR CHANDRAKANT', '1994-05-25', NULL, 'Male', NULL, NULL, '2022-07-04', NULL, NULL, NULL, '2015-10-30 16:14:57', 7, '2015-11-24 14:10:53', 7, 'Yes', NULL, NULL, 4, '', 38, 'IND', 'IND', NULL, NULL),
(228, 1, 3, 0, NULL, 'J2344428', 'PATEL', 'DHULABHAI CHANDUBHAI', '1967-08-01', NULL, 'Male', NULL, NULL, '2020-07-22', NULL, NULL, NULL, '2015-10-30 16:15:50', 7, '2015-11-25 12:10:25', 7, 'Yes', NULL, NULL, 1, '', 38, 'IND', 'IND', NULL, NULL),
(229, 1, 15, 0, NULL, 'H2130157', 'PATEL', 'HITESHKUMAR SHANABHAI ', '1982-12-18', NULL, 'Male', NULL, NULL, '2018-12-28', '2012-05-01', NULL, NULL, '2015-10-30 16:20:04', 7, '2015-11-24 16:40:00', 7, 'Yes', NULL, NULL, 1, '', 9, 'IND', 'IND', NULL, NULL),
(230, NULL, 3, 0, NULL, 'BW1742792', 'ILYAS', ' HEERA', '1987-08-23', NULL, 'Male', NULL, NULL, '2017-06-19', NULL, NULL, NULL, '2015-10-30 16:26:33', 7, '2015-11-25 12:08:22', 7, 'Yes', NULL, NULL, 1, '', 38, 'PAK', 'PAK', NULL, NULL),
(231, 1, 3, 0, NULL, 'L4370872', 'KEWAL', 'SINGH KEWAL', '1990-07-21', NULL, 'Male', NULL, NULL, '2023-08-26', NULL, NULL, NULL, '2015-10-30 16:27:43', 7, '2015-11-25 10:09:31', 7, 'Yes', NULL, NULL, 4, '', 38, 'IND', 'IND', NULL, NULL),
(232, 1, 3, 0, NULL, 'M1474692', 'PATEL', ' KEVALKUMAR CHANDRAKANT', '1991-07-11', NULL, 'Male', NULL, NULL, '2024-09-08', NULL, NULL, NULL, '2015-10-30 16:29:29', 7, '2015-11-24 13:15:50', 7, 'Yes', NULL, NULL, 1, '', 38, 'IND', 'IND', NULL, NULL),
(233, 1, 3, 0, NULL, 'G9997895', 'PATEL', 'SUNILKUMAR ASHOKBHAI ', '1986-09-22', NULL, 'Male', NULL, NULL, '2018-08-03', '2012-06-05', NULL, NULL, '2015-10-30 16:31:50', 7, '2015-11-24 13:18:57', 7, 'Yes', NULL, NULL, 4, '', 38, 'IND', 'IND', NULL, NULL),
(234, 1, 3, 0, NULL, 'L1520706', 'PATEL', 'ZAVERBHAI KIRITKUMAA', '1963-06-22', NULL, 'Male', NULL, NULL, '2023-04-11', '2002-12-12', NULL, NULL, '2015-10-30 16:36:57', 7, '2015-11-24 17:28:01', 7, 'Yes', NULL, NULL, 2, '', 9, 'IND', 'IND', NULL, NULL),
(235, 2, 3, 0, NULL, 'F7636958', 'GOSWAMI', 'AMARGAR JITESHGAR', '1972-02-11', NULL, 'Male', NULL, NULL, '2016-04-25', '2012-12-01', NULL, NULL, '2015-10-30 16:41:10', 7, '2015-11-24 16:35:45', 7, 'Yes', NULL, NULL, 1, '', 54, 'IND', 'IND', NULL, NULL),
(236, 1, 3, 0, NULL, 'J4530327', 'PATEL', 'RAJNIBHAI JAYKUMAR', '1992-08-31', NULL, 'Male', NULL, NULL, '2020-10-26', NULL, NULL, NULL, '2015-10-30 16:41:56', 7, '2015-11-25 10:58:11', 7, 'Yes', NULL, NULL, 1, '', 38, 'IND', 'IND', NULL, NULL),
(237, 1, 3, 0, NULL, 'M1094671', 'GURDIP', 'SINGH', '1971-05-18', NULL, 'Male', NULL, NULL, '2024-10-15', '2014-12-05', NULL, NULL, '2015-10-30 16:45:18', 7, '2015-11-25 11:52:59', 7, 'Yes', NULL, NULL, 1, '', 54, 'IND', 'IND', NULL, NULL),
(238, 1, 3, 0, NULL, 'Z3048880', 'KAUKAWALA', 'MOHAMMED AHMEDBHAI ', '1971-06-23', NULL, 'Male', NULL, NULL, '2024-12-02', NULL, NULL, NULL, '2015-10-30 16:47:16', 7, '2015-11-24 12:58:19', 7, 'Yes', NULL, NULL, 4, '', 38, 'IND', 'IND', NULL, NULL),
(239, 1, 3, 0, NULL, 'K6766000', 'KARELIYA', 'GIRISH KUMAR PRABHUDAS ', '1962-01-06', NULL, 'Male', NULL, NULL, '2022-06-26', '2000-11-01', NULL, 1, '2015-10-30 16:50:07', 7, '2015-11-25 10:18:31', 7, 'Yes', NULL, NULL, 2, '', 68, 'IND', 'IND', NULL, NULL),
(240, 1, 3, 0, NULL, 'J4572162', 'ODEDRA', 'MERAMAN KANA', '1992-07-14', NULL, 'Male', NULL, NULL, '2020-12-29', NULL, NULL, NULL, '2015-10-30 16:52:04', 7, '2015-11-25 10:20:13', 7, 'Yes', NULL, NULL, 2, '', 38, 'IND', 'IND', NULL, NULL),
(241, 1, 3, 0, NULL, 'M8366321', 'SUNAR', 'KALASH CHANDRA ', '1963-03-04', NULL, 'Male', NULL, NULL, '2025-04-15', NULL, NULL, NULL, '2015-10-30 16:53:12', 7, '2015-11-24 16:55:52', 7, 'Yes', NULL, NULL, 4, '', 38, 'IND', 'IND', NULL, NULL),
(242, 1, 3, 0, NULL, 'J0742324', 'HIRANI', 'NITIN DEVSHI ', '1994-11-05', NULL, 'Male', NULL, NULL, '2020-06-09', NULL, NULL, NULL, '2015-10-30 16:56:59', 7, '2015-11-24 16:05:58', 7, 'Yes', NULL, NULL, 2, '', 38, 'IND', 'IND', NULL, NULL),
(243, 2, 3, 0, NULL, 'G4547O11', 'HIRANI', 'MANJI DEVSHI', '1966-04-26', NULL, 'Male', NULL, NULL, '2018-04-16', '2008-10-22', NULL, 1, '2015-10-30 17:03:40', 7, NULL, NULL, 'Yes', NULL, NULL, 2, '', 1, 'IND', 'IND', NULL, NULL),
(244, 2, 3, 0, NULL, 'K0602116', 'SRINIVASAN', ' GANESAN', '1965-05-07', NULL, 'Male', NULL, NULL, '2021-10-16', '2006-06-18', NULL, 2, '2015-10-30 17:06:50', 7, '2015-11-24 15:34:52', 7, 'Yes', NULL, NULL, 3, '', 71, 'IND', 'IND', NULL, NULL),
(245, 2, 4, 0, NULL, 'H8555323', 'SIVANANDAM', 'RAMASAMY GOUNDER', '1953-11-04', NULL, 'Male', NULL, NULL, '2019-11-11', '2012-11-11', NULL, 1, '2015-10-30 17:20:37', 7, '2015-11-21 11:59:37', 7, 'Yes', NULL, NULL, 2, 'rsivanandam@yahoo.com', 98, 'IND', 'IND', 8, 'A'),
(246, 1, 3, 0, NULL, 'M5991142', 'PATEL', 'DIPEN VINODBHAI ', '1984-08-16', NULL, 'Male', NULL, NULL, '2025-02-03', NULL, NULL, NULL, '2015-10-30 17:48:35', 7, '2015-11-24 14:22:07', 7, 'Yes', NULL, NULL, 4, '', 38, 'IND', 'IND', 8, 'A'),
(247, 1, 3, 0, NULL, 'G6438554', 'PATEL', 'SHAILESHKUMAR RAMESHBHAI', '1982-12-21', NULL, 'Male', NULL, NULL, '2018-01-21', '2010-03-08', NULL, NULL, '2015-10-30 18:34:45', 7, '2015-11-24 17:15:18', 7, 'Yes', NULL, NULL, 4, '', 38, 'IND', 'IND', 7, 'B'),
(248, 1, 4, 0, NULL, 'J7590768', 'MUKHERJEE', 'BIPLAB', '1977-01-09', NULL, 'Male', NULL, NULL, '2021-07-11', '2015-03-30', NULL, NULL, '2015-10-30 18:49:26', 7, '2015-11-19 15:13:43', 7, 'Yes', NULL, NULL, 2, '', 52, 'IND', 'IND', 7, 'A'),
(249, NULL, 3, 0, NULL, 'ZZ324771', 'UNIKKOLI', 'KUMAR SURESH', '1964-06-01', NULL, 'Male', NULL, NULL, '2022-09-09', '2006-09-06', NULL, 1, '2015-10-30 18:54:13', 7, '2015-11-18 17:49:58', 7, 'Yes', NULL, NULL, 2, '', 33, 'IND', 'IND', 7, 'B'),
(250, 2, 3, 0, NULL, '3151974', 'SURESH', 'KUMAR SINGH', '1968-03-30', NULL, 'Male', NULL, NULL, '2016-07-16', '2012-10-01', NULL, 2, '2015-10-30 19:04:09', 7, NULL, NULL, 'Yes', NULL, NULL, 3, '', 29, 'NEP', 'KATH', 7, 'B'),
(251, 2, 4, 0, NULL, 'K7880992', 'KESAVAN', ' VIJAYAN', '1979-03-11', NULL, 'Male', NULL, NULL, '2023-01-03', '2014-06-12', NULL, 2, '2015-10-31 09:34:30', 7, '2015-11-20 16:10:23', 7, 'Yes', NULL, NULL, 3, 'skvijay79@yahoo.co.uk', 1, 'IND', 'IND', 6, 'C'),
(252, 2, 4, 0, NULL, 'K5866670', 'RAJA', 'KUUSHAL PRAMODRAY', '1981-11-15', NULL, 'Male', NULL, NULL, '2022-10-30', '2013-02-07', NULL, 1, '2015-10-31 09:45:55', 7, '2015-11-20 15:43:46', 7, 'Yes', NULL, NULL, 2, '', 1, 'IND', 'IND', 6, 'C'),
(253, 2, 4, 0, NULL, 'H8564461', 'SUBRAMANIAN', ' KRISHNAMOORTHY', '1961-06-20', NULL, 'Male', NULL, NULL, '2020-01-04', '2007-10-10', NULL, 1, '2015-10-31 09:56:57', 7, '2015-11-20 16:19:54', 7, 'Yes', NULL, NULL, 2, 'bhushki@gmail.com', 1, 'IND', 'IND', 6, 'C'),
(254, NULL, 4, 0, NULL, 'Z2322523', 'KURIAN', ' KURIAN JAMES', '1959-04-24', NULL, 'Male', NULL, NULL, '2022-07-15', '2011-11-21', NULL, NULL, '2015-10-31 10:15:29', 7, '2015-11-20 16:26:58', 7, 'Yes', NULL, NULL, 3, 'james20041@indiatimes.com', 1, 'IND', 'IND', 6, 'C'),
(255, NULL, 4, 0, NULL, 'K4157307', 'KAZIM', 'KAZIM RAZA ', '1990-03-21', NULL, 'Male', NULL, NULL, '2022-07-11', '2012-09-24', NULL, NULL, '2015-10-31 10:21:09', 7, '2015-11-20 15:32:13', 7, 'Yes', NULL, NULL, 4, '', 73, 'IND', 'IND', 6, 'C'),
(256, 1, 3, 0, NULL, 'J5153291', ' PATEL', ' MITKUMAR MAHENDRA', '1995-02-16', NULL, 'Male', NULL, NULL, '2021-03-04', '2012-08-14', NULL, NULL, '2015-10-31 10:40:41', 7, '2015-11-24 18:04:49', 7, 'Yes', NULL, NULL, 1, '', 57, 'IND', 'IND', NULL, NULL),
(257, 1, 3, 0, NULL, 'K0904387', 'PATEL', 'MAHENDRABHAI PARESHBHAI ', '1984-06-01', NULL, 'Male', NULL, NULL, '2021-10-18', NULL, NULL, NULL, '2015-10-31 10:42:03', 7, '2015-11-24 14:50:34', 7, 'Yes', NULL, NULL, 4, '', 38, 'IND', 'IND', NULL, NULL),
(258, 1, 3, 0, NULL, 'G7786385', 'MEGHANI', 'SHIVJI NARAN', '1978-01-06', NULL, 'Male', NULL, NULL, '2018-04-15', '2008-06-06', NULL, 2, '2015-10-31 10:54:11', 7, '2015-11-24 12:29:01', 7, 'Yes', NULL, NULL, 3, '', 70, 'IND', 'IND', NULL, NULL),
(259, 1, 3, 0, NULL, 'H9882067', 'PAREKH AKA VALAND', 'VINODBHAI MEHULKUMAR', '1992-11-18', NULL, 'Male', NULL, NULL, '2020-02-23', NULL, NULL, NULL, '2015-10-31 10:57:15', 7, NULL, NULL, 'Yes', NULL, NULL, 4, '', 38, 'IND', 'IND', NULL, NULL),
(260, 1, 3, 0, NULL, 'F8821268', 'MANJEET', 'SINGH ', '1978-11-25', NULL, 'Male', NULL, NULL, '2016-07-12', '2014-12-08', NULL, NULL, '2015-10-31 11:02:41', 7, '2015-11-24 14:52:55', 7, 'Yes', NULL, NULL, 4, '', 38, 'IND', 'IND', NULL, NULL),
(261, 1, 3, 0, NULL, 'K7701010', 'PATEL', 'MAHESHKUMAR MIHIR', '1993-05-02', NULL, 'Male', NULL, NULL, '2022-08-27', NULL, NULL, NULL, '2015-10-31 11:03:38', 7, NULL, NULL, 'Yes', NULL, NULL, 1, '', 38, 'IND', 'IND', NULL, NULL),
(262, 1, 3, 0, NULL, 'J5137829', 'PATEL', 'MUKESHBHAI MAUNISHKUMAR', '1989-11-20', NULL, 'Male', NULL, NULL, '2021-02-13', NULL, NULL, NULL, '2015-10-31 11:09:08', 7, '2015-11-24 17:55:32', 7, 'Yes', NULL, NULL, 4, '', 38, 'IND', 'IND', NULL, NULL),
(263, 1, 3, 0, NULL, 'Z23Z2686', 'MALKIT', 'RAM MALKIT', '1975-06-05', NULL, 'Male', NULL, NULL, '2022-07-19', NULL, NULL, NULL, '2015-10-31 11:14:54', 7, '2015-11-10 12:16:39', 7, 'Yes', NULL, NULL, 4, '', 38, 'IND', 'IND', NULL, NULL),
(264, NULL, 3, 0, NULL, 'K9389774', 'MAKVANA', 'YOGESHKUMAR DEVJI ', '1965-09-03', NULL, 'Male', NULL, NULL, '2023-02-17', NULL, NULL, 2, '2015-10-31 11:29:24', 7, '2015-11-24 15:15:05', 7, 'Yes', NULL, NULL, 2, '', 54, 'IND', 'IND', NULL, NULL),
(265, 2, 3, 0, NULL, 'Z2537640', 'MANIKKOTH', ' SASEENDRAN', '1969-04-30', NULL, 'Male', NULL, NULL, '2023-08-20', '2010-05-02', NULL, 1, '2015-10-31 11:33:47', 7, '2015-11-24 17:23:52', 7, 'Yes', NULL, NULL, 3, '', 1, 'IND', 'IND', NULL, NULL),
(266, 1, 3, 0, NULL, 'J4578834', 'PRAJAPATI', 'NARAYANBHAI PRITESHKUMAR', '1988-05-26', NULL, 'Male', NULL, NULL, '2021-01-09', NULL, NULL, NULL, '2015-10-31 11:34:47', 7, '2015-11-24 17:10:54', 7, 'Yes', NULL, NULL, 4, '', 38, 'IND', 'IND', NULL, NULL),
(267, 1, 3, 0, NULL, 'K7720821', 'PATEL', 'BAKORBHAI VAIBHAVKUMAR', '1992-05-22', NULL, 'Male', NULL, NULL, '2022-09-13', NULL, NULL, NULL, '2015-10-31 11:35:44', 7, '2015-11-24 14:13:53', 7, 'Yes', NULL, NULL, 4, '', 38, 'IND', 'IND', NULL, NULL),
(268, 1, 3, 0, NULL, 'Z2322686', 'MALKIT', 'RAM MALKIT', '1975-06-05', NULL, 'Male', NULL, NULL, '2022-07-19', '2013-09-16', NULL, NULL, '2015-10-31 11:37:03', 7, '2015-11-24 17:48:22', 7, 'Yes', NULL, NULL, 4, '', 38, 'IND', 'IND', NULL, NULL),
(269, 1, 3, 0, NULL, 'J4587213', ' VOHRA', ' ALTAFBHAI USMANGANI', '1979-01-24', NULL, 'Male', NULL, NULL, '2021-01-27', NULL, NULL, NULL, '2015-10-31 11:38:33', 7, '2015-11-24 17:21:54', 7, 'Yes', NULL, NULL, 1, '', 38, 'IND', 'IND', NULL, NULL),
(270, 1, 3, 0, NULL, 'L9740086', 'DESAI', ' BALDEV BHAI AMRUTLAL', '1971-01-01', NULL, 'Male', NULL, NULL, '2024-05-29', NULL, NULL, NULL, '2015-10-31 11:39:37', 7, '2015-11-24 15:21:04', 7, 'Yes', NULL, NULL, 1, '', 38, 'IND', 'IND', NULL, NULL),
(271, 1, 3, 0, NULL, 'G1699392', 'VALAND', 'PUNAMBHAI BHAVESHKUMAR', '1983-10-13', NULL, 'Male', NULL, NULL, '2017-02-26', NULL, NULL, NULL, '2015-10-31 11:51:12', 7, '2015-11-24 12:48:54', 7, 'Yes', NULL, NULL, 1, '', 38, 'IND', 'IND', NULL, NULL),
(272, 1, 3, 0, NULL, 'H8521430', 'BALWINDER', 'SINGH ', '1985-05-06', NULL, 'Male', NULL, NULL, '2019-12-06', '2013-02-02', NULL, NULL, '2015-10-31 11:52:51', 7, '2015-11-24 14:39:11', 7, 'Yes', NULL, NULL, 1, '', 38, 'IND', 'IND', NULL, NULL),
(273, 1, 3, 0, NULL, 'K2355419', 'PAREKH', 'SRIKANT PRAVINKUMAR ', '1987-02-28', NULL, 'Male', NULL, NULL, '2021-12-08', NULL, NULL, NULL, '2015-10-31 11:55:03', 7, '2015-11-24 13:06:01', 7, 'Yes', NULL, NULL, 4, '', 15, 'IND', 'IND', NULL, NULL),
(274, 1, 3, 0, NULL, 'K7716396', 'PATEL', 'RAMESHBHAI VIJAYKUMAR', '1990-06-01', NULL, 'Male', NULL, NULL, '2022-09-10', NULL, NULL, NULL, '2015-10-31 11:56:32', 7, '2015-11-24 17:42:07', 7, 'Yes', NULL, NULL, 4, '', 38, 'IND', 'IND', NULL, NULL),
(275, 1, 3, 0, NULL, 'L9743947', 'PRAJAPATI', 'VISHAL NAGINBHAI ', '1995-03-08', NULL, 'Male', NULL, NULL, '2024-06-02', NULL, NULL, NULL, '2015-10-31 11:57:20', 7, '2015-11-24 15:23:23', 7, 'Yes', NULL, NULL, 4, '', 38, 'IND', 'IND', NULL, NULL),
(276, 1, 3, 0, NULL, 'L5897053', 'DAVDA', 'SURESHBHAI VIVEK', '1984-10-14', NULL, 'Male', NULL, NULL, '2023-10-23', NULL, NULL, NULL, '2015-10-31 11:58:01', 7, NULL, NULL, 'Yes', NULL, NULL, 4, '', 38, 'IND', 'IND', NULL, NULL),
(277, 1, 3, 0, NULL, 'F9573506', 'PATEL', 'VASANTKUMAR SOMABHAI ', '1976-02-19', NULL, 'Male', NULL, NULL, '2016-09-03', NULL, NULL, NULL, '2015-10-31 11:58:55', 7, '2015-11-24 12:22:13', 7, 'Yes', NULL, NULL, 4, '', 38, 'IND', 'IND', NULL, NULL),
(278, 1, 3, 0, NULL, 'L3302380', 'PATEL', 'INDRAVADANBHAI SAVANKUMAR', '1994-05-04', NULL, 'Male', NULL, NULL, '2023-07-30', NULL, NULL, NULL, '2015-10-31 12:04:42', 7, '2015-11-24 17:53:20', 7, 'Yes', NULL, NULL, 4, '', 38, 'IND', 'IND', NULL, NULL),
(279, 2, 4, 0, NULL, 'H7545714', 'NAGARAJ', 'SOWMYAMALINI', '1990-09-04', NULL, 'Female', NULL, NULL, '2019-09-24', '2011-07-05', NULL, 2, '2015-10-31 12:22:01', 7, '2015-11-21 13:08:47', 7, 'Yes', NULL, NULL, 3, '', 38, 'IND', 'IND', 5, 'A'),
(280, 1, 3, 0, NULL, 'H9479052', 'VISANA', 'NAGA MALDE', '1989-09-12', NULL, 'Male', NULL, NULL, '2020-01-14', NULL, NULL, NULL, '2015-10-31 12:28:12', 7, '2015-11-25 11:55:46', 7, 'Yes', NULL, NULL, 4, '', 38, 'IND', 'IND', NULL, NULL),
(281, 1, 3, 0, NULL, 'J9182852', 'VISANA', 'NAGA BHIMA', '1983-07-22', NULL, 'Male', NULL, NULL, '2021-08-03', NULL, NULL, NULL, '2015-10-31 12:29:40', 7, '2015-11-25 12:00:27', 7, 'Yes', NULL, NULL, 4, '', 38, 'IND', '_ND', NULL, NULL),
(282, 1, 3, 0, NULL, 'F8326866', 'GOHEL', 'PRAVINBHAI YOGESH', '1980-01-05', NULL, 'Male', NULL, NULL, '2016-05-31', NULL, NULL, NULL, '2015-10-31 12:31:31', 7, NULL, NULL, 'Yes', NULL, NULL, 4, '', 38, 'IND', 'IND', NULL, NULL),
(283, 1, 3, 0, NULL, 'M0186026', 'PATEL', 'VISHALKUMAR RAMANBHAI ', '1993-12-01', NULL, 'Male', NULL, NULL, '2024-07-16', NULL, NULL, NULL, '2015-10-31 12:32:24', 7, '2015-11-24 16:02:57', 7, 'Yes', NULL, NULL, 4, '', 38, 'IND', 'IND', NULL, NULL),
(284, 1, 3, 0, NULL, 'M4001114', 'CHAUHAN', 'LALJI RAJESH', '1975-07-17', NULL, 'Male', NULL, NULL, '2024-12-10', '2006-02-01', NULL, 2, '2015-10-31 12:49:40', 7, '2015-11-25 10:37:50', 7, 'Yes', NULL, NULL, 2, '', 68, 'IND', 'IND', NULL, NULL),
(285, NULL, 4, 0, NULL, 'F7295342', 'GUPTA', ' RAKESH', '1982-06-30', NULL, 'Male', NULL, NULL, '2016-05-07', NULL, NULL, NULL, '2015-11-02 10:11:14', 7, '2015-11-21 11:37:55', 7, 'Yes', NULL, NULL, 2, 'rakeshca-gupta04@rediffmail.com', 86, 'IND', 'IND', 6, 'D'),
(286, 2, 4, 0, NULL, 'J1023755', 'RAY', ' RUPANKAR', '1974-01-15', NULL, 'Male', NULL, NULL, '2020-11-24', '2014-04-30', NULL, NULL, '2015-11-02 10:19:06', 7, '2015-11-21 11:54:21', 7, 'Yes', NULL, NULL, 3, 'ray.rupankar@gmail.com', 1, 'IND', 'IND', 6, 'D'),
(287, 2, 4, 0, NULL, 'M1220179', 'YADAVALLI', 'JAGANNADHA RAJA', '1979-11-20', NULL, 'Male', NULL, NULL, '2024-08-20', '2015-04-17', NULL, 1, '2015-11-02 10:27:49', 7, '2015-11-21 11:21:55', 7, 'Yes', NULL, NULL, 3, 'yadavalli.raja@gmail.com', 74, 'IND', 'IND', 6, 'D'),
(288, 2, 4, 0, NULL, '_8991179', 'SUBRAMANIAM', 'RAMACHANDRAN ', '1956-06-05', NULL, 'Male', NULL, NULL, '2016-07-06', '2011-12-28', NULL, NULL, '2015-11-02 10:34:48', 7, '2015-11-19 18:03:11', 7, 'Yes', NULL, NULL, 3, '', 1, 'IND', 'IND', 6, 'D'),
(289, 2, 4, 0, NULL, 'K1634476', 'SALIAN', ' ROSHNI', '1981-07-15', NULL, 'Female', NULL, NULL, '2021-10-24', '2013-01-16', NULL, 1, '2015-11-02 10:45:19', 7, '2015-11-21 11:43:17', 7, 'Yes', NULL, NULL, 2, 'roshni.salian15@yahoo.com', 74, 'IND', 'IND', 6, 'D'),
(290, NULL, 4, 0, NULL, 'J9493689', 'SHARMA', ' RAJNEESH', '1970-07-13', NULL, 'Male', NULL, NULL, '2021-08-02', '2014-01-28', NULL, 1, '2015-11-02 10:50:23', 7, '2015-11-21 11:10:08', 7, 'Yes', NULL, NULL, 3, '', 1, 'IND', 'IND', 6, 'D'),
(291, 2, 4, 0, NULL, 'J0452880', 'THOPPIL', 'PRAVEEN DAS', '1981-02-02', NULL, 'Male', NULL, NULL, '2020-09-27', '2011-01-19', NULL, NULL, '2015-11-02 11:01:42', 7, '2015-11-21 09:53:29', 7, 'Yes', NULL, NULL, 3, 'praveend2281@gmail.com', 74, 'IND', 'IND', 6, 'D'),
(292, 2, 4, 0, NULL, 'K7211292', 'RANGANATHAN', 'KAUTILYA', '1980-01-16', NULL, 'Male', NULL, NULL, '2022-12-10', '2014-07-14', NULL, NULL, '2015-11-02 11:13:21', 7, '2015-11-21 11:32:48', 7, 'Yes', NULL, NULL, 2, 'kautilya.ranganathan', 1, 'IND', 'IND', 6, 'D'),
(293, 2, 4, 0, NULL, 'J2651583', 'BENEDICT', ' JULIE', '1974-07-26', NULL, 'Female', NULL, NULL, '2020-09-13', '2015-03-20', NULL, 1, '2015-11-02 11:35:54', 7, '2015-11-20 14:23:58', 7, 'Yes', NULL, NULL, 2, 'vivleo26@gmail.com', 74, 'IND', 'IND', 6, 'B'),
(294, 2, 4, 0, NULL, 'Z2907004', 'ACHUTHAN NAIR', 'SURENDRAN NAIR', '1960-04-04', NULL, 'Male', NULL, NULL, '2024-04-08', '2009-10-12', NULL, NULL, '2015-11-02 12:02:10', 7, '2015-11-21 13:22:46', 7, 'Yes', NULL, NULL, 2, '', 1, 'IND', 'IND', 5, 'A'),
(295, 2, 4, 0, NULL, 'L4282874', 'NARUKA', 'SUMAN KUMARI ', '1988-06-04', NULL, 'Female', NULL, NULL, '2023-08-29', '2013-08-29', NULL, 1, '2015-11-02 12:07:29', 7, '2015-11-21 12:50:22', 7, 'Yes', NULL, NULL, 3, '', 29, 'IND', 'IND', 5, 'A'),
(296, NULL, 4, 0, NULL, 'K9316244', 'PAPPAVALASU ARUMUGAM', 'SUBRAMANIAN', '1958-07-01', NULL, 'Male', NULL, NULL, '2022-11-04', NULL, NULL, NULL, '2015-11-02 12:17:38', 7, '2015-11-21 13:01:25', 7, 'Yes', NULL, NULL, 2, 'surul99@yahoocom', 1, 'IND', 'IND', NULL, NULL),
(297, 1, 4, 0, NULL, 'AA2308102', 'UKANI', ' SHAHZAD', '1985-12-30', NULL, 'Male', NULL, NULL, '2023-02-05', '2008-09-10', NULL, NULL, '2015-11-02 12:28:28', 7, '2015-11-21 12:21:34', 7, 'Yes', NULL, NULL, 4, 'shahzad-kamal@hotmail.com', 75, 'PAK', 'PAK', 5, 'A'),
(298, 2, 4, 0, NULL, 'J9139690', 'NAYAK', 'SRINIVAS RAMCHANDRA ', '1958-07-01', NULL, 'Male', NULL, NULL, '2021-11-17', '2011-12-28', NULL, NULL, '2015-11-02 12:36:39', 7, '2015-11-21 12:53:44', 7, 'Yes', NULL, NULL, 3, 'msr-nayak@rediffmail.com', 1, 'IND', 'IHD', 5, 'A'),
(299, NULL, 4, 0, NULL, 'F8924145', 'PAMU', 'SIVA KUMAR ', '1981-07-23', NULL, 'Male', NULL, NULL, '2016-08-03', '2009-08-11', NULL, NULL, '2015-11-02 12:44:51', 7, '2015-11-18 10:51:09', 7, 'Yes', NULL, NULL, 2, 'shivakumar.pamu@gmail.com', 76, 'IND', 'IND', 5, 'A'),
(300, 1, 4, 0, NULL, 'K1631501', 'PATHAN', 'SHAKIL ISMAIL', '1966-10-14', NULL, 'Male', NULL, NULL, '2021-10-18', '2012-06-24', NULL, NULL, '2015-11-02 12:55:06', 7, '2015-11-18 10:43:24', 7, 'Yes', NULL, NULL, 4, '', 1, 'IND', 'IND', 5, 'A'),
(301, 2, 4, 0, NULL, 'H3673788', 'SYED', 'ZAKI HYDER ', '1979-06-18', NULL, 'Male', NULL, NULL, '2019-04-26', '2013-04-24', NULL, NULL, '2015-11-02 13:08:39', 7, '2015-11-21 14:45:44', 7, 'Yes', NULL, NULL, 2, 'zaki-hyder@yahoo.com', 1, 'IND', 'IND', 5, 'A'),
(302, 1, 4, 0, NULL, 'H7052407', 'SYED', 'SYED JAFAR HUSSAIN ', '1988-05-06', NULL, 'Male', NULL, NULL, '2020-01-07', '2012-05-23', NULL, NULL, '2015-11-02 13:13:40', 7, '2015-11-21 14:54:24', 7, 'Yes', NULL, NULL, 4, 'jafar9@yahoo.com', 38, 'IND', 'IND', 5, 'A'),
(303, 1, 4, 0, NULL, 'G4100119', 'ZAIDI', ' SYED RAZA HUSSAIN', '1986-10-09', NULL, 'Male', NULL, NULL, '2017-07-17', '2013-06-15', NULL, NULL, '2015-11-02 13:16:27', 7, '2015-11-21 15:22:43', 7, 'Yes', NULL, NULL, 4, '', 38, 'IND', 'IND', 5, 'A'),
(304, 1, 4, 0, NULL, 'J2836087', 'SYED', 'SYED ALI ASGHAR RAZA ', '1990-12-19', NULL, 'Male', NULL, NULL, '2021-01-18', '2013-07-01', NULL, NULL, '2015-11-02 13:22:01', 7, '2015-11-21 13:27:10', 7, 'Yes', NULL, NULL, 4, 'aliasghar121421@gmail.com', 38, 'IND', 'IND', 5, 'A'),
(305, 2, 4, 0, NULL, 'ZZ323081', 'SYED', 'ANWAR RAZA SYED', '1971-08-27', NULL, 'Male', NULL, NULL, '2022-07-30', '2009-12-14', NULL, 1, '2015-11-02 13:29:30', 7, '2015-11-12 09:08:31', 7, 'Yes', NULL, NULL, 3, 'anwarjami@yahoo.com', 109, 'IND', 'IND', 5, 'A'),
(306, 1, 4, 0, NULL, 'J6167603', 'PATEL', 'ALKABEN JAYANTIBHAI', '1984-05-29', NULL, 'Female', NULL, NULL, '2021-05-29', '2011-09-13', NULL, NULL, '2015-11-02 16:10:05', 7, '2015-11-19 12:37:22', 7, 'Yes', NULL, NULL, 4, '', 102, 'IND', 'IND', 6, 'A'),
(307, 2, 4, 0, NULL, 'L3325127', 'ABDUL', 'QAYYUM ', '1975-06-29', NULL, 'Male', NULL, NULL, '2023-05-05', '2012-12-05', NULL, NULL, '2015-11-02 16:20:49', 7, '2015-11-19 11:08:41', 7, 'Yes', NULL, NULL, 2, 'abdul.hashmi@gmail.com', 52, 'IND', 'IND', 6, 'A'),
(308, 1, 4, 0, NULL, 'H6187194', 'PATEL', 'HIRENKUMARGAUTAMBHAI ', '1986-08-05', NULL, 'Male', NULL, NULL, '2019-07-07', '2011-11-01', NULL, NULL, '2015-11-02 16:38:56', 7, '2015-11-20 13:34:58', 7, 'Yes', NULL, NULL, 4, 'hpatel5889@gmail.com', 15, 'IND', 'IND', 6, 'B'),
(309, 2, 4, 0, NULL, 'J9611039', 'FAROOQUE', ' DANISH', '1978-03-13', NULL, 'Male', NULL, NULL, '2022-01-02', '2014-05-26', NULL, NULL, '2015-11-02 17:07:44', 7, '2015-11-20 08:58:48', 7, 'Yes', NULL, NULL, 2, 'mailto:danishfarooque333@gmail.com', 78, 'IND', 'IND', 6, 'B'),
(310, NULL, 4, 0, NULL, 'M2043896', 'PATEL', 'NAYANKUMAR SHAILESHBHAI ', '1983-03-24', NULL, 'Male', NULL, NULL, '2024-09-08', '2006-04-01', NULL, NULL, '2015-11-02 17:17:37', 7, '2015-11-21 09:28:05', 7, 'Yes', NULL, NULL, 4, '', 15, 'IND', 'IND', 6, 'D'),
(311, 2, 4, 0, NULL, 'Z2102855', 'MANGHANMALANI', ' NARENDRA SHANKERLAL', '1961-07-13', NULL, 'Male', NULL, NULL, '2021-02-28', '2009-05-11', NULL, NULL, '2015-11-02 17:26:07', 7, '2015-11-21 09:07:54', 7, 'Yes', NULL, NULL, 4, 'narenmalani@yahoo.com', 1, 'IND', 'IND', 6, 'D'),
(312, 2, 4, 0, NULL, 'G7262705', 'SIRAM', 'VENKATA RAMARAO ', '1963-06-12', NULL, 'Male', NULL, NULL, '2018-02-03', '2013-07-02', NULL, 2, '2015-11-02 17:43:37', 7, '2015-11-23 14:59:02', 7, 'Yes', NULL, NULL, 1, 'siramvenkataramao@gmail.com', 1, 'IND', 'IND', 5, 'B'),
(313, NULL, 4, 0, NULL, 'L5848018', 'JOSHI', 'VINAY BALWANT ', '1961-06-11', NULL, 'Male', NULL, NULL, '2023-11-21', '2009-03-21', NULL, NULL, '2015-11-02 17:48:37', 7, '2015-11-23 14:46:42', 7, 'Yes', NULL, NULL, 4, '', 74, 'IND', 'IND', 5, 'B'),
(314, 1, 4, 0, NULL, 'J0746764', 'VARGHESE', 'VICTORY THOMAS ', '1975-05-22', NULL, 'Female', NULL, NULL, '2020-06-15', '2011-11-01', NULL, NULL, '2015-11-02 17:52:43', 7, '2015-11-23 14:25:57', 7, 'Yes', NULL, NULL, 4, '', 38, 'IND', 'IND', 5, 'B'),
(315, 2, 4, 0, NULL, 'M1800693', 'VYAS', 'KUMAR VIMAL', '1987-10-18', NULL, 'Male', NULL, NULL, '2024-09-04', '2014-09-26', NULL, NULL, '2015-11-02 17:59:20', 7, '2015-11-23 15:32:48', 7, 'Yes', NULL, NULL, 1, 'vimal180ct@gmail.com', 1, 'IND', 'IND', 5, 'B'),
(316, 2, 4, 0, NULL, 'N4519257', 'CHOPRA', 'VISHAL', '1969-01-04', NULL, 'Male', NULL, NULL, '2015-12-11', '2014-06-07', NULL, 2, '2015-11-02 18:09:30', 7, '2015-11-24 16:29:03', 7, 'Yes', NULL, NULL, 3, 'vishal40.chopra@gmail.com', 1, 'IND', 'IND', 5, 'B'),
(317, 2, 4, 0, NULL, 'K8301605', 'VIJAYALAKSHMI BALAJJI SUBRAMANIAM', 'VENGATESH', '1971-08-02', NULL, 'Male', NULL, NULL, '2023-04-01', '2013-06-05', NULL, NULL, '2015-11-02 18:16:42', 7, '2015-11-23 14:36:19', 7, 'Yes', NULL, NULL, 1, '', 1, 'IND', 'IND', 5, 'B'),
(318, 2, 4, 0, NULL, 'K4088963', 'KUMAR', ' ABHINAW', '1986-01-03', NULL, 'Male', NULL, NULL, '2022-08-01', '2014-06-17', NULL, NULL, '2015-11-03 09:27:18', 7, '2015-11-19 10:42:23', 7, 'Yes', NULL, NULL, 1, '', 74, 'IND', 'IND', 6, 'A'),
(319, 1, 14, 0, NULL, 'G0555508', 'ABBAS', 'MOHAMMED ALI', '1986-10-29', NULL, 'Male', NULL, NULL, '2016-11-01', '2015-05-07', NULL, NULL, '2015-11-03 09:38:52', 7, '2015-11-19 11:52:18', 7, 'Yes', NULL, NULL, 4, 'think-4840@yahoo.com', 38, 'IND', 'IND', 6, 'A'),
(320, 1, 4, 0, NULL, 'J4370361', 'ARATHY', ' SURESHBABU NAIR', '1992-10-07', NULL, 'Female', NULL, NULL, '2020-09-20', NULL, NULL, NULL, '2015-11-03 09:45:55', 7, '2015-11-19 11:26:27', 7, 'Yes', NULL, NULL, 4, '', 38, 'IND', 'IND', 6, 'A'),
(321, 1, 4, 0, NULL, 'G7921485', 'AMIRI', 'ALIF AZIZ ', '1991-12-14', NULL, 'Male', NULL, NULL, '2018-02-25', '2013-07-29', NULL, NULL, '2015-11-03 09:49:18', 7, '2015-11-19 12:00:07', 7, 'Yes', NULL, NULL, 4, '', 81, 'IND', 'IND', 6, 'A'),
(322, 1, 4, 0, NULL, 'J4653716', 'UPADHYAY', ' ANKITA', '1980-08-04', NULL, 'Female', NULL, NULL, '2021-02-02', '2011-12-19', NULL, NULL, '2015-11-03 09:58:01', 7, '2015-11-19 11:39:11', 7, 'Yes', NULL, NULL, 4, 'asupadhaya@yahoo.com', 1, 'IMD', 'IND', 6, 'A'),
(323, 2, 4, 0, NULL, 'L3143510', 'SHARMA', 'ABHINAV', '1987-11-03', NULL, 'Male', NULL, NULL, '2023-07-03', '2013-08-09', NULL, NULL, '2015-11-03 10:04:54', 7, '2015-11-19 11:34:57', 7, 'Yes', NULL, NULL, 2, 'abhisharma250@gmail.com', 29, 'IND', 'IND', 6, 'A'),
(324, 1, 4, 0, NULL, 'G8529133', 'MIR', 'ALI ABBAS', '1985-02-08', NULL, 'Male', NULL, NULL, '2018-04-27', '2012-03-14', NULL, NULL, '2015-11-03 10:09:26', 7, '2015-11-03 10:19:30', 7, 'Yes', NULL, NULL, 1, '', 82, 'IND', 'IND', 6, 'A'),
(325, 1, 4, 0, NULL, 'J5305744', 'RAZVI', ' MIRJAHANDER ALI', '1980-12-16', NULL, 'Male', NULL, NULL, '2020-11-25', '2007-03-14', NULL, NULL, '2015-11-03 10:33:25', 7, '2015-11-17 15:34:33', 7, 'Yes', NULL, NULL, 1, '', 83, 'IND', 'IND', 6, 'C'),
(326, 2, 4, 0, NULL, 'J0321651', 'MEHTA', 'UDAYAN MINESH', '1981-04-14', NULL, 'Male', NULL, NULL, '2020-04-27', '2014-06-03', NULL, NULL, '2015-11-03 10:42:17', 7, '2015-11-20 18:22:13', 7, 'Yes', NULL, NULL, 2, 'mehtaminesh@gmail.com', 74, 'IND', 'IND', 6, 'C'),
(327, 2, 4, 0, NULL, 'M0538420', 'THAKAR', ' MEGHAVI JATINKUMAR', '1983-05-21', NULL, 'Female', NULL, NULL, '2024-09-02', '2012-08-01', NULL, NULL, '2015-11-03 10:50:40', 7, '2015-11-18 11:58:30', 7, 'Yes', NULL, NULL, 2, 'megha.jatin06@gmail.com', 74, 'IND', 'IND', 6, 'C'),
(328, 2, 4, 0, NULL, 'M3940116', 'JAIN', 'KUMAR MANISH', '1978-06-06', NULL, 'Male', NULL, NULL, '2024-12-03', '2012-08-08', NULL, NULL, '2015-11-03 10:57:54', 7, '2015-11-18 17:29:37', 7, 'Yes', NULL, NULL, 2, 'manishjainuae@rediffmail.com', 74, 'IND', 'IND', 6, 'C'),
(329, 2, 4, 0, NULL, 'K1096211', 'GUPTA', ' MANISH', '1973-02-12', NULL, 'Male', NULL, NULL, '2021-10-19', '2011-11-29', NULL, NULL, '2015-11-03 11:02:07', 7, '2015-11-20 17:00:36', 7, 'Yes', NULL, NULL, 2, 'manishgupta1202@yahoo.com', 84, 'IND', 'IND', 6, NULL),
(330, 2, 4, 0, NULL, 'K2884036', 'MANDAL', ' MADHUMITA', '1976-11-14', NULL, 'Female', NULL, NULL, '2022-04-25', '2014-06-10', NULL, 2, '2015-11-03 11:11:23', 7, '2015-11-20 17:30:49', 7, 'Yes', NULL, NULL, 2, 'mahu18@gmail.com', 74, 'IND', 'IND', 6, 'C'),
(331, 2, 4, 0, NULL, 'M2389263', 'KODATHALA', 'MADHUSUDHANA REDDY ', '1984-05-10', NULL, 'Male', NULL, NULL, '2024-09-28', '2015-03-27', NULL, 2, '2015-11-03 11:17:18', 7, '2015-11-20 17:19:54', 7, 'Yes', NULL, NULL, 2, '', 74, 'IND', 'IND', 6, 'C'),
(332, 1, 4, 0, NULL, 'G7848065', 'CHUNARA', 'AMIRALI MURTUZA', '1989-10-25', NULL, 'Male', NULL, NULL, '2018-02-18', '2010-09-08', NULL, 2, '2015-11-03 11:31:39', 7, '2015-11-24 17:33:30', 7, 'Yes', NULL, NULL, 3, 'fazal-7864@yahoo.com', 83, 'IND', 'IND', 6, 'C'),
(333, NULL, 4, 0, NULL, 'G8297100', 'MIRZA', ' SHABBIR ALI', '1987-04-02', NULL, 'Male', NULL, NULL, '2018-04-14', '2012-11-03', NULL, NULL, '2015-11-03 12:04:45', 7, '2015-11-20 18:39:29', 7, 'Yes', NULL, NULL, 1, 'shabbir6217@yahoo.com', 82, 'IND', 'IND', 6, 'C'),
(334, 2, 4, 0, NULL, 'K5161524', 'JAIN', 'MITUL', '1988-05-23', NULL, 'Male', NULL, NULL, '2022-05-03', '2013-08-23', NULL, 2, '2015-11-03 12:14:16', 7, '2015-11-20 18:28:16', 7, 'Yes', NULL, NULL, 1, 'mituljain1234@gmail.com', 29, 'IND', 'IND', 6, 'C'),
(335, 2, 4, 0, NULL, 'M3006066', 'MIRZA', 'FAZAL RAZA', '1990-03-18', NULL, 'Male', NULL, NULL, '2024-10-15', '2015-07-20', NULL, 1, '2015-11-03 12:22:19', 7, '2015-11-20 18:11:05', 7, 'Yes', NULL, NULL, 2, 'shiateen1514@gmail.com', 74, 'IND', 'IND', 6, 'C'),
(336, 2, 4, 0, NULL, 'K4399314', 'MOHAMMAD', 'ASIF', '1973-01-08', NULL, 'Male', NULL, NULL, '2022-07-08', '2012-08-20', NULL, 1, '2015-11-03 12:29:18', 7, '2015-11-17 16:20:17', 7, 'Yes', NULL, NULL, 2, 'masif873@yahoo.com', 74, 'IND', 'IND', 6, 'C'),
(337, 2, 4, 0, NULL, 'H8146120', 'NAIR', 'MURALI KRISHNAN ', '1957-07-10', NULL, 'Male', NULL, NULL, '2020-01-07', '2012-03-23', NULL, 1, '2015-11-03 12:50:11', 7, '2015-11-20 18:52:43', 7, 'Yes', NULL, NULL, 3, 'muralinair@sify.com', 1, 'IND', 'IND', 6, NULL),
(338, NULL, 4, 0, NULL, 'H4461235', 'MASANI', 'YASIN CHETNABEN', '1970-07-24', NULL, 'Female', NULL, NULL, '2019-03-24', NULL, NULL, NULL, '2015-11-03 13:08:18', 7, '2015-11-20 08:35:38', 7, 'Yes', NULL, NULL, 4, '', 108, 'IND', 'IND', 6, 'B'),
(339, NULL, 4, 0, NULL, 'G4095636', 'CHARANYA', ' RAHEEM', '1988-09-09', NULL, 'Male', NULL, NULL, '2017-07-12', '2011-02-16', NULL, NULL, '2015-11-03 13:12:49', 7, '2015-11-19 19:08:19', 7, 'Yes', NULL, NULL, 4, 'raheem.charaniya@yahoo.co.in', 81, 'IND', 'IND', 6, 'B'),
(340, 2, 4, 0, NULL, 'J8383618', 'SALIAN', ' CHANDRASHEKHAR', '1974-06-16', NULL, 'Male', NULL, NULL, '2021-05-26', '2011-10-29', NULL, NULL, '2015-11-03 13:17:33', 7, '2015-11-19 18:18:38', 7, 'Yes', NULL, NULL, 2, 'chandrashekhar.salian@rediffmail.com', 1, 'IND', 'IND', 6, 'B'),
(341, 2, 4, 0, NULL, 'H8717721', 'TIVAKARAM VISWANATHAN', 'BALASUBRAMANIAN BALASUBRAMANIAN', '1969-09-19', NULL, 'Male', NULL, NULL, '2020-02-18', '2014-09-15', NULL, 1, '2015-11-03 14:17:31', 7, '2015-11-21 14:27:03', 7, 'Yes', NULL, NULL, 2, 'baluty-chi@yahoo.com', 86, 'IND', 'IND', 5, 'A'),
(342, 2, 4, 0, NULL, 'ZZZ13089', 'SETHI', ' TARUN', '1976-08-14', NULL, 'Male', NULL, NULL, '2022-05-24', '2014-02-19', NULL, 1, '2015-11-03 14:25:43', 7, NULL, NULL, 'Yes', NULL, NULL, 3, '', 1, 'IND', 'IND', 5, 'A'),
(343, 2, 4, 0, NULL, 'G9733341', 'JOSHI', 'DEVIDAS DILIP', '1957-03-02', NULL, 'Male', NULL, NULL, '2018-07-08', '2014-12-19', NULL, 1, '2015-11-03 14:29:33', 7, '2015-11-20 09:59:05', 7, 'Yes', NULL, NULL, 2, 'ddjoshi1957@gmail.com', 1, 'IND', 'IND', 6, 'B'),
(344, 2, 4, 0, NULL, 'K2799989', 'DIGVIJAY', 'SINGH DIGVIJAY', '1981-03-02', NULL, 'Male', NULL, NULL, '2022-07-02', '2012-06-20', NULL, 1, '2015-11-03 14:34:19', 7, '2015-11-20 10:07:53', 7, 'Yes', NULL, NULL, 3, 'digvijayghotra@gmail.com', 1, 'IND', 'IND', 6, 'B'),
(345, 2, 4, 0, NULL, 'F9965899', 'DHANABAL', ' MOHANRAJ', '1980-03-08', NULL, 'Male', NULL, NULL, '2016-11-02', '2015-07-06', NULL, 1, '2015-11-03 14:39:04', 7, '2015-11-20 10:57:56', 7, 'Yes', NULL, NULL, 2, 'dmohanrajmca@gmail.com', 1, 'IND', 'IND', 6, 'B'),
(346, 2, 4, 0, NULL, 'H0878610', 'MOHANDAS', 'DASS PREM', '1976-01-09', NULL, 'Male', NULL, NULL, '2018-10-14', '2011-09-20', NULL, 2, '2015-11-03 14:46:34', 7, '2015-11-20 08:47:21', 7, 'Yes', NULL, NULL, 3, 'prem87006@gmail.com', 1, 'IND', 'IND', 6, 'B'),
(347, 2, 4, 0, NULL, 'M4338247', 'PATEL', 'YASHVIR FIRDOSH ', '1974-11-15', NULL, 'Male', NULL, NULL, '2024-12-11', '2015-05-30', NULL, 1, '2015-11-03 15:05:56', 7, '2015-11-17 17:07:57', 7, 'Yes', NULL, NULL, 2, 'patelyashvir@gmail.com', 74, 'IND', 'IND', 5, 'A'),
(348, 2, 4, 0, NULL, 'H4831905', 'MEHRA', ' YOGESH', '1954-10-01', NULL, 'Male', NULL, NULL, '2019-07-07', '2014-06-03', NULL, 1, '2015-11-03 15:09:59', 7, '2015-11-23 12:58:07', 7, 'Yes', NULL, NULL, 3, 'yogeshm14@yahoo.co.in', 1, 'IND', 'IND', 5, 'A'),
(349, 2, 4, 0, NULL, 'G9283273', 'SHARMA', ' PRITAM', '1973-11-30', NULL, 'Male', NULL, NULL, '2018-09-10', '2009-09-11', NULL, 1, '2015-11-03 15:34:15', 7, '2015-11-21 10:27:32', 7, 'Yes', NULL, NULL, 2, 'pritamsharma31@yahoo.co', 87, 'IND', 'IND', NULL, NULL),
(350, 2, 4, 0, NULL, 'N0493978', 'KHANCHANDANI', ' PANKAJ', '1986-01-30', NULL, 'Male', NULL, NULL, '2025-07-02', '2013-08-09', NULL, NULL, '2015-11-03 15:40:18', 7, '2015-11-21 09:43:42', 7, 'Yes', NULL, NULL, 2, 'pankajkc2000@gmail.com', 52, 'IND', 'IND', 6, 'D'),
(351, 2, 4, 0, NULL, '07595065', 'CHHETRI', 'BHIM BAHADUR ', '1975-05-28', NULL, 'Male', NULL, NULL, '2024-07-07', '2012-05-08', NULL, 1, '2015-11-03 16:53:13', 7, '2015-11-19 15:32:13', 7, 'Yes', NULL, NULL, 1, '', 16, 'NPL', 'NPL', 6, 'A'),
(352, 1, 5, 0, NULL, 'L6259094', 'PATEL', 'BHARATKUMAR KEYURKUMAR', '1993-06-01', NULL, 'Male', NULL, NULL, '2023-11-13', '2012-06-19', NULL, NULL, '2015-11-04 09:49:00', 7, '2015-11-06 12:07:28', 7, 'Yes', NULL, NULL, 4, '', 38, 'IND', 'IND', 1, 'D'),
(353, 1, 5, 0, NULL, 'L3340890', 'THANKI', 'NATHALAL ABHISHEK', '1982-07-15', NULL, 'Male', NULL, NULL, '2023-06-24', '2009-04-23', NULL, NULL, '2015-11-04 09:55:15', 7, '2015-11-06 11:24:58', 7, 'Yes', NULL, NULL, 1, '', 38, 'IND', 'IND', 1, 'D'),
(354, 1, 5, 0, NULL, 'N2294399', 'VANKAR', 'DHARMENDRAKUMAR RATILAL', '1995-07-11', NULL, 'Male', NULL, NULL, '2025-08-07', NULL, NULL, NULL, '2015-11-04 09:59:01', 7, '2015-11-06 11:52:35', 7, 'Yes', NULL, NULL, 1, '', 38, 'IND', 'IND', 1, 'D'),
(355, 1, 5, 0, NULL, 'H2142151', 'KOTAK', 'AMRUTLAL MUKESHKUMAR', '1965-06-02', NULL, 'Male', NULL, NULL, '2019-01-01', '2013-06-20', NULL, 2, '2015-11-04 10:05:39', 7, '2015-11-06 11:22:16', 7, 'Yes', NULL, NULL, 2, '', 38, 'IND', 'IND', 1, 'D'),
(356, 1, 5, 0, NULL, 'L1514083', 'SYED MOHAMED', 'HAMEED SHAHUL', '1982-02-17', NULL, 'Male', NULL, NULL, '2023-03-17', '2008-06-19', NULL, 1, '2015-11-04 10:11:09', 7, '2015-11-06 11:39:47', 7, 'Yes', NULL, NULL, 2, 'shahulin111@yahoo.cm', 29, 'IND', 'IND', 1, 'D'),
(357, 1, 5, 0, NULL, 'L3332781', 'PATEL', 'HARMANBHAI NILESHKUMAR', '1980-05-02', NULL, 'Male', NULL, NULL, '2023-05-29', '2010-04-14', NULL, NULL, '2015-11-04 10:21:40', 7, '2015-11-06 11:38:18', 7, 'Yes', NULL, NULL, 1, '', 32, 'IND', 'IND', 1, 'D'),
(358, 1, 5, 0, NULL, 'H6902566', 'GOYANI', 'DAMJIBHAI DALSUKHBHAI', '1970-05-02', NULL, 'Male', NULL, NULL, '2019-08-24', '2010-12-01', NULL, NULL, '2015-11-04 10:24:18', 7, '2015-11-06 11:36:00', 7, 'Yes', NULL, NULL, 2, '', 38, 'IND', 'IND', 1, 'D'),
(359, 2, 5, 0, NULL, 'K5758516', 'THAKKAR', 'MANISHKUMAR CHAITALEE', '1978-02-10', NULL, 'Female', NULL, NULL, '2022-06-11', '2005-10-05', NULL, 1, '2015-11-04 10:31:54', 7, '2015-11-19 09:48:43', 7, 'Yes', NULL, NULL, 2, '', 32, 'IND', 'IND', 1, 'A'),
(360, 1, 5, 0, NULL, 'F8251305', 'SINGH', ' DEVENDRA', '1968-08-15', NULL, 'Male', NULL, NULL, '2016-05-25', '2011-11-01', NULL, NULL, '2015-11-04 10:41:45', 7, '2015-11-06 11:35:13', 7, 'Yes', NULL, NULL, 2, 'devendrassengar@yahoo.co', 46, 'IND', 'IND', 1, 'D'),
(361, 2, 1, 0, NULL, 'J5307666', 'SULTHAN MOHAMMED', 'ALI FAIZAL', '1982-01-30', NULL, 'Male', NULL, NULL, '2020-12-05', '2006-04-01', NULL, NULL, '2015-11-04 14:12:32', 7, NULL, NULL, 'Yes', NULL, NULL, 1, '', 34, 'IND', 'IND', 1, 'B'),
(362, 1, 1, 0, NULL, 'M8111064', 'HABEEB', ' ALTHAF', '1996-12-11', NULL, 'Male', NULL, NULL, '2025-04-08', NULL, NULL, NULL, '2015-11-04 14:28:09', 7, NULL, NULL, 'Yes', NULL, NULL, 1, '', 7, 'IND', 'IND', 1, 'B'),
(363, 2, 1, 0, NULL, 'L4259041', 'AGATH', 'GANGA NAGAJAN', '1983-08-16', NULL, 'Male', NULL, NULL, '2023-08-21', '2013-07-01', NULL, NULL, '2015-11-04 14:33:11', 7, NULL, NULL, 'Yes', NULL, NULL, 2, '', 30, 'IND', 'IND', 1, 'B'),
(364, 1, 1, 0, NULL, 'M8016068', 'ABDUL NAZAR', 'RAHUMAN ABDUL', '1986-07-06', NULL, 'Male', NULL, NULL, '2025-04-05', NULL, NULL, 2, '2015-11-04 14:36:37', 7, NULL, NULL, 'Yes', NULL, NULL, 1, '', 12, 'IND', 'IND', 1, 'B'),
(365, 2, 1, 0, NULL, 'N0185163', 'DEEPAK', ' POORNIMA', '1989-07-31', NULL, 'Female', NULL, NULL, '2025-06-11', '2015-09-07', NULL, NULL, '2015-11-04 14:58:04', 7, '2015-11-04 14:58:53', 7, 'Yes', NULL, NULL, 3, '', 88, 'IND', 'IND', 1, 'B'),
(366, 2, 1, 0, NULL, 'M9009239', 'SHARMA', ' YOGESH', '1969-02-10', NULL, 'Male', NULL, NULL, '2025-05-24', '2015-06-24', NULL, 1, '2015-11-04 15:03:57', 7, '2015-11-04 15:04:50', 7, 'Yes', NULL, NULL, 2, '', 89, 'IND', 'IND', 1, 'B'),
(367, NULL, 1, 0, NULL, 'G8422640', 'SOLANKI', 'ARVINDBHAI NIREN', '1979-12-18', NULL, 'Male', NULL, NULL, '2018-05-04', '2014-09-29', NULL, NULL, '2015-11-04 15:10:52', 7, '2015-11-25 15:07:29', 7, 'Yes', NULL, NULL, 1, '', 32, 'IND', 'IND', 1, 'B'),
(368, 2, 1, 0, NULL, 'G7345643', 'SATISH', 'KUMAR ', '1975-12-11', NULL, 'Male', NULL, NULL, '2018-03-19', NULL, NULL, 1, '2015-11-04 15:15:23', 7, '2015-11-25 15:04:15', 7, 'Yes', NULL, NULL, 2, '', 46, 'IND', 'IND', 1, 'B'),
(369, NULL, 1, 0, NULL, 'H9034274', 'GAURAV', 'KALYAN GAURAV', '1989-06-12', NULL, 'Male', NULL, NULL, '2020-09-14', NULL, NULL, NULL, '2015-11-04 15:18:21', 7, '2015-11-25 15:28:40', 7, 'Yes', NULL, NULL, 1, '', 39, 'IND', 'IND', 1, 'B'),
(370, NULL, 1, 0, NULL, '08728930', 'KARKI', 'BAHADUR CHITRA', '1981-08-31', NULL, 'Male', NULL, NULL, '2025-04-18', NULL, NULL, NULL, '2015-11-04 15:19:44', 7, NULL, NULL, 'Yes', NULL, NULL, 1, '', 32, 'NPL', 'NPL', 1, 'B'),
(371, NULL, 1, 0, NULL, '4219604', 'DHAKAL', 'MR.DANDAPANI', '1966-11-04', NULL, 'Male', NULL, NULL, '2018-10-22', NULL, NULL, NULL, '2015-11-04 15:23:31', 7, NULL, NULL, 'Yes', NULL, NULL, 1, '', 48, 'NAPALESE', 'NAP', 1, 'B'),
(372, NULL, 1, 0, NULL, '08473629', 'MAHAT', ' DHRUBA', '1985-12-07', NULL, 'Male', NULL, NULL, '2025-02-07', '2012-04-26', NULL, NULL, '2015-11-04 15:48:28', 7, NULL, NULL, 'Yes', NULL, NULL, 2, '', 46, 'NPL', 'NPL', 1, 'B'),
(373, NULL, 1, 0, NULL, 'G9236237', 'SHARMA', ' MOHIT', '1990-03-22', NULL, 'Male', NULL, NULL, '2018-07-30', NULL, NULL, NULL, '2015-11-04 15:49:54', 7, NULL, NULL, 'Yes', NULL, NULL, 2, '', 35, 'IND', 'IND', 1, 'B'),
(374, NULL, 1, 0, NULL, 'G8155588', 'PAKKIR MONNA MOHAMED', 'HUSSAIN FAIZAL', '1981-06-23', NULL, 'Male', NULL, NULL, '2018-04-14', NULL, NULL, NULL, '2015-11-04 15:51:17', 7, NULL, NULL, 'Yes', NULL, NULL, 1, '', 43, 'IND', 'IND', 1, 'B'),
(375, 1, 21, 0, NULL, 'F0316213', 'MOSTAFA', 'KAMAL', '1963-12-31', NULL, 'Male', NULL, NULL, '2020-03-31', '2013-05-26', NULL, NULL, '2015-11-04 16:49:35', 7, '2015-11-23 18:14:12', 7, 'Yes', NULL, NULL, 1, '', 90, 'IND', 'IND', 2, 'D'),
(376, 2, 9, 0, NULL, 'F8095548', 'MYDEENKANNU', ' ANSAR', '1987-05-02', NULL, 'Male', NULL, NULL, '2016-06-28', '2010-11-20', NULL, NULL, '2015-11-04 17:54:24', 7, NULL, NULL, 'Yes', NULL, NULL, 1, '', 47, 'IND', 'IND', 3, 'A'),
(377, NULL, 9, 0, NULL, 'Z1984348', 'MALIK', ' AKHILESH', '1979-10-06', NULL, 'Male', NULL, NULL, '2019-05-14', '2012-10-03', NULL, NULL, '2015-11-04 18:00:38', 7, NULL, NULL, 'Yes', NULL, NULL, 2, '', 1, 'IND', 'IND', 3, 'A'),
(378, 2, 9, 0, NULL, 'M5701635', 'ANSARI', 'RAHIM ABDUL', '1981-02-01', NULL, 'Male', NULL, NULL, '2025-04-05', '2014-07-07', NULL, 2, '2015-11-04 18:04:13', 7, '2015-11-04 18:04:41', 7, 'Yes', NULL, NULL, 2, '', 18, 'IND', 'IND', 3, 'A'),
(379, 1, 9, 0, NULL, 'J5173964', 'PATEL', 'PRAVINBHAI AKSHAYKUMAR', '1997-08-19', NULL, 'Male', NULL, NULL, '2021-03-24', '2014-08-01', NULL, NULL, '2015-11-04 18:07:26', 7, NULL, NULL, 'Yes', NULL, NULL, 1, '', 38, 'IND', 'IND', 3, 'A'),
(380, NULL, 9, 0, NULL, 'M1155148', 'VINCENT', 'PAUL RAJAN ARUL', '1977-11-03', NULL, 'Male', NULL, NULL, '2024-08-12', NULL, NULL, NULL, '2015-11-04 18:09:48', 7, NULL, NULL, 'Yes', NULL, NULL, 1, '', 48, 'IND', 'IND', 3, 'A'),
(381, NULL, 9, 0, NULL, 'K4862284', 'SHARMA', 'ANKUSH', '1992-12-23', NULL, 'Male', NULL, NULL, '2022-06-22', NULL, NULL, NULL, '2015-11-04 18:13:39', 7, NULL, NULL, 'Yes', NULL, NULL, 2, '', 38, 'IND', 'IND', 3, 'A'),
(382, 1, 9, 0, NULL, 'K3781042', 'GAURAV', 'KUMAR GAURAV', '1992-03-07', NULL, 'Male', NULL, NULL, '2022-05-24', '2012-12-01', NULL, NULL, '2015-11-05 10:34:02', 7, '2015-11-05 10:35:04', 7, 'Yes', NULL, NULL, 1, '', 91, 'IND', 'IND', 3, 'A'),
(383, NULL, 9, 0, NULL, 'K0505213', 'KHATUN', ' NAZNUR', '1993-12-25', NULL, 'Female', NULL, NULL, '2022-06-12', NULL, NULL, NULL, '2015-11-05 10:37:14', 7, NULL, NULL, 'Yes', NULL, NULL, 2, '', 43, 'IND', 'IND', 3, 'A'),
(384, 1, 9, 0, NULL, 'K9393558', 'PATEL', 'NITINKUMAR JUGALKUMAR', '1994-03-08', NULL, 'Male', NULL, NULL, '2023-02-21', '2014-04-30', NULL, NULL, '2015-11-05 10:43:41', 7, NULL, NULL, 'Yes', NULL, NULL, 4, '', 16, 'IND', 'IND', 3, 'B'),
(385, NULL, 9, 0, NULL, 'G0007610', 'VELANI', 'MAVJI HARISH', '1988-01-06', NULL, 'Male', NULL, NULL, '2016-10-05', '2007-07-21', NULL, NULL, '2015-11-05 10:47:20', 7, NULL, NULL, 'Yes', NULL, NULL, 1, '', 38, 'IND', 'IND', 3, 'B'),
(386, 1, 9, 0, NULL, 'L4254782', 'PATEL', 'DINESHBHAI RAVIKUMAR', '1986-11-02', NULL, 'Male', NULL, NULL, '2023-08-04', '2007-06-27', NULL, 1, '2015-11-05 10:51:24', 7, NULL, NULL, 'Yes', NULL, NULL, 2, '', 9, 'IND', 'IND', 3, 'C'),
(387, 1, 9, 0, NULL, 'Z2319860', 'RAWAT', ' PARAT', '1967-06-20', NULL, 'Male', NULL, NULL, '2022-05-16', '2015-02-24', NULL, 1, '2015-11-05 10:55:08', 7, NULL, NULL, 'Yes', NULL, NULL, 2, 'paratrawat5@gmail.com', 48, 'IND', 'IND', NULL, NULL),
(388, 1, 9, 0, NULL, 'L7026429', 'PATEL', 'RAMANLAL NILESH', '1968-08-04', NULL, 'Male', NULL, NULL, '2024-01-30', '2014-08-19', NULL, 2, '2015-11-05 11:00:21', 7, NULL, NULL, 'Yes', NULL, NULL, 4, 'patelnileshr1@gmail.com', 16, 'IND', 'IND', 3, 'C'),
(389, 1, 10, 0, NULL, 'K0011187', 'NARINDER', 'KUMAR NARINDER', '1991-02-28', NULL, 'Male', NULL, NULL, '2022-01-15', '2012-10-15', NULL, NULL, '2015-11-05 11:04:06', 7, NULL, NULL, 'Yes', NULL, NULL, 1, '', 12, 'IND', 'IND', 3, 'C'),
(390, 2, 9, 0, NULL, 'N3140510', 'RANA', 'BHAVIN TEJALBEN', '1980-01-11', NULL, 'Female', NULL, NULL, '2025-09-07', '2014-09-16', NULL, 2, '2015-11-05 11:21:35', 7, '2015-11-05 11:22:04', 7, 'Yes', NULL, NULL, 2, '', 12, 'IND', 'IND', 3, 'A'),
(391, NULL, 9, 0, NULL, 'L4155699', 'KAJA NASRUDHEEN', 'ASIF NOORUL', '1985-06-25', NULL, 'Male', NULL, NULL, '2023-10-07', NULL, NULL, NULL, '2015-11-05 11:27:22', 7, NULL, NULL, 'Yes', NULL, NULL, 4, '', 20, 'IND', 'IND', 3, 'C'),
(392, 2, 9, 0, NULL, '07641134', 'MAGAR', ' LACHHUMAN', '1970-05-18', NULL, 'Male', NULL, NULL, '2024-07-16', '2014-08-01', NULL, 2, '2015-11-05 12:19:23', 7, NULL, NULL, 'Yes', NULL, NULL, 3, '', 24, 'NPL', 'NPL', 3, 'C'),
(393, 1, 9, 0, NULL, 'K9973797', 'MANI', ' KISHORE', '1992-06-26', NULL, 'Male', NULL, NULL, '2023-04-16', '2014-04-04', NULL, 2, '2015-11-05 12:24:19', 7, NULL, NULL, 'Yes', NULL, NULL, 1, 'kishore92mani@gmail.com', 9, 'IND', 'IND', 3, 'B'),
(394, 1, 9, 0, NULL, 'H0633844', 'VISHAL', 'KUMAR VISHAL', '1988-10-27', NULL, 'Male', NULL, NULL, '2018-10-05', '2015-01-22', NULL, NULL, '2015-11-05 12:27:26', 7, NULL, NULL, 'Yes', NULL, NULL, 4, '', 38, 'IND', 'IND', 3, 'D'),
(395, 2, 9, 0, NULL, 'L9629655', 'CHAKRABORTY', ' TOMISHRA', '1987-10-19', NULL, 'Female', NULL, NULL, '2024-05-22', '2014-07-31', NULL, 1, '2015-11-05 12:33:13', 7, '2015-11-05 12:39:38', 7, 'Yes', NULL, NULL, 2, 'tomishra.chakraborty@hotmail.com', 4, 'IND', 'IND', 3, 'D'),
(396, 2, 9, 0, NULL, 'H9958120', 'SURENDER', 'KUMAR SURENDER', '1989-02-01', NULL, 'Male', NULL, NULL, '2020-03-15', '2015-06-19', NULL, 1, '2015-11-05 12:39:18', 7, NULL, NULL, 'Yes', NULL, NULL, 2, '15surenderrana@gmail.com', 37, 'IND', 'IND', 3, 'D'),
(397, 1, 9, 0, NULL, 'L8600627', 'SINGH', ' SANDEEP', '1993-10-16', NULL, 'Male', NULL, NULL, '2024-04-03', '2014-06-22', NULL, NULL, '2015-11-05 12:45:23', 7, NULL, NULL, 'Yes', NULL, NULL, 1, '', 50, 'IND', 'IND', 3, 'D'),
(398, 1, 9, 0, NULL, 'M2853235', 'MAJEED', ' RAFEEQ', '1994-06-09', NULL, 'Male', NULL, NULL, '2024-10-13', '2015-10-08', NULL, NULL, '2015-11-05 14:31:29', 7, NULL, NULL, 'Yes', NULL, NULL, 1, '', 41, 'IND', 'IND', 3, 'B'),
(399, 1, 9, 0, NULL, 'J5927241', 'SURYAWAR', 'SINGH RANA SURYAWAR', '1991-12-09', NULL, 'Male', NULL, NULL, '2021-11-17', '2015-09-22', NULL, 2, '2015-11-05 14:34:39', 7, NULL, NULL, 'Yes', NULL, NULL, 1, '', 38, 'IND', 'IND', 3, 'D'),
(400, 1, 9, 0, NULL, 'M9342698', 'RAKESH', 'KUMAR RAKESH', '1989-07-01', NULL, 'Male', NULL, NULL, '2025-06-07', '2015-10-01', NULL, 2, '2015-11-05 14:36:41', 7, NULL, NULL, 'Yes', NULL, NULL, 1, '', 9, 'IND', 'IND', 3, 'B'),
(401, 1, 9, 0, NULL, 'N0427815', 'PARMAR', 'BHURABHAI HITESH', '1989-08-01', NULL, 'Male', NULL, NULL, '2025-06-22', '2015-09-25', NULL, 2, '2015-11-05 14:39:17', 7, NULL, NULL, 'Yes', NULL, NULL, 1, '', 16, 'IND', 'IND', 3, 'D'),
(402, 1, 9, 0, NULL, 'H4300173', 'SHARMA', 'KUMAR YOGESH', '1987-04-04', NULL, 'Male', NULL, NULL, '2019-03-30', '2015-09-03', NULL, 1, '2015-11-05 14:41:37', 7, NULL, NULL, 'Yes', NULL, NULL, 2, '', 37, 'IND', 'IND', 3, 'D'),
(403, 2, 9, 0, NULL, 'M8481262', 'KOCH', ' GOPAL', '1993-10-22', NULL, 'Male', NULL, NULL, '2025-05-17', '2015-08-08', NULL, 1, '2015-11-05 14:44:09', 7, NULL, NULL, 'Yes', NULL, NULL, 1, '', 48, 'IND', 'IND', 3, 'B'),
(404, NULL, 9, 0, NULL, 'N0451187', 'PEER MOHAMMED', 'KHAN NOWFAL', '1989-02-26', NULL, 'Male', NULL, NULL, '2025-06-17', '2015-08-01', NULL, 1, '2015-11-05 14:46:06', 7, '2015-11-05 14:48:37', 7, 'Yes', NULL, NULL, 1, '', 38, 'IND', 'IND', 3, 'D'),
(405, 2, 9, 0, NULL, 'G9128113', 'VORA', 'HITESHBHAI RUCHI', '1990-09-21', NULL, 'Female', NULL, NULL, '2018-06-19', '2011-04-04', NULL, 1, '2015-11-05 14:50:42', 7, '2015-11-05 14:51:52', 7, 'Yes', NULL, NULL, 2, '', 12, 'IND', 'IND', 3, 'D'),
(406, 2, 10, 0, NULL, 'M5993355', 'GOSWAMI', 'LAXMANGIRI JAYKISHAN', '1995-08-11', NULL, 'Male', NULL, NULL, '2025-02-05', '2015-07-19', NULL, 1, '2015-11-05 15:28:24', 7, NULL, NULL, 'Yes', NULL, NULL, 1, '', 14, 'IND', 'IND', 2, 'B'),
(407, 1, 10, 0, NULL, 'N2514224', 'HARPREET', ' HARPREET', '1986-06-01', NULL, 'Male', NULL, NULL, '2025-08-18', '2015-08-28', NULL, 1, '2015-11-05 15:51:24', 7, NULL, NULL, 'Yes', NULL, NULL, 1, '', 9, 'IND', 'IND', 2, 'B'),
(408, 1, 10, 0, NULL, 'L5841882', 'ABDUL SALAAM', 'SATHICK JAFFAR', '1975-05-21', NULL, 'Male', NULL, NULL, '2023-10-31', '2006-03-26', NULL, NULL, '2015-11-05 15:55:13', 7, '2015-11-05 16:01:14', 7, 'Yes', NULL, NULL, 1, '', 38, 'IND', 'IND', 2, 'B');
INSERT INTO `staff` (`staff_id`, `staff_type_id`, `company_id`, `leave_days`, `pp_type`, `pp_passport_no`, `pp_surname`, `pp_given_names`, `pp_date_of_birth`, `pp_profession`, `pp_sex`, `pp_place_of_birth`, `pp_date_of_issue`, `pp_date_of_expiry`, `join_date`, `recruit_agent_id`, `air_ticket_type_id`, `add_date`, `add_user`, `edit_date`, `edit_user`, `is_active`, `exit_date`, `exit_mode_id`, `accom_type_id`, `email`, `staff_post_id`, `pp_nationality`, `pp_issuedby`, `cabinet_no`, `cabinet_section`) VALUES
(409, NULL, 10, 0, NULL, 'H1196853', 'VANSHDEEP', 'BHARDWAJ VANSHDEEP', '1988-04-03', NULL, 'Male', NULL, NULL, '2018-10-30', '2014-02-05', NULL, NULL, '2015-11-05 15:59:52', 7, '2015-11-05 16:00:19', 7, 'Yes', NULL, NULL, 1, '', 13, 'IND', 'IND', 2, 'D'),
(410, 1, 10, 0, NULL, 'L4854973', 'GURPREET', 'SINGH GURPREET', '1992-04-20', NULL, 'Male', NULL, NULL, '2023-09-05', '2014-05-01', NULL, NULL, '2015-11-05 16:11:14', 7, NULL, NULL, 'Yes', NULL, NULL, 1, '', 12, 'IND', 'IND', 2, 'B'),
(411, 2, 10, 0, NULL, 'M2619906', 'GAURAV', ' GAURAV', '1979-11-14', NULL, 'Male', NULL, NULL, '2024-10-16', '2012-12-11', NULL, 1, '2015-11-05 16:13:21', 7, NULL, NULL, 'Yes', NULL, NULL, 2, '', 39, 'IND', 'IND', 2, 'B'),
(412, 1, 10, 0, NULL, 'G9951339', 'MODHA', 'TULSIDAS ASHISHKUMAR', '1981-07-24', NULL, 'Male', NULL, NULL, '2018-10-19', '2013-04-18', NULL, NULL, '2015-11-05 16:16:33', 7, NULL, NULL, 'Yes', NULL, NULL, 2, '', 12, 'IND', 'IND', 2, 'A'),
(413, 1, 10, 0, NULL, 'J0617003', 'KAJA NASORUDEEN', 'SATHICK ANVER', '1986-05-10', NULL, 'Male', NULL, NULL, '2020-05-24', '2015-07-18', NULL, NULL, '2015-11-05 16:19:42', 7, '2015-11-05 16:20:26', 7, 'Yes', NULL, NULL, 1, '', 92, 'IND', 'IND', 2, 'B'),
(414, 1, 10, 0, NULL, 'L2895988', 'AHAMED', ' HAKKIM', '1984-01-05', NULL, 'Male', NULL, NULL, '2023-07-14', '2014-02-24', NULL, 2, '2015-11-05 16:25:49', 7, '2015-11-09 15:18:53', 7, 'Yes', NULL, NULL, 1, '', 9, 'IND', 'IND', 2, 'A'),
(415, 2, 10, 0, NULL, 'M2746834', 'MAHIPAL', 'SINGH MAHIPAL', '1984-08-08', NULL, 'Male', NULL, NULL, '2024-10-16', '2011-06-23', NULL, 2, '2015-11-05 16:29:08', 7, NULL, NULL, 'Yes', NULL, NULL, 1, '', 17, 'IND', 'IND', 2, 'B'),
(416, 2, 10, 0, NULL, 'M9359313', 'PATEL', 'PRITULKUMAR KANUBHAI ', '1984-08-01', NULL, 'Male', NULL, NULL, '2025-06-07', '2009-06-29', NULL, 1, '2015-11-05 16:35:57', 7, '2015-11-25 12:27:47', 7, 'Yes', NULL, NULL, 2, '', 56, 'IND', 'IND', 2, 'D'),
(417, 2, 10, 0, NULL, 'K8617840', 'NIRMALA', ' RANESH', '1989-12-18', NULL, 'Male', NULL, NULL, '2022-11-22', '2014-09-09', NULL, NULL, '2015-11-05 16:38:38', 7, NULL, NULL, 'Yes', NULL, NULL, 1, '', 12, 'IND', 'IND', 2, 'C'),
(418, 2, 10, 0, NULL, '4695861', 'UCHAI', 'RIM BAHADUR', '1971-12-23', NULL, 'Male', NULL, NULL, '2020-02-20', '2010-09-28', NULL, 2, '2015-11-05 16:43:27', 7, NULL, NULL, 'Yes', NULL, NULL, 1, '', 16, 'NEP', 'NEP', 2, 'D'),
(419, 2, 10, 0, NULL, 'L3333065', 'BAZEER', ' SHYAMSHABITH', '1986-05-11', NULL, 'Male', NULL, NULL, '2023-05-30', '2008-11-22', NULL, 1, '2015-11-05 16:48:58', 7, NULL, NULL, 'Yes', NULL, NULL, 2, '', 29, 'IND', 'IND', 2, 'D'),
(420, 1, 13, 0, NULL, 'Z2546617', 'HARVINDER', 'SINGH HARVINDER', '1974-04-15', NULL, 'Male', NULL, NULL, '2023-02-28', '2008-05-18', NULL, NULL, '2015-11-05 17:36:13', 7, '2015-11-05 17:43:40', 7, 'Yes', NULL, NULL, 3, '', 93, 'IND', 'IND', 1, 'C'),
(421, 1, 13, 0, NULL, 'G5149532', 'MANOJ', 'SINGH MANOJ', '1983-07-02', NULL, 'Male', NULL, NULL, '2017-12-09', '2014-06-28', NULL, 2, '2015-11-05 17:38:44', 7, NULL, NULL, 'Yes', NULL, NULL, 3, '', 7, 'IND', 'IND', 1, 'C'),
(422, 2, 13, 0, NULL, 'G9125574', 'MACHHAR', 'JANAKRAI DHAVALKUMAR', '1975-03-06', NULL, 'Male', NULL, NULL, '2018-06-08', '2008-11-17', NULL, 1, '2015-11-05 17:41:28', 7, '2015-11-07 11:20:42', 7, 'Yes', NULL, NULL, 2, '', 1, 'IND', 'IND', 1, 'C'),
(423, 2, 13, 0, NULL, 'KE021760', 'KIMANZI', 'TITO VICTOR', '1962-08-30', NULL, 'Male', NULL, NULL, '2019-12-07', '2010-09-21', NULL, NULL, '2015-11-05 17:49:16', 7, NULL, NULL, 'Yes', NULL, NULL, 3, '', 7, 'KEN', 'EAC', 1, 'C'),
(424, 1, 13, 0, NULL, 'I3Z41135', 'PATEL', 'PARSHOTTAMBHAI RAJNIKANT', '1961-10-10', NULL, 'Male', NULL, NULL, '2025-07-21', '2010-05-24', NULL, 2, '2015-11-05 17:53:08', 7, '2015-11-05 17:55:37', 7, 'Yes', NULL, NULL, 3, '', 94, 'IND', 'IND', 1, 'C'),
(425, NULL, 20, 0, NULL, 'G9128760', 'JALORA', 'GOPAL NATWAR', '1957-03-16', NULL, 'Male', NULL, NULL, '2018-06-24', '2014-09-29', NULL, NULL, '2015-11-05 18:01:55', 7, '2015-11-23 18:06:52', 7, 'Yes', NULL, NULL, 1, '', 1, 'IND', 'IND', 1, 'C'),
(426, 1, 21, 0, NULL, 'J4530154', 'GOR', 'NILESHKUMAR JATINKUMAR', '1992-06-18', NULL, 'Male', NULL, NULL, '2020-10-26', NULL, NULL, NULL, '2015-11-06 10:49:44', 7, '2015-11-23 17:31:24', 7, 'Yes', NULL, NULL, 1, '', 38, 'IND', 'IND', 1, 'C'),
(427, 2, 21, 0, NULL, 'Z2258717', 'CHATTERJEE', ' SANGEETA', '1973-11-04', NULL, 'Female', NULL, NULL, '2023-07-16', '2015-08-01', NULL, 1, '2015-11-06 10:53:28', 7, '2015-11-23 18:18:21', 7, 'Yes', NULL, NULL, 2, '', 25, 'IND', 'IND', 1, NULL),
(428, 2, 21, 0, NULL, 'N0574244', 'KUMAR', ' SUMIT', '1987-11-10', NULL, 'Male', NULL, NULL, '2025-07-15', '2015-08-07', NULL, NULL, '2015-11-06 10:55:45', 7, '2015-11-23 17:21:36', 7, 'Yes', NULL, NULL, 3, '', 29, 'IND', 'IND', 1, 'C'),
(429, NULL, 21, 0, NULL, 'J2336904', 'ALMEIDA', 'KISTU JOSEPH', '1975-06-23', NULL, 'Male', NULL, NULL, '2020-07-12', '2015-10-08', NULL, NULL, '2015-11-06 10:59:07', 7, '2015-11-23 17:23:38', 7, 'Yes', NULL, NULL, 1, '', 38, 'IND', 'IND', 1, 'C'),
(430, NULL, 21, 0, NULL, 'Z2263392', 'MISHRA', ' ALPANA', '1971-05-15', NULL, 'Female', NULL, NULL, '2021-06-09', '2015-08-28', NULL, NULL, '2015-11-06 11:02:49', 7, '2015-11-23 17:12:36', 7, 'Yes', NULL, NULL, 4, '', 95, 'IND', 'IND', 1, 'C'),
(431, 1, 21, 0, NULL, 'F7036630', 'DUTTA', 'ARUNDHATI ANIRUDDHA', '1974-06-20', NULL, 'Female', NULL, NULL, '2016-03-20', '2015-08-17', NULL, NULL, '2015-11-06 11:06:25', 7, '2015-11-23 17:16:28', 7, 'Yes', NULL, NULL, 4, '', 95, 'IND', 'IND', 1, 'C'),
(432, 1, 5, 0, NULL, '08487425', 'DHAKAL', 'NIDHI GUNA', '1976-08-22', NULL, 'Male', NULL, NULL, '2025-02-09', '2010-09-29', NULL, NULL, '2015-11-06 11:45:47', 7, NULL, NULL, 'Yes', NULL, NULL, 1, '', 24, 'NPL', 'NPL', 1, 'D'),
(433, 1, 2, 0, NULL, 'K3715806', 'PATEL', 'KANUBHAI DUSHYANT', '1989-09-16', NULL, 'Male', NULL, NULL, '1972-09-04', '2014-08-01', NULL, NULL, '2015-11-06 15:24:54', 7, '2015-11-10 13:28:03', 7, 'Yes', NULL, NULL, 1, '', 38, 'IND', 'IND', NULL, NULL),
(434, 1, 2, 0, NULL, 'K7086914', 'JASWINDER', 'SINGH JASWINDER', '1986-06-02', NULL, 'Male', NULL, NULL, '2022-12-25', '2015-08-23', NULL, NULL, '2015-11-06 15:31:03', 7, '2015-11-11 17:19:03', 7, 'Yes', NULL, NULL, 1, '', 91, 'IND', 'IND', NULL, NULL),
(435, NULL, 2, 0, NULL, '08483999', 'KATWAL', 'KUMAR HARI', '1988-04-22', NULL, 'Male', NULL, NULL, '2025-02-09', '2013-06-12', NULL, NULL, '2015-11-06 15:33:13', 7, '2015-11-23 15:52:42', 7, 'Yes', NULL, NULL, 1, '', 95, 'NPL', 'NPL', NULL, NULL),
(436, 2, 2, 0, NULL, 'G2157012', 'VERMA', 'KUMAR SANJEEV', '1968-03-31', NULL, 'Male', NULL, NULL, '2017-05-10', '2011-06-18', NULL, 1, '2015-11-06 15:36:10', 7, '2015-11-23 15:41:26', 7, 'Yes', NULL, NULL, 2, '', 1, 'IND', 'IND', NULL, NULL),
(437, 2, 2, 0, NULL, 'F8377701', 'KUMARA', 'SUBRAMANIAN NANGAVARAM KUMARA', '1954-05-01', NULL, 'Male', NULL, NULL, '2016-06-26', '2009-08-05', NULL, 1, '2015-11-06 15:38:32', 7, '2015-11-23 15:49:01', 7, 'Yes', NULL, NULL, 1, '', 100, 'IND', 'IND', NULL, NULL),
(438, 1, 2, 0, NULL, '08484005', 'GURUNG', 'PRASAD TANKA', '1968-02-08', NULL, 'Male', NULL, NULL, '2025-02-09', '2011-03-12', NULL, 2, '2015-11-06 15:41:24', 7, '2015-11-23 15:45:31', 7, 'Yes', NULL, NULL, 1, '', 16, 'NPL', 'NPL', NULL, NULL),
(439, NULL, 2, 0, NULL, 'H9886235', 'TRIVEDI', 'DAHYABHAI MAHENDRAKUMAR', '1967-10-29', NULL, 'Male', NULL, NULL, '2020-03-01', '2015-08-13', NULL, NULL, '2015-11-06 15:42:59', 7, '2015-11-23 16:25:40', 7, 'Yes', NULL, NULL, 1, '', 16, 'IND', 'IND', NULL, NULL),
(440, NULL, 2, 0, NULL, 'G8373362', 'RAWAL', 'DHAVALKUMAR PINAL', '1984-06-08', NULL, 'Female', NULL, NULL, '2018-04-30', '2008-06-10', NULL, 1, '2015-11-06 15:45:24', 7, '2015-11-23 16:44:58', 7, 'Yes', NULL, NULL, 2, '', 101, 'IND', 'IND', NULL, NULL),
(441, 1, 2, 0, NULL, 'M0807561', 'PANCHAL', 'BHAILALBHAI PARESHKUMAR', '1979-07-31', NULL, 'Male', NULL, NULL, '2024-08-07', '2007-05-23', NULL, NULL, '2015-11-06 15:48:06', 7, '2015-11-23 16:08:08', 7, 'Yes', NULL, NULL, 4, '', 56, 'IND', 'IND', NULL, NULL),
(442, 1, 2, 0, NULL, 'M1934236', 'MOHAMED', 'MUSTAFFA', '1975-06-06', NULL, 'Male', NULL, NULL, '2024-10-12', '2014-01-21', NULL, NULL, '2015-11-06 15:52:11', 7, '2015-11-23 16:39:28', 7, 'Yes', NULL, NULL, 2, '', 95, 'IND', 'IND', NULL, NULL),
(443, NULL, 2, 0, NULL, 'J6583121', 'CHAHAL', 'DAMANDEEP KAUR', '1975-08-29', NULL, 'Female', NULL, NULL, '2021-03-29', '2015-08-04', NULL, NULL, '2015-11-06 15:56:25', 7, '2015-11-23 16:00:51', 7, 'Yes', NULL, NULL, 4, '', 99, 'IND', 'IND', NULL, NULL),
(444, NULL, 2, 0, NULL, 'J8262213', 'PATEL', 'NAINESHKUMAR KIRITKUMAR', '1992-09-04', NULL, 'Male', NULL, NULL, '1992-06-22', '2015-08-13', NULL, NULL, '2015-11-06 16:02:10', 7, '2015-11-23 15:56:40', 7, 'Yes', NULL, NULL, 1, '', 91, 'IND', 'IND', NULL, NULL),
(445, 1, 18, 0, NULL, 'L8176979', 'PATEL', 'BHANUBHAI BHAVINKUMAR', '1986-01-10', NULL, 'Male', NULL, NULL, '2024-03-27', '2014-11-15', NULL, NULL, '2015-11-06 16:48:27', 7, NULL, NULL, 'Yes', NULL, NULL, 4, '', 60, 'IND', 'IND', 1, 'D'),
(446, NULL, 12, 0, NULL, '06225764', 'SHRESTHA', 'KUMAR CHANDRA', '1972-02-20', NULL, 'Male', NULL, NULL, '2022-12-18', '2013-06-11', NULL, NULL, '2015-11-06 16:51:42', 7, NULL, NULL, 'Yes', NULL, NULL, 1, '', 53, 'NPL', 'NPL', 4, 'A'),
(447, 2, 12, 0, NULL, 'M6765415', 'APURI', 'GNANAESHWAR RAO SAI', '1977-12-25', NULL, 'Male', NULL, NULL, '2025-03-04', '2015-06-26', NULL, 1, '2015-11-06 17:02:20', 7, NULL, NULL, 'Yes', NULL, NULL, 2, '', 1, 'IND', 'IND', 4, 'D'),
(448, 2, 12, 0, NULL, 'J6679082', 'PAREKH', 'PRABHUDAS DEVENDRAKUMAR', '1966-02-06', NULL, 'Male', NULL, NULL, '2021-03-07', '2001-09-01', NULL, 1, '2015-11-06 17:08:19', 7, NULL, NULL, 'Yes', NULL, NULL, 2, '', 9, 'IND', 'IND', 4, 'B'),
(449, NULL, 12, 0, NULL, 'G8184634', 'MODHVADIA', 'ARSI RANMAL', '1966-10-01', NULL, 'Male', NULL, NULL, '2018-04-07', '1994-02-01', NULL, 1, '2015-11-06 17:25:47', 7, NULL, NULL, 'Yes', NULL, NULL, 2, '', 1, 'IND', 'IND', 4, 'C'),
(450, 1, 12, 0, NULL, 'K7739040', 'PATEL', 'RAVINDRABHAI RAKESHKUMAR', '1986-12-26', NULL, 'Male', NULL, NULL, '1972-10-02', '2013-04-09', NULL, NULL, '2015-11-06 17:29:19', 7, NULL, NULL, 'Yes', NULL, NULL, 4, '', 9, 'IND', 'IND', 4, 'D'),
(451, 2, 12, 0, NULL, 'K8476088', 'KAJA KAMALUDEEN', 'ANSARI FARID', '1964-05-08', NULL, 'Male', NULL, NULL, '2022-08-21', '2004-02-01', NULL, NULL, '2015-11-06 17:49:35', 7, NULL, NULL, 'Yes', NULL, NULL, 3, '', 29, 'IND', 'IND', 4, 'B'),
(452, 1, 18, 0, NULL, 'L7024745', 'PRAJAPATI', 'GOVINDBHAI NIKUNJKUMAR', '1994-07-20', NULL, 'Male', NULL, NULL, '2024-01-27', '2014-07-10', NULL, NULL, '2015-11-07 10:30:05', 7, NULL, NULL, 'Yes', NULL, NULL, 1, '', 9, 'IND', 'IND', 1, 'C'),
(453, 1, 18, 0, NULL, '07622901', 'DAMAI', 'BAHADUR TEJ', '1988-10-31', NULL, 'Male', NULL, NULL, '2024-07-13', '2010-12-23', NULL, NULL, '2015-11-07 10:32:25', 7, NULL, NULL, 'Yes', NULL, NULL, 1, '', 7, 'NPL', 'NPL', 1, 'C'),
(454, 1, 18, 0, NULL, '07525949', 'KHATRI', 'BAHADUR RUDRA', '1987-08-24', NULL, 'Male', NULL, NULL, '2024-06-22', '2010-12-23', NULL, NULL, '2015-11-07 10:35:04', 7, NULL, NULL, 'Yes', NULL, NULL, 1, '', 7, 'NPL', 'NPL', 1, 'C'),
(455, 1, 19, 0, NULL, 'G5896548', 'BHARAT', 'SINGH BHARAT', '1976-04-08', NULL, 'Male', NULL, NULL, '2017-12-04', '2002-11-01', NULL, 2, '2015-11-07 10:53:59', 7, NULL, NULL, 'Yes', NULL, NULL, 4, '', 7, 'IND', 'IND', 1, 'C'),
(456, 2, 19, 0, NULL, 'N0074776', 'VORA', 'BAKULESH HITESH', '1965-05-15', NULL, 'Male', NULL, NULL, '2025-06-28', '2002-09-01', NULL, 1, '2015-11-07 11:00:52', 7, '2015-11-07 11:19:40', 7, 'Yes', NULL, NULL, 2, 'hyttesh@yahoo.com', 1, 'IND', 'IND', NULL, NULL),
(457, 1, 11, 0, NULL, 'K0929214', 'ZALA', 'INDRASINH VISHVAJITSINH', '1982-11-04', NULL, 'Male', NULL, NULL, '2021-11-21', '2015-10-01', NULL, NULL, '2015-11-07 11:25:46', 7, NULL, NULL, 'Yes', NULL, NULL, 1, '', 38, 'IND', 'IND', 1, 'C'),
(458, 2, 11, 0, NULL, 'N0492721', 'SAINI', 'AJAY KUMAR', '1983-10-22', NULL, 'Male', NULL, NULL, '2025-07-15', '2014-08-18', NULL, 2, '2015-11-07 11:31:13', 7, NULL, NULL, 'Yes', NULL, NULL, 3, '', 1, 'IND', 'IND', 1, 'C'),
(459, 2, 11, 0, NULL, 'H8554593', 'MALUK MOHAMED', 'FAISAL MOHAMED', '1978-06-15', NULL, 'Male', NULL, NULL, '2019-11-09', '2002-10-01', NULL, 1, '2015-11-07 11:38:09', 7, NULL, NULL, 'Yes', NULL, NULL, 2, 'alsafa1979@gmail.com', 29, 'IND', 'IND', 1, 'C'),
(460, 1, 11, 0, NULL, 'F9290744', 'PATEL', 'JANVI', '1991-10-17', NULL, 'Female', NULL, NULL, '2017-08-05', '2010-10-28', NULL, 2, '2015-11-07 11:53:02', 7, '2015-11-12 08:42:07', 7, 'Yes', NULL, NULL, 4, 'janvi_africana@yahoo.com', 14, 'IND', 'KAMPALA', 1, 'C'),
(461, 2, 17, 0, NULL, 'H1363153', 'PATEL ANKIT', ' PRAVIN BHAI', '1983-06-07', NULL, 'Male', NULL, NULL, '2018-10-14', '2002-02-14', NULL, NULL, '2015-11-07 12:52:00', 7, '2015-11-12 12:37:32', 7, 'Yes', NULL, NULL, 2, '', 96, 'IND', 'IND', 1, 'C'),
(462, 1, 3, 0, NULL, 'Z23Z4771', 'UNIKKOLI', 'KUMAR SURESH', '1964-06-01', NULL, 'Male', NULL, NULL, '2022-09-09', '2006-08-11', NULL, NULL, '2015-11-09 10:46:11', 7, NULL, NULL, 'Yes', NULL, NULL, 4, '', 74, 'IND', 'IND', 7, 'C'),
(463, 1, 3, 0, NULL, 'G2944589', 'PATEL', 'DAXESHKUMAR MUKESHBHAI', '1984-08-16', NULL, 'Male', NULL, NULL, '2017-05-24', '2013-08-01', NULL, NULL, '2015-11-09 10:55:16', 7, '2015-11-24 11:54:41', 7, 'Yes', NULL, NULL, 1, '', 3, 'IND', 'IND', 8, 'B'),
(464, 1, 3, 0, NULL, 'K3882987', 'PUSHPARAJAN', ' SHIBIRAJ', '1993-08-25', NULL, 'Male', NULL, NULL, '2022-08-06', '2014-12-18', NULL, NULL, '2015-11-09 11:05:11', 7, '2015-11-24 12:16:35', 7, 'Yes', NULL, NULL, 1, '', 97, 'IND', 'IND', 6, 'D'),
(465, 1, 3, 0, NULL, 'H8563531', 'VALJI', 'VIRJI BHUDIYA VALJI', '1971-09-11', NULL, 'Male', NULL, NULL, '2019-12-28', '2003-09-15', NULL, NULL, '2015-11-09 11:10:55', 7, '2015-11-24 11:56:50', 7, 'Yes', NULL, NULL, 2, '', 10, 'IND', 'IND', 8, 'A'),
(466, 1, 3, 0, NULL, 'K7595048', 'AGATH', 'SAGAR KARABHAI ', '1987-07-22', NULL, 'Male', NULL, NULL, '2023-03-13', '2009-08-07', NULL, NULL, '2015-11-09 11:21:34', 7, '2015-11-24 10:26:46', 7, 'Yes', NULL, NULL, 3, '', 57, 'IND', 'IND', 8, 'A'),
(467, 1, 3, 0, NULL, 'G1848288', 'PATEL', 'VADILAL KIRITKUMAR', '1983-04-18', NULL, 'Male', NULL, NULL, '2017-03-04', '2015-07-03', NULL, NULL, '2015-11-09 11:39:39', 7, '2015-11-24 12:11:39', 7, 'Yes', NULL, NULL, 1, '', 38, 'IND', 'IND', NULL, NULL),
(468, 1, 3, 0, NULL, 'F00245Z3', 'PA1EL', 'RASIKBHAI ATULKUMAR', '1980-08-29', NULL, 'Male', NULL, NULL, '2014-07-23', '2012-05-15', NULL, 2, '2015-11-09 12:01:57', 7, NULL, NULL, 'Yes', NULL, NULL, 1, '', 54, 'I_D', 'IND', 8, 'A'),
(469, 2, 3, 0, NULL, 'K8069083', 'KAJA KAMALUDEEN', 'ALI AMIR', '1965-09-11', NULL, 'Male', NULL, NULL, '2022-10-15', NULL, NULL, NULL, '2015-11-09 12:13:05', 7, '2015-11-24 12:46:33', 7, 'Yes', NULL, NULL, 2, '', 29, 'IND', 'IND', 8, 'A'),
(470, 1, 3, 0, NULL, 'K0606659', 'PATEL', 'TEJASKUMAR BHUPENDRABHAI', '1981-10-01', NULL, 'Male', NULL, NULL, '2021-11-03', '2012-06-12', NULL, NULL, '2015-11-09 12:51:25', 7, '2015-11-24 10:24:45', 7, 'Yes', NULL, NULL, 1, '', 3, 'IND', 'IND', 8, 'D'),
(471, 1, 3, 0, NULL, 'G2949153', 'PATEL', 'HIRALKUMAR AVINASHBHAI ', '1989-01-21', NULL, 'Male', NULL, NULL, '2017-05-30', '2014-09-14', NULL, NULL, '2015-11-09 12:54:42', 7, '2015-11-24 10:19:08', 7, 'Yes', NULL, NULL, 1, '', 56, 'IND', 'IND', 8, 'D'),
(472, 1, 3, 0, NULL, 'J3674540', 'SUCHA', 'SINGH SUCHA', '1983-06-05', NULL, 'Male', NULL, NULL, '2020-11-21', '2011-04-19', NULL, NULL, '2015-11-09 13:07:45', 7, '2015-11-24 12:02:43', 7, 'Yes', NULL, NULL, 1, '', 38, 'IND', 'IND', 7, 'A'),
(473, 1, 3, 0, NULL, 'H5344304', 'PATEL', 'DIXIT MAFATBHAI', '1991-03-18', NULL, 'Male', NULL, NULL, '2019-03-18', '2014-04-05', NULL, NULL, '2015-11-09 13:16:43', 7, '2015-11-24 18:03:11', 7, 'Yes', NULL, NULL, 1, '', 3, 'IND', 'IND', 8, 'D'),
(474, 1, 3, 0, NULL, 'G6288093', 'RAMACHANDRAN', 'BIMAL SREEJITH', '1987-05-29', NULL, 'Male', NULL, NULL, '2017-12-03', '2015-03-10', NULL, NULL, '2015-11-09 14:23:33', 7, '2015-11-24 16:48:29', 7, 'Yes', NULL, NULL, 4, '', 3, 'IND', 'IND', 8, 'A'),
(475, 2, 3, 0, NULL, 'L9792943', 'PARMAR', 'DHIRAJLAL BHUPENDRAKUMAR', '1970-05-01', NULL, 'Male', NULL, NULL, '2024-07-03', '2006-02-01', NULL, NULL, '2015-11-09 14:25:57', 7, '2015-11-24 17:47:34', 7, 'Yes', NULL, NULL, 1, '', 68, 'IND', 'IND', 8, 'A'),
(476, NULL, 3, 0, NULL, 'K6271926', 'RAHEEM SHYJA', 'FAIZKHAN FAIZKHAN', '1991-10-05', NULL, 'Male', NULL, NULL, '2022-07-30', '2012-10-01', NULL, NULL, '2015-11-09 14:27:42', 7, '2015-11-25 11:29:13', 7, 'Yes', NULL, NULL, 1, '', 38, 'IND', 'IND', 7, 'B'),
(477, 1, 3, 0, NULL, 'J0727323', 'PATEL', 'RAMESHBHAI JIVABHAI ', '1974-01-01', NULL, 'Male', NULL, NULL, '2020-05-20', '2013-01-01', NULL, NULL, '2015-11-09 14:30:10', 7, '2015-11-24 16:46:21', 7, 'Yes', NULL, NULL, 1, '', 3, 'IND', 'IND', 8, 'D'),
(478, 1, 4, 0, NULL, 'J1238359', 'SYED', 'IMRAN HASAN ABIDI ', '1980-07-03', NULL, 'Male', NULL, NULL, '2020-10-19', '2011-07-25', NULL, NULL, '2015-11-10 15:35:45', 7, '2015-11-20 12:35:45', 7, 'Yes', NULL, NULL, 1, 'syed-imran-hasan-110@yahoo.co.in', 83, 'IND', 'IND', 5, 'B'),
(479, 2, 4, 0, NULL, 'N0721861', 'MOHIDEEN MOHAMMED', 'HANEEFA', '1954-05-06', NULL, 'Male', NULL, NULL, '2025-07-12', '1998-07-21', NULL, 1, '2015-11-10 15:43:24', 7, '2015-11-20 13:17:08', 7, 'Yes', NULL, NULL, 2, '', 103, 'IND', 'IND', 6, 'C'),
(480, 1, 4, 0, NULL, '0774437', 'PUN', ' GYAN BAHADUR', '1982-07-21', NULL, 'Male', NULL, NULL, '2024-08-13', '2015-10-17', NULL, NULL, '2015-11-10 15:49:49', 7, '2015-11-18 12:48:30', 7, 'Yes', NULL, NULL, 1, '', 105, 'NPL', 'NPL', 5, 'B'),
(481, 2, 4, 0, NULL, 'H7995007', 'MOMAYA', 'JOYDEEP HIDEN ', '1977-01-19', NULL, 'Male', NULL, NULL, '2019-08-30', '2013-08-14', NULL, 1, '2015-11-10 15:56:47', 7, '2015-11-20 15:04:36', 7, 'Yes', NULL, NULL, 2, '', 1, 'IND', 'IND', 6, 'C'),
(482, 2, 4, 0, NULL, 'L9741306', 'SYED', 'ZIA HYDER RAZVI ', '1982-08-29', NULL, 'Male', NULL, NULL, '2024-06-02', '2013-03-17', NULL, 1, '2015-11-11 09:28:39', 7, '2015-11-21 13:36:22', 7, 'Yes', NULL, NULL, 2, '', 26, 'IND', 'IND', NULL, NULL),
(483, 2, 4, 0, NULL, 'G8396633', 'SATULURI', 'VENKATA RANGA BABU ', '1966-05-15', NULL, 'Male', NULL, NULL, '2018-05-08', '2008-06-10', NULL, 1, '2015-11-11 09:31:07', 7, '2015-11-23 09:58:57', 7, 'Yes', NULL, NULL, 2, '', 8, 'IND', 'IND', NULL, NULL),
(484, 2, 4, 0, NULL, 'L9602923', 'AVINASH', ' AVINASH', '1977-01-01', NULL, 'Male', NULL, NULL, '2024-06-03', '2008-05-12', NULL, NULL, '2015-11-11 09:34:26', 7, '2015-11-17 17:30:44', 7, 'Yes', NULL, NULL, 3, '', 104, 'IND', 'IND', NULL, NULL),
(485, 2, 4, 0, NULL, 'A1550171', 'MUTUNGA', 'SAMUEL MUTUA', '1979-10-20', NULL, 'Male', NULL, NULL, '2020-12-22', '2002-06-06', NULL, 2, '2015-11-11 09:39:06', 7, '2015-11-18 13:07:22', 7, 'Yes', NULL, NULL, 3, '', 26, 'KEN', 'KEN', NULL, NULL),
(486, 2, 4, 0, NULL, 'K7840496', 'SYED MOHAMED', 'AKBAR ', '1956-06-20', NULL, 'Male', NULL, NULL, '2023-01-29', '2015-08-11', NULL, NULL, '2015-11-11 09:41:20', 7, '2015-11-19 12:31:11', 7, 'Yes', NULL, NULL, 3, '', 1, 'IND', 'IND', NULL, NULL),
(487, 2, 4, 0, NULL, 'M8009958', 'CHOPRA', ' SAURABH', '1983-03-22', NULL, 'Male', NULL, NULL, '2025-03-29', '2015-05-15', NULL, NULL, '2015-11-11 09:45:03', 7, '2015-11-18 13:13:27', 7, 'Yes', NULL, NULL, 3, '', 72, 'IND', 'IND', NULL, NULL),
(488, 2, 4, 0, NULL, '07303173', 'PARIYAR', 'PREM BAHADUR', '1979-04-27', NULL, 'Male', NULL, NULL, '2024-04-29', '2012-05-04', NULL, 1, '2015-11-11 09:53:01', 7, '2015-11-23 11:54:30', 7, 'Yes', NULL, NULL, 2, '', 105, 'NAWA', 'NAWA', NULL, NULL),
(489, 2, 4, 0, NULL, '08728924', 'SOMAI', 'GAM BAHADUR', '1976-03-10', NULL, 'Male', NULL, NULL, '2025-04-18', '2012-04-12', NULL, NULL, '2015-11-11 09:56:55', 7, '2015-11-23 12:32:36', 7, 'Yes', NULL, NULL, 3, '', 105, 'NEP', 'NEP', NULL, NULL),
(490, 2, 4, 0, NULL, '08365697', 'KARKI', 'AAI BAHADUR', '1971-07-08', NULL, 'Male', NULL, NULL, '2025-01-10', '2010-09-28', NULL, NULL, '2015-11-11 10:02:31', 7, '2015-11-17 15:03:32', 7, 'Yes', NULL, NULL, 3, '', 105, 'NEP', 'NEP', NULL, NULL),
(491, 2, 4, 0, NULL, '08229205', 'GURUNG', 'TEJ BAHADUR', '1971-08-02', NULL, 'Male', NULL, NULL, '2024-12-13', '2010-09-28', NULL, 1, '2015-11-11 10:06:14', 7, '2015-11-23 14:42:29', 7, 'Yes', NULL, NULL, 2, '', 105, 'NEP', 'NEP', NULL, NULL),
(492, 2, 4, 0, NULL, '08863605', 'SARKI', ' JHUP BAHADUR', '1982-07-30', NULL, 'Male', NULL, NULL, '2025-06-04', '2015-10-13', NULL, NULL, '2015-11-11 10:19:20', 7, '2015-11-23 09:55:39', 7, 'Yes', NULL, NULL, 1, '', 105, 'NPL', 'NPL', NULL, NULL),
(493, 2, 4, 0, NULL, '07900216', 'PARIYAR', ' ASHOK', '1970-09-20', NULL, 'Male', NULL, NULL, '2024-09-23', '2015-10-17', NULL, NULL, '2015-11-11 10:20:53', 7, '2015-11-18 12:39:43', 7, 'Yes', NULL, NULL, 4, '', 105, 'NPL', 'NPL', NULL, NULL),
(494, 2, 4, 0, NULL, '07556975', 'DARJEI', ' LAXMI NARAYAN', '1977-04-13', NULL, 'Male', NULL, NULL, '2024-06-29', '2015-10-17', NULL, NULL, '2015-11-11 10:22:35', 7, '2015-11-19 09:57:05', 7, 'Yes', NULL, NULL, 1, '', 105, 'NPL', 'NPL', NULL, NULL),
(495, 2, 4, 0, NULL, '07744437', 'PUN', 'BAHADUR GYAN', '1982-07-21', NULL, 'Male', NULL, NULL, '2024-08-13', '2015-10-05', NULL, 1, '2015-11-11 10:23:55', 7, '2015-11-23 10:52:52', 7, 'Yes', NULL, NULL, 2, '', 105, 'NPL', 'NPL', NULL, NULL),
(496, 2, 4, 0, NULL, '05870513', 'LAMSAL', 'DURGA PRASAD', '1982-11-25', NULL, 'Male', NULL, NULL, '2022-03-18', '2015-10-05', NULL, 1, '2015-11-11 10:26:56', 7, '2015-11-19 10:03:49', 7, 'Yes', NULL, NULL, 2, '', 105, 'NEP', 'NEP', NULL, NULL),
(497, 2, 4, 0, NULL, '08677205', 'PARIYAR', 'CHANDRA BAHADUR', '1979-01-15', NULL, 'Male', NULL, NULL, '2025-03-31', '2015-10-05', NULL, NULL, '2015-11-11 10:30:48', 7, '2015-11-23 10:57:39', 7, 'Yes', NULL, NULL, 1, '', 105, 'NEP', 'NEP', NULL, NULL),
(498, 2, 4, 0, NULL, '08305190', 'RAI', 'MITRA BAHADUR', '1971-02-11', NULL, 'Male', NULL, NULL, '2024-12-28', '2015-10-17', NULL, NULL, '2015-11-11 10:35:34', 7, '2015-11-19 10:11:50', 7, 'Yes', NULL, NULL, 3, '', 105, 'NEP', 'NEP', NULL, NULL),
(499, 2, 4, 0, NULL, 'J6830277', 'PAUL', ' ASHUTOSH', '1977-02-24', NULL, 'Male', NULL, NULL, '2021-05-22', '2015-07-20', NULL, NULL, '2015-11-11 10:48:13', 7, '2015-11-19 11:19:18', 7, 'Yes', NULL, NULL, 3, '', 74, 'IND', 'IND', NULL, NULL),
(500, 2, 4, 0, NULL, 'K3919806', 'BANERJEE', 'ANAND MOY ', '1980-12-21', NULL, 'Male', NULL, NULL, '2022-05-07', '2015-06-30', NULL, NULL, '2015-11-11 10:50:22', 7, '2015-11-19 16:07:32', 7, 'Yes', NULL, NULL, 3, '', 74, 'IND', 'IND', NULL, NULL),
(501, 2, 4, 0, NULL, 'Z2323081', 'SYED', ' SYED ANWAR RAZA', '1971-08-27', NULL, 'Male', NULL, NULL, '2022-07-30', '2007-02-09', NULL, 1, '2015-11-11 10:59:54', 7, '2015-11-21 15:13:05', 7, 'Yes', NULL, NULL, 2, 'anwarjami@yahoo.com', 77, 'IND', 'IND', NULL, NULL),
(502, 2, 4, 0, NULL, 'K2330893', 'VERMA', 'AVINASH', '1971-02-28', NULL, 'Male', NULL, NULL, '2022-02-21', '2014-11-14', NULL, 1, '2015-11-11 11:05:11', 7, '2015-11-19 16:05:28', 7, 'Yes', NULL, NULL, 2, '', 106, 'IND', 'IND', NULL, NULL),
(503, 2, 4, 0, NULL, '06752022', 'RAYA', 'TANKA BAHADUR ', '1976-04-15', NULL, 'Male', NULL, NULL, '2023-10-05', '2014-11-27', NULL, NULL, '2015-11-11 11:09:51', 7, '2015-11-18 11:13:45', 7, 'Yes', NULL, NULL, 4, '', 24, 'NPL', 'NPL', NULL, NULL),
(504, 2, 4, 0, NULL, 'F8991179', 'SUBRAMANIAM', 'RAMACHANDRAN', '1956-06-05', NULL, 'Male', NULL, NULL, '2016-07-06', '2008-05-27', NULL, 1, '2015-11-11 11:17:11', 7, '2015-11-21 11:15:42', 7, 'Yes', NULL, NULL, 2, '', 72, 'IND', 'IND', NULL, NULL),
(505, 2, 4, 0, NULL, '07145404', 'BOHARA', 'BAHADUR JAGAT', '1987-08-31', NULL, 'Male', NULL, NULL, '2024-03-10', '2015-09-29', NULL, NULL, '2015-11-11 11:37:41', 7, '2015-11-18 16:01:57', 7, 'Yes', NULL, NULL, 3, '', 107, 'NPL', 'NPL', NULL, NULL),
(506, 2, 4, 0, NULL, 'N0504959', 'JAISWAL', ' MRITUNJAY', '1981-12-19', NULL, 'Male', NULL, NULL, '2025-07-20', '2015-08-27', NULL, NULL, '2015-11-11 11:42:07', 7, '2015-11-20 17:53:34', 7, 'Yes', NULL, NULL, 3, '', 78, 'IND', 'IND', NULL, NULL),
(507, 2, 4, 0, NULL, '07003806', 'SUNAR', ' LACHU', '1992-06-19', NULL, 'Male', NULL, NULL, '2024-01-22', '2014-09-29', NULL, NULL, '2015-11-11 11:45:32', 7, '2015-11-23 12:23:50', 7, 'Yes', NULL, NULL, 4, '', 105, 'NPL', 'NPL', NULL, NULL),
(508, 2, 4, 0, NULL, '07003824', 'SUNAR', ' TIRTHA LAL', '1987-03-19', NULL, 'Male', NULL, NULL, '2024-01-22', '2014-07-25', NULL, NULL, '2015-11-11 11:50:28', 7, '2015-11-23 15:05:03', 7, 'Yes', NULL, NULL, 4, '', 105, 'NPL', 'NPL', NULL, NULL),
(509, 2, 4, 0, NULL, 'Z2213089', 'SETHI', ' TARUN', '1976-08-14', NULL, 'Male', NULL, NULL, '2022-05-24', '2014-02-19', NULL, 1, '2015-11-11 11:53:22', 7, '2015-11-19 16:16:37', 7, 'Yes', NULL, NULL, 2, '', 1, 'IND', 'IND', NULL, NULL),
(510, 2, 4, 0, NULL, '06200610', 'PAUDEL', 'BISHWA RAJ ', '1976-07-10', NULL, 'Male', NULL, NULL, '2022-12-05', '2013-07-18', NULL, 1, '2015-11-11 12:03:34', 7, '2015-11-23 11:27:20', 7, 'Yes', NULL, NULL, 2, '', 105, 'NPL', 'NPL', NULL, NULL),
(511, 2, 4, 0, NULL, '07901442', 'RANABHAT', ' BISHNU BHAKTA', '1969-02-27', NULL, 'Male', NULL, NULL, '2024-09-25', '2012-10-11', NULL, NULL, '2015-11-11 12:12:03', 7, '2015-11-18 16:56:48', 7, 'Yes', NULL, NULL, 1, '', 105, 'NPL', 'NPL', NULL, NULL),
(512, 2, 4, 0, NULL, '07944730', 'RAYA', ' RAJENDRA PRASAD', '1972-12-22', NULL, 'Male', NULL, NULL, '2024-10-12', '2012-10-04', NULL, 1, '2015-11-11 12:13:53', 7, '2015-11-23 13:16:33', 7, 'Yes', NULL, NULL, 2, '', 105, 'NPL', 'NPL', NULL, NULL),
(513, 2, 4, 0, NULL, '07411949', 'PARIYAR', 'BISHNU HARI', '1971-09-02', NULL, 'Male', NULL, NULL, '2024-05-25', '2014-09-29', NULL, NULL, '2015-11-11 12:27:01', 7, '2015-11-23 10:44:59', 7, 'Yes', NULL, NULL, 4, '', 105, 'NPL', 'NPL', NULL, NULL),
(514, 2, 4, 0, NULL, '05934904', 'GURUNG', ' BHUMEE RAJ', '1979-03-24', NULL, 'Male', NULL, NULL, '2022-05-08', '2014-07-25', NULL, NULL, '2015-11-11 12:29:45', 7, '2015-11-23 11:33:37', 7, 'Yes', NULL, NULL, 1, '', 105, 'NPL', 'NPL', NULL, NULL),
(515, 2, 4, 0, NULL, '08484002', 'BUDHA', ' MADAN', '1987-05-16', NULL, 'Male', NULL, NULL, '2025-02-09', '2013-05-23', NULL, 1, '2015-11-11 12:32:57', 7, '2015-11-23 12:20:06', 7, 'Yes', NULL, NULL, 2, '', 105, 'NPL', 'NPL', NULL, NULL),
(516, 2, 4, 0, NULL, '07942796', 'THAPA', 'TIKARAM', '1982-09-11', NULL, 'Male', NULL, NULL, '2024-10-11', '2012-10-11', NULL, NULL, '2015-11-11 12:38:05', 7, '2015-11-19 10:21:33', 7, 'Yes', NULL, NULL, 2, '', 105, 'NPL', 'NPL', NULL, NULL),
(517, 2, 4, 0, NULL, '08424393', 'THAPA MAGAR', 'ANIL KUMAR', '1972-08-30', NULL, 'Male', NULL, NULL, '2025-01-26', '2013-01-24', NULL, NULL, '2015-11-11 12:41:06', 7, '2015-11-23 11:17:05', 7, 'Yes', NULL, NULL, 1, '', 105, 'NPL', 'NPL', NULL, NULL),
(518, 2, 4, 0, NULL, 'A1190351', 'MWANIKI', 'ELIUD MBURU', '1981-01-15', NULL, 'Male', NULL, NULL, '2017-09-13', '2010-06-30', NULL, NULL, '2015-11-11 12:46:44', 7, '2015-11-20 12:00:36', 7, 'Yes', NULL, NULL, 2, '', 26, 'KEN', 'KEN', NULL, NULL),
(519, 2, 4, 0, NULL, 'L8147047', 'SHAH', 'JAYESHKUMAR JASHWANTLAL ', '1957-07-13', NULL, 'Male', NULL, NULL, '2024-03-25', '2015-08-17', NULL, NULL, '2015-11-11 12:54:23', 7, '2015-11-20 14:15:29', 7, 'Yes', NULL, NULL, 3, '', 1, 'IND', 'IND', NULL, NULL),
(520, 2, 4, 0, NULL, '08429846', 'GHARTI MAGAR', 'BAHADUR AMAR', '1975-08-09', NULL, 'Male', NULL, NULL, '2025-01-26', '2012-10-11', NULL, NULL, '2015-11-11 12:58:49', 7, '2015-11-23 11:10:16', 7, 'Yes', NULL, NULL, 1, '', 105, 'NPL', 'NPL', NULL, NULL),
(521, 1, 4, 0, NULL, 'H4282157', 'KUPPUSAMY', ' RAMAN', '1975-07-22', NULL, 'Male', NULL, NULL, '2019-07-27', '2012-10-03', NULL, 1, '2015-11-11 13:01:33', 7, '2015-11-20 15:58:07', 7, 'Yes', NULL, NULL, 2, 'saisivaram76@gmail.com', 1, 'IND', 'IND', NULL, NULL),
(522, 2, 4, 0, NULL, 'G7394977', 'ALAM', 'MD NASIR ', '1979-02-25', NULL, 'Male', NULL, NULL, '2018-03-16', '2008-04-28', NULL, 1, '2015-11-11 13:09:28', 7, '2015-11-21 09:14:18', 7, 'Yes', NULL, NULL, 2, 'nasiralam-2004@yahoo.com', 1, 'IND', 'IND', NULL, NULL),
(523, 1, 4, 0, NULL, 'F5817629', 'BIJAYA', ' BIJAYA KUMAR PRASAD', '1981-07-20', NULL, 'Male', NULL, NULL, '2015-12-22', '2010-12-15', NULL, 1, '2015-11-11 13:12:21', 7, '2015-11-19 15:40:21', 7, 'Yes', NULL, NULL, 2, '', 52, 'IND', 'IND', NULL, NULL),
(524, 2, 4, 0, NULL, '05562539', 'TAMANG', ' SHYAM BAHADUR ', '1965-09-23', NULL, 'Male', NULL, NULL, '2021-05-26', '2012-04-27', NULL, 1, '2015-11-11 13:18:39', 7, '2015-11-23 13:07:54', 7, 'Yes', NULL, NULL, 2, '', 105, 'NPL', 'NPL', NULL, NULL),
(525, 2, 4, 0, NULL, '07204595', 'KARKI', ' NARENDRA BAHADUR', '1971-05-24', NULL, 'Male', NULL, NULL, '2024-03-26', '2010-07-16', NULL, NULL, '2015-11-11 14:23:45', 7, '2015-11-23 12:15:52', 7, 'Yes', NULL, NULL, 4, '', 105, 'NPL', 'NPL', NULL, NULL),
(526, 1, 4, 0, NULL, 'L1119160', 'PATEL', ' KASHYAPKUMAR ALIAS KIRAN JAYANTI', '1994-08-25', NULL, 'Male', NULL, NULL, '2023-04-26', '2015-01-08', NULL, NULL, '2015-11-11 14:44:11', 7, '2015-11-20 15:30:31', 7, 'Yes', NULL, NULL, 1, '', 38, 'IND', 'IND', NULL, NULL),
(527, 2, 4, 0, NULL, 'J1624218', 'SHAIKH', 'MATIUR REHMAN ', '1983-01-21', NULL, 'Male', NULL, NULL, '2020-05-18', '2013-08-27', NULL, NULL, '2015-11-11 15:39:52', 7, '2015-11-20 17:06:31', 7, 'Yes', NULL, NULL, 3, '', 52, 'IND', 'IND', NULL, NULL),
(528, 2, 4, 0, NULL, '08760728', 'KUMAL', 'SURESH BAHADUR', '1969-12-01', NULL, 'Male', NULL, NULL, '2025-05-05', '2013-05-09', NULL, 1, '2015-11-11 15:43:04', 7, '2015-11-23 13:03:04', 7, 'Yes', NULL, NULL, 2, '', 105, 'NPL', 'NPL', NULL, NULL),
(529, 1, 14, 0, NULL, 'H0444324', 'KEHAN', 'HYDER KEHAN', '1986-01-24', NULL, 'Male', NULL, NULL, '2018-08-21', '2012-02-24', NULL, NULL, '2015-11-11 15:49:17', 7, NULL, NULL, 'Yes', NULL, NULL, 1, 'kehan hyder05@yahoo.co.in', 1, 'IND', 'IND', NULL, NULL),
(530, 2, 14, 0, NULL, 'L4246186', 'DAVE', 'SURESHCHANDRA MAHENDRA', '1966-12-05', NULL, 'Male', NULL, NULL, '2023-07-03', '2012-06-26', NULL, 1, '2015-11-11 15:55:02', 7, '2015-11-18 18:05:43', 7, 'Yes', NULL, NULL, 2, '', 106, 'IND', 'IND', NULL, NULL),
(531, 2, 14, 0, NULL, 'J5570830', 'THAKKAR', 'BHAILALBHAI HARIKRUSHNA', '1978-08-30', NULL, 'Male', NULL, NULL, '2021-04-07', '2007-03-01', NULL, 1, '2015-11-11 15:59:57', 7, '2015-11-18 18:13:29', 7, 'Yes', NULL, NULL, 2, '', 1, 'IND', 'IND', NULL, NULL),
(532, 1, 14, 0, NULL, 'G0735483', 'PANCHAL', ' ANJANABEN KALPESHKUMAR', '1977-08-17', NULL, 'Female', NULL, NULL, '2016-11-29', '2014-05-01', NULL, NULL, '2015-11-11 16:05:01', 7, '2015-11-18 18:15:25', 7, 'Yes', NULL, NULL, 1, '', 1, 'IND', 'IND', NULL, NULL),
(533, 1, 4, 0, NULL, 'L6788086', 'MANJIYANI', 'MUMTAJ MURAD', '1977-05-03', NULL, 'Female', NULL, NULL, '2024-01-08', NULL, NULL, NULL, '2015-11-11 16:09:14', 7, '2015-11-20 17:56:44', 7, 'Yes', NULL, NULL, 3, '', 38, 'IND', 'IND', NULL, NULL),
(534, 1, 4, 0, NULL, 'M7615637', 'RAY BANERJEE', 'KAKOLI KAKOLI', '1984-07-27', NULL, 'Female', NULL, NULL, '2025-04-28', '2015-04-27', NULL, NULL, '2015-11-11 16:11:52', 7, '2015-11-18 18:21:53', 7, 'Yes', NULL, NULL, 3, '', 102, 'IND', 'IND', NULL, NULL),
(535, 1, 2, 0, NULL, 'J035B151', 'MAKWANA', 'VASANTBHAI NIKUNJKUMAR', '1984-08-05', NULL, 'Male', NULL, NULL, '2020-04-14', '2015-08-13', NULL, NULL, '2015-11-11 17:37:40', 7, NULL, NULL, 'Yes', NULL, NULL, 1, '', 105, 'IND', 'IND', NULL, NULL),
(536, 1, 2, 0, NULL, 'K8638993', 'PATEL', 'JAYANTILAL VIJAYKUMAR', '1980-07-09', NULL, 'Male', NULL, NULL, '2022-12-17', '2014-04-28', NULL, NULL, '2015-11-11 17:39:34', 7, NULL, NULL, 'Yes', NULL, NULL, 1, '', 105, 'IND', 'IND', NULL, NULL),
(537, 1, 2, 0, NULL, '07014457', 'TAMANG', 'PALDEN', '1977-08-12', NULL, 'Male', NULL, NULL, '2024-01-25', '2010-09-29', NULL, NULL, '2015-11-11 17:43:20', 7, NULL, NULL, 'Yes', NULL, NULL, 1, '', 105, 'NPL', 'NOL', NULL, NULL),
(538, 1, 2, 0, NULL, 'M8457567', 'IBRAHIM', 'FAWAZ THAJUDEEN', '1994-06-03', NULL, 'Male', NULL, NULL, '2025-05-17', '2015-08-23', NULL, NULL, '2015-11-11 17:45:38', 7, '2015-11-11 17:46:01', 7, 'Yes', NULL, NULL, 1, '', 91, 'IND', 'IND', NULL, NULL),
(539, 1, 2, 0, NULL, '4102673', 'GURUNG', 'TANKA PRASAD', '1968-02-08', NULL, 'Male', NULL, NULL, '2018-05-25', '2011-03-12', NULL, NULL, '2015-11-11 17:49:44', 7, NULL, NULL, 'Yes', NULL, NULL, 1, '', 105, 'NPL', 'NPL', NULL, NULL),
(540, 1, 2, 0, NULL, 'J5305481', 'PATEL', ' PIYUSHKURAR GORDHANBHAI', '1968-07-04', NULL, 'Male', NULL, NULL, '2020-11-24', '2008-05-26', NULL, NULL, '2015-11-11 17:53:04', 7, NULL, NULL, 'Yes', NULL, NULL, 1, '', 38, 'IND', 'IND', NULL, NULL),
(541, 1, 4, 0, NULL, 'H4392312', 'SHARMA', ' VIVEK', '1971-06-02', NULL, 'Male', NULL, NULL, '2019-05-25', '2014-09-12', NULL, NULL, '2015-11-12 09:03:30', 7, '2015-11-23 10:35:43', 7, 'Yes', NULL, NULL, 1, '', 38, 'IND', 'IND', 5, 'B'),
(542, 1, 5, 0, NULL, 'G6123540', 'UNADKAT', ' PARTHIV PRAKASHBHAI', '1991-01-07', NULL, 'Male', NULL, NULL, '2017-12-09', '2015-07-07', NULL, NULL, '2015-11-12 09:15:42', 7, NULL, NULL, 'Yes', NULL, NULL, 2, '', 38, 'IND', 'IND', NULL, NULL),
(543, 1, 5, 0, NULL, '08728934', 'KSHETRI', '  KESH BAHADUR', '1969-07-12', NULL, 'Male', NULL, NULL, '2025-04-18', '2012-04-18', NULL, NULL, '2015-11-12 09:21:20', 7, NULL, NULL, 'Yes', NULL, NULL, 1, '', 53, 'NPL', 'NPL', NULL, NULL),
(544, 1, 12, 0, NULL, 'L3299698', 'NAYI', 'RAHULKUMAR ASHOKBHAI R', '1989-08-27', NULL, 'Male', NULL, NULL, '2023-07-28', '2014-11-08', NULL, NULL, '2015-11-12 09:58:32', 7, NULL, NULL, 'Yes', NULL, NULL, 4, '', 12, 'IND', 'IND', NULL, NULL),
(545, 1, 3, 0, NULL, 'L3333113', 'RAMESH', 'KUMAR ', '1984-10-08', NULL, 'Male', NULL, NULL, '2023-05-30', '2014-10-01', NULL, NULL, '2015-11-12 10:11:06', 7, NULL, NULL, 'Yes', NULL, NULL, 1, '', 68, 'IND', 'IND', NULL, NULL),
(546, 1, 3, 0, NULL, 'L1514367', 'SUKHWINDER', 'SINGH', '1983-03-30', NULL, 'Male', NULL, NULL, '2023-03-18', '2014-02-24', NULL, NULL, '2015-11-12 10:17:52', 7, NULL, NULL, 'Yes', NULL, NULL, 1, '', 38, 'IND', 'IND', NULL, NULL),
(547, 2, 15, 0, NULL, '08375851', 'LAMA', 'SOM BAHADUR ', '1980-10-04', NULL, 'Male', NULL, NULL, '2025-01-11', '2010-11-11', NULL, 1, '2015-11-12 10:32:54', 7, NULL, NULL, 'Yes', NULL, NULL, 2, '', 105, 'NPL', 'NPL', NULL, NULL),
(548, 2, 15, 0, NULL, 'H6210342', 'MOHAMED MOHIDEEN', 'SHAMIL BAVAKASIM ', '1987-01-25', NULL, 'Male', NULL, NULL, '2019-07-12', '2015-02-11', NULL, NULL, '2015-11-12 10:41:00', 7, NULL, NULL, 'Yes', NULL, NULL, 1, '', 29, 'IND', 'IND', NULL, NULL),
(549, 2, 1, 0, NULL, 'K1985372', 'PANCHAL', ' ', '1990-12-14', NULL, 'Male', NULL, NULL, '2022-02-20', NULL, NULL, NULL, '2015-11-12 10:59:53', 7, NULL, NULL, 'Yes', NULL, NULL, 2, '', 48, 'IND', 'IND', NULL, NULL),
(550, 1, 14, 0, NULL, 'M1321098', 'SYED', ' ASKARI HASSAN ABEDI', '1992-10-01', NULL, 'Male', NULL, NULL, '2024-08-19', '2014-12-15', NULL, NULL, '2015-11-12 11:49:45', 7, NULL, NULL, 'Yes', NULL, NULL, 1, 'askarihasan88@gmail.com', 23, 'IND', 'IND', NULL, NULL),
(551, 2, 4, 0, NULL, 'H5594625', 'AARON', ' NAVIN JOSEPH', '1986-03-19', NULL, 'Male', NULL, NULL, '2019-12-11', '2011-12-28', NULL, NULL, '2015-11-12 11:54:38', 7, NULL, NULL, 'Yes', NULL, NULL, 1, 'nvnjsph@gmail.com', 1, 'IND', 'IND', NULL, NULL),
(552, 1, 3, 0, NULL, 'K2855203', 'NAYEE', 'GOVINDBHAI DHANABHAI ', '1954-11-13', NULL, 'Male', NULL, NULL, '2021-12-28', NULL, NULL, NULL, '2015-11-12 12:04:05', 7, '2015-11-12 12:04:49', 7, 'Yes', NULL, NULL, 1, '', 38, 'IND', 'IND', 8, 'C'),
(553, 1, 17, 0, NULL, 'L4259044', 'ABHVANI', ' SIRAJ GAVARALI', '1983-05-26', NULL, 'Male', NULL, NULL, '2023-08-21', '2004-07-01', NULL, 2, '2015-11-12 12:56:14', 7, NULL, NULL, 'Yes', NULL, NULL, 3, '', 1, 'IND', 'IND', NULL, NULL),
(554, 2, 1, 0, NULL, 'M1749536', 'MISHRA', 'AKASH', '1977-12-16', NULL, 'Male', NULL, NULL, '2025-08-20', '2013-06-26', NULL, NULL, '2015-11-12 15:35:15', 7, '2015-11-12 15:36:37', 7, 'Yes', NULL, NULL, 3, '', 1, 'IND', 'IND', 1, 'A'),
(555, 2, 11, 0, NULL, 'K6766047', 'RAHUMANSHA', ' SYED', '1982-06-03', NULL, 'Male', NULL, NULL, '2022-06-26', '2008-11-01', NULL, 1, '2015-11-12 15:41:39', 7, '2015-11-12 15:42:00', 7, 'Yes', NULL, NULL, 2, '', 29, 'IND', 'IND', 1, 'C'),
(556, 1, 19, 0, NULL, 'F0459462', 'SHAHUL HAMEED', 'SHAFEERKHAN', '1986-05-30', NULL, 'Male', NULL, NULL, '2014-09-27', '2008-11-02', NULL, NULL, '2015-11-12 15:51:06', 7, NULL, NULL, 'Yes', NULL, NULL, 1, '', 9, 'IND', 'IND', 1, 'C'),
(557, 1, 13, 0, NULL, 'L1508593', 'PATEL', 'HEMANTKUMAR JAYANTIBHAI', '1981-08-15', NULL, 'Male', NULL, NULL, '2023-02-26', '2012-06-18', NULL, NULL, '2015-11-12 15:56:53', 7, NULL, NULL, 'Yes', NULL, NULL, 1, '', 61, 'IND', 'IND', 1, 'C'),
(558, 1, 12, 0, NULL, '08567064', 'PUDASAINI', 'PRASAD PRABIN', '1985-10-18', NULL, 'Male', NULL, NULL, '2025-03-02', '2015-03-19', NULL, 2, '2015-11-12 16:34:14', 7, NULL, NULL, 'Yes', NULL, NULL, 1, '', 110, 'NPL', 'NPL', NULL, NULL),
(559, 2, 12, 0, NULL, 'M7830436', 'DSOUZA', ' ALFEN CHERAL', '1977-12-25', NULL, 'Male', NULL, NULL, '2025-04-23', '2011-04-07', NULL, 2, '2015-11-12 16:40:36', 7, NULL, NULL, 'Yes', NULL, NULL, 3, '', 1, 'IND', 'IND', NULL, NULL),
(560, 1, 16, 0, NULL, 'M3880110', 'PANDYA', ' BHUMIKABEN SANJAYKUMAR', '1983-04-30', NULL, 'Female', NULL, NULL, '2024-11-24', '2001-08-01', NULL, 1, '2015-11-12 17:18:04', 7, '2015-11-16 12:20:54', 7, 'Yes', NULL, NULL, 2, '', 111, 'IND', 'IND', 2, 'C'),
(561, 1, 16, 0, NULL, 'H0658145', 'MEPANI', 'RAMESH SHAMJI ', '1980-03-07', NULL, 'Male', NULL, NULL, '2018-09-16', '2003-09-19', NULL, NULL, '2015-11-12 17:24:57', 7, '2015-11-17 13:23:53', 7, 'Yes', NULL, NULL, 1, '', 15, 'IND', 'IND', 2, 'C'),
(562, 1, 16, 0, NULL, 'A1648918', 'NJOGU', ' ANTHONY NGANGA', '1986-06-06', NULL, 'Male', NULL, NULL, '2021-05-21', '2011-04-06', NULL, NULL, '2015-11-12 17:30:10', 7, '2015-11-16 14:47:32', 7, 'Yes', NULL, NULL, 1, 'antonytony39@gmail.com', 112, 'KEN', 'KEN', NULL, NULL),
(563, 1, 16, 0, NULL, 'K0228203', 'PATEL', 'SAGAR NAGINBHAI ', '1990-02-01', NULL, 'Male', NULL, NULL, '2021-12-13', '2013-01-24', NULL, NULL, '2015-11-12 17:34:17', 7, '2015-11-17 12:54:46', 7, 'Yes', NULL, NULL, 1, '', 66, 'IND', 'IND', 2, 'C'),
(564, 2, 16, 0, NULL, 'N0938431', 'SULAIMAN', ' HAKEEM', '1959-09-19', NULL, 'Male', NULL, NULL, '2025-08-19', '2005-11-23', NULL, 1, '2015-11-12 17:39:27', 7, '2015-11-16 17:45:57', 7, 'Yes', NULL, NULL, 1, '', 1, 'IND', 'IND', 2, 'C'),
(565, 2, 4, 0, NULL, 'G7568749', 'CHOUDARI', 'CHANDRA MOULISWARA NAIDI', '1984-02-07', NULL, 'Male', NULL, NULL, '2018-04-16', '2010-12-03', NULL, 1, '2015-11-13 11:58:29', 7, '2015-11-19 18:39:51', 7, 'Yes', NULL, NULL, 2, '', 26, 'IND', 'IND', 6, 'A'),
(566, 2, 3, 0, NULL, 'K9510845', 'ASANAR PILLAI', 'MOHAMMED YOOSUF', '1963-05-07', NULL, 'Male', NULL, NULL, '2023-02-01', '1996-08-01', NULL, NULL, '2015-11-13 12:45:28', 7, '2015-11-13 14:43:22', 2, 'Yes', NULL, NULL, 2, 'yoosuf1963@yahoo.com', 29, 'IND', 'IND', 8, 'A'),
(567, 2, 4, 0, NULL, 'Z2318384', 'AJAY', 'VALENTINA', '1969-05-09', NULL, 'Male', NULL, NULL, '2022-04-17', '1998-08-13', NULL, 1, '2015-11-14 11:19:47', 7, '2015-11-19 16:37:49', 7, 'Yes', NULL, NULL, 2, '', 115, 'IND', 'IND', 6, 'A'),
(568, 2, 16, 0, NULL, 'L1862000', 'PANDYA', ' JITENDRAKUMAR NARENDRAKUMAR', '1978-04-13', NULL, 'Male', NULL, NULL, '2023-04-28', '2003-09-16', NULL, NULL, '2015-11-16 09:55:29', 7, '2015-11-16 18:02:47', 7, 'Yes', NULL, NULL, 2, '', 37, 'IND', 'IND', NULL, NULL),
(569, 2, 16, 0, NULL, 'H0805924', 'PANDYA', 'SANJAYKUMAR RASIKLAL', '1971-09-04', NULL, 'Male', NULL, NULL, '2018-09-28', '2001-08-01', NULL, NULL, '2015-11-16 09:59:54', 7, '2015-11-17 13:02:24', 7, 'Yes', NULL, NULL, 2, '', 113, 'IND', 'IND', NULL, NULL),
(570, 1, 16, 0, NULL, 'J6795609', 'SATNAM', 'SATNAM SINGH ', '1988-08-17', NULL, 'Male', NULL, NULL, '2022-04-15', '2014-09-23', NULL, NULL, '2015-11-16 10:03:19', 7, '2015-11-16 13:35:42', 7, 'Yes', NULL, NULL, 1, '', 9, 'IND', 'IND', NULL, NULL),
(571, 1, 16, 0, NULL, 'G6269888', 'BALJINDER', ' BALJINDER RAM', '1988-09-20', NULL, 'Male', NULL, NULL, '2017-12-09', '2008-04-17', NULL, NULL, '2015-11-16 10:07:48', 7, '2015-11-16 15:55:52', 7, 'Yes', NULL, NULL, 1, '', 114, 'IND', 'IND', NULL, NULL),
(572, 1, 16, 0, NULL, 'G7293618', 'PATEL', 'DHAVALKUMAR RAJNIKANT', '1986-06-23', NULL, 'Male', NULL, NULL, '2018-03-03', '2010-02-22', NULL, NULL, '2015-11-16 10:11:58', 7, '2015-11-16 11:48:25', 7, 'Yes', NULL, NULL, 1, '', 114, 'IND', 'IND', NULL, NULL),
(573, 1, 16, 0, NULL, 'G5657214', 'GAGANDEEP', 'SINGH ', '1988-05-14', NULL, 'Male', NULL, NULL, '2017-10-29', '2014-07-29', NULL, NULL, '2015-11-16 10:14:45', 7, '2015-11-16 11:51:44', 7, 'Yes', NULL, NULL, 1, '', 114, 'IND', 'IND', NULL, NULL),
(574, 1, 16, 0, NULL, 'J5634686', 'PATEL', 'MITESKUMAR PARSHOTTAM ', '1993-02-08', NULL, 'Male', NULL, NULL, '2021-03-24', '2012-10-13', NULL, NULL, '2015-11-16 10:33:22', 7, '2015-11-17 10:55:02', 7, 'Yes', NULL, NULL, 1, '', 114, 'IND', 'IND', NULL, NULL),
(575, 1, 16, 0, NULL, 'M2942283', 'VARUN', ' VARUN SHARMA', '1981-01-17', NULL, 'Male', NULL, NULL, '2024-10-19', '2015-01-06', NULL, NULL, '2015-11-16 10:36:54', 7, '2015-11-16 13:12:52', 7, 'Yes', NULL, NULL, 1, '', 114, 'IND', 'IND', NULL, NULL),
(576, 1, 16, 0, NULL, 'H9071157', 'JADAV', 'ASHISHKUMAR ASHISHKUMAR', '1979-04-28', NULL, 'Male', NULL, NULL, '2019-12-15', '2012-07-18', NULL, NULL, '2015-11-16 10:44:06', 7, '2015-11-16 13:35:11', 7, 'Yes', NULL, NULL, 1, '', 114, 'IND', 'IND', NULL, NULL),
(577, 1, 16, 0, NULL, 'J0921566', 'NAGAMMAL EASWARAPILLAI', 'PONNILESH ', '1975-07-31', NULL, 'Male', NULL, NULL, '2020-04-11', '2010-08-24', NULL, NULL, '2015-11-16 10:47:10', 7, '2015-11-16 13:20:33', 7, 'Yes', NULL, NULL, 1, '', 2, 'IND', 'IND', NULL, NULL),
(578, 1, 16, 0, NULL, 'Z2374599', 'HABEEB', ' SHAHUL HAMEED', '1969-08-24', NULL, 'Male', NULL, NULL, '2022-02-21', '2003-02-20', NULL, 1, '2015-11-16 10:51:54', 7, '2015-11-17 11:38:11', 7, 'Yes', NULL, NULL, 4, 'yousufpushra@yahoo.com', 29, 'IND', 'IND', NULL, NULL),
(579, 1, 16, 0, NULL, 'AE027415', 'MAGUT', 'BENJAMIN KIPKORIR ROP', '1973-08-24', NULL, 'Male', NULL, NULL, '2021-07-30', '2010-01-15', NULL, NULL, '2015-11-16 15:32:22', 7, '2015-11-16 15:36:45', 7, 'Yes', NULL, NULL, 1, '', 67, 'KEN', 'KEN', NULL, NULL),
(580, 1, 16, 0, NULL, 'K2225255', 'BALASUBRAMANIYAN', 'KANNAN', '1989-05-05', NULL, 'Male', NULL, NULL, '2022-03-28', '2014-04-16', NULL, NULL, '2015-11-16 16:41:24', 7, '2015-11-16 17:04:50', 7, 'Yes', NULL, NULL, 1, 'kannanagril86@gmail.com', 65, 'IND', 'IND', 2, 'C'),
(581, 1, 3, 0, NULL, 'F4004760', 'DATTANI', 'SAGAR MAHENDRABHAI', '1986-05-04', NULL, 'Male', NULL, NULL, '2024-07-17', '2011-07-07', NULL, 1, '2015-11-16 17:18:08', 7, '2015-11-25 12:05:44', 7, 'Yes', NULL, NULL, 2, '', 38, 'IND', 'IND', NULL, NULL),
(582, 1, 16, 0, NULL, 'K7740174', 'BHEDA', 'PRAFULKUMAR DEVAYAT', '1988-11-10', NULL, 'Male', NULL, NULL, '2022-10-03', '2012-12-06', NULL, NULL, '2015-11-17 10:33:51', 7, '2015-11-18 17:53:09', 7, 'Yes', NULL, NULL, 1, '', 9, 'IND', 'IND', 2, 'C'),
(583, 1, 16, 0, NULL, 'H7575600', 'RADHAKRISHNAN NAIR', 'SURAJ', '1988-07-15', NULL, 'Male', NULL, NULL, '2020-06-15', '2014-03-20', NULL, NULL, '2015-11-17 12:25:29', 7, '2015-11-17 12:26:02', 7, 'Yes', NULL, NULL, 1, '', 114, 'IND', 'IND', 2, 'C'),
(584, 2, 4, 0, NULL, 'J9522834', 'SHARMA', 'VIVEK', '1969-07-08', NULL, 'Male', NULL, NULL, '2021-08-01', '2006-10-28', NULL, 1, '2015-11-19 18:58:19', 7, '2015-11-23 10:28:33', 7, 'Yes', NULL, NULL, 2, '', 117, 'IND', 'IND', 6, 'B'),
(585, 2, 4, 0, NULL, 'K4386165', 'CHAKRAVARTY', 'DEBAJYOTI', '1959-03-03', NULL, 'Male', NULL, NULL, '2022-07-10', NULL, NULL, 1, '2015-11-20 09:26:02', 7, '2015-11-20 09:27:19', 7, 'Yes', NULL, NULL, 2, 'chakravartydj@yahoo.com', 116, 'IND', 'IND', 6, 'A'),
(586, 1, 4, 0, NULL, 'K9664436', 'PRAJAPATI', 'DIPIKABEN AJAYBHAI', '1985-09-29', NULL, 'Female', NULL, NULL, '2022-12-17', '2011-07-18', NULL, NULL, '2015-11-20 09:49:30', 7, NULL, NULL, 'Yes', NULL, NULL, 2, '', 102, 'IND', 'KAMPALA', 6, 'B'),
(587, 2, 4, 0, NULL, 'G3882062', 'SHAH', 'DHAVAL HARISH', '1989-03-04', NULL, 'Male', NULL, NULL, '2017-06-17', NULL, NULL, NULL, '2015-11-20 10:29:18', 7, NULL, NULL, 'Yes', NULL, NULL, 3, 'shahdhava1040389@gmail.com', 61, 'IND', 'IND', 6, NULL),
(588, 2, 4, 0, NULL, 'K4405707', 'DAS', 'CHINMOY', '1976-09-30', NULL, 'Male', NULL, NULL, '2023-05-09', '2013-09-11', NULL, 1, '2015-11-20 10:50:50', 7, NULL, NULL, 'Yes', NULL, NULL, 2, '', 74, 'IND', 'IND', NULL, NULL),
(589, 2, 4, 0, NULL, 'J3734479', 'HARIHARAN', 'RAMAKRISHNAN', '1982-06-22', NULL, 'Male', NULL, NULL, '2022-05-30', '2013-06-05', NULL, NULL, '2015-11-20 11:53:24', 7, '2015-11-20 11:53:53', 7, 'Yes', NULL, NULL, 1, '', 1, 'IND', 'IND', 6, 'B'),
(590, 2, 4, 0, NULL, 'K6389276', 'FREDDY JOHN', 'THAZHATH', '1981-12-14', NULL, 'Male', NULL, NULL, '2022-05-27', '2012-12-31', NULL, NULL, '2015-11-20 12:15:15', 7, NULL, NULL, 'Yes', NULL, NULL, 3, 'freddjohn@gmail.com', 1, 'IND', 'DUBAI', 6, 'B'),
(591, 1, 4, 0, NULL, 'H3885003', 'HUSSAIN', 'HYDER', '1990-06-16', NULL, 'Male', NULL, NULL, '2019-04-29', '2012-09-24', NULL, NULL, '2015-11-20 12:48:11', 7, NULL, NULL, 'Yes', NULL, NULL, 1, 'hyderhussain9909@yahoo.com', 83, 'IND', 'IND', 6, 'B'),
(592, 1, 4, 0, NULL, 'CY1795082', 'ALI', 'IMRAN', '1984-09-30', NULL, 'Male', NULL, NULL, '2016-12-29', '2013-06-15', NULL, NULL, '2015-11-20 13:29:33', 7, NULL, NULL, 'Yes', NULL, NULL, 1, 'pakhem84@hotmail.com', 38, 'PAK', 'PAK', 6, 'B'),
(593, 1, 4, 0, NULL, 'H8560661', 'THAKKAR', 'JAYKRUSHNA GOVINDBHAI', '1984-12-26', NULL, 'Male', NULL, NULL, '2019-12-08', '2014-01-13', NULL, 1, '2015-11-20 14:43:34', 7, NULL, NULL, 'Yes', NULL, NULL, 2, 'jaykrushna@gmail.com', 1, 'IND', 'KAMPALA', 6, 'B'),
(594, 2, 4, 0, NULL, 'EB2504441', 'FERNANDEZ', 'JERELY', '1979-10-23', NULL, 'Female', NULL, NULL, '2016-05-19', '2012-12-31', NULL, NULL, '2015-11-20 15:00:38', 7, NULL, NULL, 'Yes', NULL, NULL, 2, 'shobiefernandez@yahoo.com', 115, 'FILIPINO', 'VALLA', 6, 'B'),
(595, 1, 4, 0, NULL, 'L1514583', 'PAREKH', 'MONIKA PRAVIN KUMAR', '1988-04-12', NULL, 'Female', NULL, NULL, '2023-03-18', '2012-05-31', NULL, NULL, '2015-11-20 19:05:21', 7, NULL, NULL, 'Yes', NULL, NULL, 1, 'monicaparekh91@yahoo.com', 102, 'IND', 'KAMP', 6, 'C'),
(596, 2, 4, 0, NULL, 'Z1872567', 'GUPTA', 'PRAMOD KUMAR', '1952-12-06', NULL, 'Male', NULL, NULL, '2019-02-17', '2014-04-28', NULL, 1, '2015-11-21 10:12:17', 7, '2015-11-21 10:14:10', 7, 'Yes', NULL, NULL, 2, 'pramodkanchan2002@yahoo.com', 117, 'IND', 'KAMPALA', 6, 'D'),
(597, 2, 4, 0, NULL, 'Z2325844', 'SHARMA', 'POONAM', '1978-03-21', NULL, 'Male', NULL, NULL, '2022-10-07', '2007-04-28', NULL, 1, '2015-11-21 10:52:35', 7, NULL, NULL, 'Yes', NULL, NULL, 2, 'poonamsharma02@yahoo.com', 1, 'IND', 'KAMPALA', 6, 'D'),
(598, 2, 4, 0, NULL, 'G5892177', 'PATEL', 'VIJAYKUMAR DAHYA BHAI', '1959-11-17', NULL, 'Male', NULL, NULL, '2017-10-28', '1999-12-01', NULL, NULL, '2015-11-23 10:11:21', 7, NULL, NULL, 'Yes', NULL, NULL, 3, '', 74, 'IND', 'IND', 5, 'B'),
(599, 2, 4, 0, NULL, '08729033', 'KARKI', 'PADAM BAHADUR', '1971-11-13', NULL, 'Male', NULL, NULL, '2025-04-18', '2012-06-12', NULL, NULL, '2015-11-23 12:06:52', 7, NULL, NULL, 'Yes', NULL, NULL, 1, '', 105, 'NPL', 'NPL', 5, 'B'),
(600, 2, 4, 0, NULL, '05533958', 'THAPA', 'YAM BAHADUR', '1974-01-14', NULL, 'Male', NULL, NULL, '0221-04-25', '2013-05-23', NULL, NULL, '2015-11-23 15:23:27', 7, NULL, NULL, 'Yes', NULL, NULL, 1, '', 105, 'NPL', 'NPL', 5, 'C'),
(601, 2, 2, 0, NULL, 'J8643639', 'MOHAMED HANIFA', 'BAVAKASIM', '1978-07-04', NULL, 'Male', NULL, NULL, '2021-07-12', '2003-10-21', NULL, 1, '2015-11-23 17:00:31', 7, NULL, NULL, 'Yes', NULL, NULL, 2, '', 114, 'IND', 'IND', NULL, NULL),
(602, 2, 3, 0, NULL, 'K7064979', 'AGATH', 'DINESH ARJANBHAI', '1985-08-20', NULL, 'Male', NULL, NULL, '2022-08-05', '2013-10-10', NULL, NULL, '2015-11-24 09:59:42', 7, NULL, NULL, 'Yes', NULL, NULL, 1, '', 38, 'IND', 'AHMEDABAD', 8, 'A'),
(603, 1, 3, 0, NULL, 'H0696787', 'SURENDRANs', 'SUBASH CHANDRAN', '1979-05-28', NULL, 'Male', NULL, NULL, '2018-10-15', '2015-09-21', NULL, NULL, '2015-11-25 10:53:54', 7, '2015-12-07 19:14:03', 10, 'Yes', NULL, NULL, 3, 'chandran.subash@yahoo.com', 8, 'IND', 'IND', 7, 'A');

-- --------------------------------------------------------

--
-- Table structure for table `staff_post`
--

DROP TABLE IF EXISTS `staff_post`;
CREATE TABLE IF NOT EXISTS `staff_post` (
  `staff_post_id` int(11) NOT NULL AUTO_INCREMENT,
  `staff_post_name` varchar(50) NOT NULL,
  `is_active` varchar(3) NOT NULL,
  PRIMARY KEY (`staff_post_id`)
) ENGINE=InnoDB  DEFAULT CHARSET=utf8 AUTO_INCREMENT=118 ;

--
-- Dumping data for table `staff_post`
--

INSERT INTO `staff_post` (`staff_post_id`, `staff_post_name`, `is_active`) VALUES
(1, 'Manager', 'Yes'),
(2, 'Engineer', 'Yes'),
(3, 'Site Supervisor', 'Yes'),
(4, 'Food & Beverage Manager', 'Yes'),
(5, 'Front Office Manager', 'Yes'),
(6, 'Financial Controler', 'Yes'),
(7, 'Chef', 'Yes'),
(8, 'General Manager', 'Yes'),
(9, 'Store Keeper', 'Yes'),
(10, 'Plumber', 'Yes'),
(11, 'Banquet Manager', 'Yes'),
(12, 'Cashier ', 'Yes'),
(13, 'Duty Manager', 'Yes'),
(14, 'Accounts Assistant', 'Yes'),
(15, 'Electrician', 'Yes'),
(16, 'Security Guard', 'Yes'),
(17, 'Chef Indian', 'Yes'),
(18, 'Pastry chef', 'Yes'),
(19, 'Continental Chef', 'Yes'),
(20, 'Senior Sous Chef', 'Yes'),
(21, 'Banquet & Sales Assistant', 'Yes'),
(22, 'A.V.Technician', 'Yes'),
(23, 'Assistant Manager ', 'Yes'),
(24, 'Chief Security Manager', 'Yes'),
(25, 'Admin Manager', 'Yes'),
(26, 'IT Manager', 'Yes'),
(27, 'E-Marketing Manager', 'Yes'),
(28, 'Pizzeria Manager ', 'Yes'),
(29, 'Accountant', 'Yes'),
(30, 'Purchase Manager ', 'Yes'),
(31, 'Delivery Man', 'Yes'),
(32, 'Store Manager', 'Yes'),
(33, 'Maintenance Manager', 'Yes'),
(34, 'Bakery Chef', 'Yes'),
(35, 'House Keeper', 'Yes'),
(36, 'Head Chef', 'Yes'),
(37, 'House keeper Manager', 'Yes'),
(38, 'Supervisor', 'Yes'),
(39, 'Sous Chef', 'Yes'),
(40, 'Banquet Manager', 'Yes'),
(41, 'Pastry & Bread Chef', 'Yes'),
(42, 'A.V. Techinician', 'Yes'),
(43, 'Chef De Partie', 'Yes'),
(44, 'Assistant Garde Munger Chef', 'Yes'),
(45, 'Night Auditor', 'Yes'),
(46, 'F & B Controller', 'Yes'),
(47, 'Kitchen Equ. Tech', 'Yes'),
(48, 'Chef', 'Yes'),
(49, 'F & B Manager', 'Yes'),
(50, 'Senior Security Supervisor ', 'Yes'),
(51, 'Hk Asst. Manager', 'Yes'),
(52, 'Sales & Marketing Manager', 'Yes'),
(53, 'Security Manager', 'Yes'),
(54, 'Carpenter', 'Yes'),
(55, 'Logistics Team Leader', 'Yes'),
(56, 'Site Supervisor', 'Yes'),
(57, 'Lorry Supervisor', 'Yes'),
(58, 'Quality Surveyor', 'Yes'),
(59, 'Gysum Board Expert', 'Yes'),
(60, 'Care taker', 'Yes'),
(61, 'AUDIT ASSISTANT', 'Yes'),
(62, 'production manager', 'Yes'),
(64, 'economist', 'Yes'),
(65, 'section manager', 'Yes'),
(66, 'stores grading', 'Yes'),
(67, 'irrigation technisian', 'Yes'),
(68, 'Welder', 'Yes'),
(69, 'gapsum worker', 'Yes'),
(70, 'mason', 'Yes'),
(71, 'accounts executive', 'Yes'),
(72, 'credit manager', 'Yes'),
(73, 'Compliance officer', 'Yes'),
(74, 'operations manager', 'Yes'),
(75, 'treasury dealing', 'Yes'),
(76, 'an E-banking manager', 'Yes'),
(77, 'Executive Director-Operations', 'Yes'),
(78, 'relationship manager', 'Yes'),
(79, 'Assistant sales manager', 'Yes'),
(80, 'manager card production', 'Yes'),
(81, 'supervisor compliance', 'Yes'),
(82, 'Compliance manager', 'Yes'),
(83, 'ATM supervisor', 'Yes'),
(84, 'Head of Audit', 'Yes'),
(85, 'Group HR MANAGER', 'Yes'),
(86, 'Trade finance/ Treasury manager', 'Yes'),
(87, 'manager Audits', 'Yes'),
(88, 'finance manager', 'Yes'),
(89, 'procurement manager', 'Yes'),
(90, 'ASS hindi teacher', 'Yes'),
(91, 'CCTV control room', 'Yes'),
(92, 'stores assistant', 'Yes'),
(93, 'stores and purchase', 'Yes'),
(94, 'Mainteinance HK', 'Yes'),
(95, 'teacher', 'Yes'),
(96, 'bond incharge', 'Yes'),
(97, 'IT officer', 'Yes'),
(98, 'Head of International', 'Yes'),
(99, 'administration and marketing', 'Yes'),
(100, 'bursar', 'Yes'),
(101, 'Ass bursar', 'Yes'),
(102, 'Banking assistant', 'Yes'),
(103, 'Head of compliance', 'Yes'),
(104, 'Head of sales', 'Yes'),
(105, 'Security officer', 'Yes'),
(106, 'Internal Audit Manager', 'Yes'),
(107, 'finance officer', 'Yes'),
(108, 'dealer', 'Yes'),
(109, 'Executive director', 'Yes'),
(110, 'front officer manager', 'Yes'),
(111, 'ass. plant chemist', 'Yes'),
(112, 'mixer house', 'Yes'),
(113, 'Gate controller', 'Yes'),
(114, 'Administration officer', 'Yes'),
(115, 'executive Secretary', 'Yes'),
(116, 'Depty head of sales', 'Yes'),
(117, 'Exective director', 'Yes');

-- --------------------------------------------------------

--
-- Table structure for table `staff_salary`
--

DROP TABLE IF EXISTS `staff_salary`;
CREATE TABLE IF NOT EXISTS `staff_salary` (
  `staff_salary_id` int(11) NOT NULL AUTO_INCREMENT,
  `staff_id` int(11) NOT NULL,
  `currency_type_id` int(11) NOT NULL,
  `salary` float NOT NULL,
  `startdate` date DEFAULT NULL,
  `enddate` date DEFAULT NULL,
  `Is_active` varchar(255) DEFAULT NULL,
  `editting_id` int(11) DEFAULT NULL,
  `is_net_or_gross` varchar(20) DEFAULT NULL,
  PRIMARY KEY (`staff_salary_id`),
  KEY `currency_salary` (`currency_type_id`),
  KEY `staff_salary` (`staff_id`)
) ENGINE=InnoDB  DEFAULT CHARSET=utf8 AUTO_INCREMENT=3067 ;

--
-- Dumping data for table `staff_salary`
--

INSERT INTO `staff_salary` (`staff_salary_id`, `staff_id`, `currency_type_id`, `salary`, `startdate`, `enddate`, `Is_active`, `editting_id`, `is_net_or_gross`) VALUES
(31, 10, 2, 980, '2014-12-28', NULL, 'Yes', 15, NULL),
(32, 10, 1, 300000, '2014-12-28', NULL, 'Yes', 16, NULL),
(33, 15, 2, 400, '2005-01-31', NULL, 'Yes', NULL, NULL),
(34, 15, 1, 496155, '2005-01-31', NULL, 'Yes', NULL, NULL),
(37, 13, 2, 900, '2014-07-15', NULL, 'Yes', 27, NULL),
(38, 13, 1, 500000, '2014-07-15', NULL, 'Yes', 28, NULL),
(47, 21, 2, 500, '2013-10-04', NULL, 'Yes', NULL, NULL),
(48, 21, 1, 300000, '2013-10-04', NULL, 'Yes', NULL, NULL),
(49, 19, 2, 1000, '2013-06-25', NULL, 'Yes', 43, NULL),
(50, 19, 1, 500000, '2013-06-25', NULL, 'Yes', 44, NULL),
(51, 23, 2, 800, '2013-02-28', NULL, 'Yes', NULL, NULL),
(53, 23, 1, 400000, '2013-02-28', NULL, 'Yes', NULL, NULL),
(54, 24, 2, 350, '2005-08-31', NULL, 'Yes', NULL, NULL),
(55, 24, 1, 400000, '2005-08-31', NULL, 'Yes', NULL, NULL),
(56, 25, 2, 800, '2014-06-28', NULL, 'Yes', NULL, NULL),
(57, 25, 1, 300000, '2014-06-28', NULL, 'Yes', NULL, NULL),
(58, 26, 2, 1000, '2014-07-18', NULL, 'Yes', NULL, NULL),
(59, 26, 1, 300000, '2014-07-18', NULL, 'Yes', NULL, NULL),
(60, 27, 2, 1200, '2013-06-25', NULL, 'Yes', NULL, NULL),
(61, 27, 1, 500000, '2013-07-25', NULL, 'Yes', NULL, NULL),
(62, 28, 2, 800, '2013-08-23', NULL, 'Yes', NULL, NULL),
(63, 28, 1, 500000, '2013-08-23', NULL, 'Yes', NULL, NULL),
(64, 29, 2, 750, '2008-06-30', NULL, 'Yes', NULL, NULL),
(65, 29, 1, 200000, '2008-06-30', NULL, 'Yes', NULL, NULL),
(66, 30, 2, 1000, '2000-12-31', NULL, 'Yes', NULL, NULL),
(67, 30, 1, 375000, '2000-12-31', NULL, 'Yes', NULL, NULL),
(70, 32, 2, 350, '2015-02-03', NULL, 'Yes', NULL, NULL),
(71, 32, 1, 300000, '2015-02-03', NULL, 'Yes', NULL, NULL),
(80, 37, 2, 350, '2012-05-23', NULL, 'Yes', NULL, NULL),
(81, 37, 1, 300000, '2012-05-23', NULL, 'Yes', NULL, NULL),
(92, 41, 2, 700, '2014-09-01', NULL, 'Yes', 88, NULL),
(93, 41, 1, 400000, '2014-09-01', NULL, 'Yes', 89, NULL),
(94, 43, 2, 900, '2015-03-05', NULL, 'Yes', NULL, NULL),
(95, 43, 1, 300000, '2013-03-05', NULL, 'Yes', NULL, NULL),
(98, 45, 2, 300, '2014-05-05', NULL, 'Yes', NULL, NULL),
(99, 45, 1, 300000, '2014-05-05', NULL, 'Yes', NULL, NULL),
(100, 44, 2, 300, '2014-06-13', NULL, 'Yes', 96, NULL),
(101, 44, 1, 300000, '2014-06-13', NULL, 'Yes', 97, NULL),
(102, 46, 2, 400, '2011-09-01', NULL, 'Yes', NULL, NULL),
(103, 46, 1, 300000, '2011-09-01', NULL, 'Yes', NULL, NULL),
(108, 48, 2, 350, '2012-04-19', NULL, 'Yes', 106, NULL),
(109, 48, 1, 300000, '2012-04-19', NULL, 'Yes', 107, NULL),
(110, 49, 2, 300, '2013-09-19', NULL, 'Yes', NULL, NULL),
(111, 49, 1, 300000, '2013-09-19', NULL, 'Yes', NULL, NULL),
(116, 52, 2, 300, '2014-08-15', NULL, 'Yes', NULL, NULL),
(117, 52, 1, 300000, '2014-08-15', NULL, 'Yes', NULL, NULL),
(118, 53, 2, 550, '2008-12-24', NULL, 'Yes', NULL, NULL),
(119, 53, 1, 300000, '2008-12-24', NULL, 'Yes', NULL, NULL),
(120, 54, 2, 1300, '2014-03-06', NULL, 'Yes', NULL, NULL),
(121, 54, 1, 500000, '2014-03-06', NULL, 'Yes', NULL, NULL),
(124, 55, 2, 300, '2013-05-02', NULL, 'Yes', 122, NULL),
(125, 55, 1, 300000, '2013-05-02', NULL, 'Yes', 123, NULL),
(126, 56, 2, 1200, '2012-04-29', NULL, 'Yes', NULL, NULL),
(127, 56, 1, 350000, '2012-04-29', NULL, 'Yes', NULL, NULL),
(130, 57, 2, 2300, '2010-05-27', NULL, 'Yes', 128, NULL),
(131, 57, 1, 300000, '2010-05-28', NULL, 'Yes', 129, NULL),
(132, 47, 2, 300, '2013-12-31', NULL, 'Yes', 104, NULL),
(133, 47, 1, 300000, '2013-12-31', NULL, 'Yes', 105, NULL),
(134, 8, 2, 1, '2015-05-18', NULL, 'Yes', NULL, NULL),
(135, 58, 2, 400, '2009-05-31', NULL, 'Yes', NULL, NULL),
(136, 58, 1, 300000, '2009-05-31', NULL, 'Yes', NULL, NULL),
(139, 60, 2, 900, '2006-03-30', NULL, 'Yes', NULL, NULL),
(140, 60, 1, 300000, '2006-03-30', NULL, 'Yes', NULL, NULL),
(141, 61, 2, 600, '2013-08-23', NULL, 'Yes', NULL, NULL),
(142, 61, 1, 300000, '2013-08-23', NULL, 'Yes', NULL, NULL),
(143, 62, 2, 450, '2013-03-18', NULL, 'Yes', NULL, NULL),
(144, 62, 1, 300000, '2012-03-18', NULL, 'Yes', NULL, NULL),
(145, 63, 2, 300, '2012-09-05', NULL, 'Yes', NULL, NULL),
(146, 63, 1, 300000, '2012-09-05', NULL, 'Yes', NULL, NULL),
(147, 64, 2, 300, '2014-09-08', NULL, 'Yes', NULL, NULL),
(148, 64, 1, 300000, '2014-09-08', NULL, 'Yes', NULL, NULL),
(149, 65, 2, 300, '2015-01-28', NULL, 'Yes', NULL, NULL),
(150, 65, 1, 300000, '2015-01-28', NULL, 'Yes', NULL, NULL),
(151, 66, 2, 300, '2007-08-26', NULL, 'Yes', NULL, NULL),
(152, 66, 1, 300000, '2007-08-26', NULL, 'Yes', NULL, NULL),
(153, 67, 2, 600, '2010-09-27', NULL, 'Yes', NULL, NULL),
(154, 67, 1, 300000, '2010-09-27', NULL, 'Yes', NULL, NULL),
(155, 68, 2, 350, '2013-08-03', NULL, 'Yes', NULL, NULL),
(156, 68, 1, 300000, '2013-08-03', NULL, 'Yes', NULL, NULL),
(159, 70, 2, 900, '2006-04-18', NULL, 'Yes', NULL, NULL),
(160, 70, 1, 300000, '2006-04-18', NULL, 'Yes', NULL, NULL),
(161, 71, 2, 800, '2009-12-09', NULL, 'Yes', NULL, NULL),
(162, 71, 1, 450000, '2009-10-09', NULL, 'Yes', NULL, NULL),
(163, 72, 2, 300, '2013-10-18', NULL, 'Yes', NULL, NULL),
(164, 72, 1, 300000, '2013-10-18', NULL, 'Yes', NULL, NULL),
(165, 73, 2, 600, '2012-05-17', NULL, 'Yes', NULL, NULL),
(166, 73, 1, 300000, '2012-05-17', NULL, 'Yes', NULL, NULL),
(167, 74, 2, 700, '2014-08-27', NULL, 'Yes', NULL, NULL),
(168, 74, 1, 350000, '2014-04-27', NULL, 'Yes', NULL, NULL),
(171, 76, 2, 300, '2012-10-01', NULL, 'Yes', NULL, NULL),
(172, 76, 1, 300000, '2012-10-04', NULL, 'Yes', NULL, NULL),
(173, 77, 2, 450, '2012-03-20', NULL, 'Yes', NULL, NULL),
(174, 77, 1, 300000, '2012-03-20', NULL, 'Yes', NULL, NULL),
(175, 78, 2, 300, '2014-11-25', NULL, 'Yes', NULL, NULL),
(176, 78, 1, 300000, '2014-11-25', NULL, 'Yes', NULL, NULL),
(179, 80, 2, 1200, '2014-11-09', NULL, 'Yes', NULL, NULL),
(180, 80, 1, 400000, '2014-11-09', NULL, 'Yes', NULL, NULL),
(181, 81, 2, 300, '2014-01-09', NULL, 'Yes', NULL, NULL),
(182, 81, 1, 300000, '2014-01-09', NULL, 'Yes', NULL, NULL),
(183, 82, 2, 900, '2014-05-15', NULL, 'Yes', NULL, NULL),
(184, 82, 1, 500000, '2014-05-15', NULL, 'Yes', NULL, NULL),
(185, 83, 2, 500, '2003-11-14', NULL, 'Yes', NULL, NULL),
(186, 83, 1, 200000, '2003-11-14', NULL, 'Yes', NULL, NULL),
(187, 84, 2, 800, '2011-04-10', NULL, 'Yes', NULL, NULL),
(188, 84, 1, 300000, '2011-04-10', NULL, 'Yes', NULL, NULL),
(189, 85, 2, 850, '2011-01-13', NULL, 'Yes', NULL, NULL),
(190, 85, 1, 400000, '2011-01-13', NULL, 'Yes', NULL, NULL),
(193, 87, 2, 800, '2008-01-25', NULL, 'Yes', NULL, NULL),
(194, 87, 1, 350000, '2008-01-25', NULL, 'Yes', NULL, NULL),
(195, 88, 2, 300, '2015-02-20', NULL, 'Yes', NULL, NULL),
(196, 88, 1, 300000, '2015-02-20', NULL, 'Yes', NULL, NULL),
(197, 89, 2, 300, '2014-09-15', NULL, 'Yes', NULL, NULL),
(198, 89, 1, 300000, '2014-09-15', NULL, 'Yes', NULL, NULL),
(199, 90, 2, 300, '2014-06-21', NULL, 'Yes', NULL, NULL),
(200, 90, 1, 300000, '2014-06-21', NULL, 'Yes', NULL, NULL),
(201, 91, 2, 600, '2010-07-29', NULL, 'Yes', NULL, NULL),
(202, 91, 1, 400000, '2010-07-29', NULL, 'Yes', NULL, NULL),
(203, 92, 2, 675, '0210-07-29', NULL, 'Yes', NULL, NULL),
(204, 92, 1, 550000, '2010-07-29', NULL, 'Yes', NULL, NULL),
(205, 93, 2, 1160, '2014-08-19', NULL, 'Yes', NULL, NULL),
(206, 93, 1, 400000, '2014-08-19', NULL, 'Yes', NULL, NULL),
(207, 94, 2, 300, '2015-01-06', NULL, 'Yes', NULL, NULL),
(208, 94, 1, 300000, '2015-01-06', NULL, 'Yes', NULL, NULL),
(209, 95, 2, 300, '2015-03-31', NULL, 'Yes', NULL, NULL),
(210, 95, 1, 300000, '2015-03-31', NULL, 'Yes', NULL, NULL),
(211, 96, 2, 300, '2014-03-27', NULL, 'Yes', NULL, NULL),
(212, 96, 1, 300000, '2014-03-27', NULL, 'Yes', NULL, NULL),
(213, 97, 2, 450, '2007-06-25', NULL, 'Yes', NULL, NULL),
(214, 97, 1, 300000, '2007-06-25', NULL, 'Yes', NULL, NULL),
(215, 98, 2, 350, '2014-09-15', NULL, 'Yes', NULL, NULL),
(216, 99, 2, 800, '2014-02-28', NULL, 'Yes', NULL, NULL),
(217, 99, 1, 500000, '2014-02-28', NULL, 'Yes', NULL, NULL),
(220, 101, 2, 400, '2008-09-17', NULL, 'Yes', NULL, NULL),
(221, 101, 1, 353555, '2008-09-17', NULL, 'Yes', NULL, NULL),
(222, 102, 2, 710, '2010-09-27', NULL, 'Yes', NULL, NULL),
(223, 102, 1, 400000, '2010-09-27', NULL, 'Yes', NULL, NULL),
(224, 103, 2, 1100, '2006-03-27', NULL, 'Yes', NULL, NULL),
(225, 103, 1, 200000, '2006-03-25', NULL, 'Yes', NULL, NULL),
(226, 104, 2, 800, '2010-12-21', NULL, 'Yes', NULL, NULL),
(227, 104, 1, 450000, '2010-12-21', NULL, 'Yes', NULL, NULL),
(228, 105, 2, 800, '2010-12-21', NULL, 'Yes', NULL, NULL),
(229, 105, 1, 400000, '2010-12-21', NULL, 'Yes', NULL, NULL),
(232, 108, 2, 300, '2015-03-05', NULL, 'Yes', NULL, NULL),
(233, 107, 1, 300000, '2015-03-05', NULL, 'Yes', NULL, NULL),
(234, 108, 1, 300000, '2013-09-09', NULL, 'Yes', NULL, NULL),
(235, 109, 2, 500, '2015-04-11', NULL, 'Yes', NULL, NULL),
(236, 109, 1, 586700, '2015-04-11', NULL, 'Yes', NULL, NULL),
(237, 110, 2, 800, '2002-02-08', NULL, 'Yes', NULL, NULL),
(238, 110, 1, 350000, '2002-02-08', NULL, 'Yes', NULL, NULL),
(243, 113, 2, 600, '2000-08-31', NULL, 'Yes', NULL, NULL),
(244, 113, 1, 386700, '2000-08-31', NULL, 'Yes', NULL, NULL),
(245, 114, 2, 400, '2011-07-17', NULL, 'Yes', NULL, NULL),
(246, 114, 1, 300000, '2011-07-17', NULL, 'Yes', NULL, NULL),
(247, 115, 2, 1100, '2012-09-24', NULL, 'Yes', NULL, NULL),
(248, 115, 1, 200000, '2012-09-24', NULL, 'Yes', NULL, NULL),
(249, 116, 2, 500, '2011-11-08', NULL, 'Yes', NULL, NULL),
(250, 116, 1, 300000, '2011-11-08', NULL, 'Yes', NULL, NULL),
(251, 117, 2, 300, '2014-06-24', NULL, 'Yes', NULL, NULL),
(252, 117, 1, 300000, '2014-06-24', NULL, 'Yes', NULL, NULL),
(255, 119, 2, 300, '2014-12-27', NULL, 'Yes', NULL, NULL),
(256, 119, 1, 300000, '2014-12-27', NULL, 'Yes', NULL, NULL),
(257, 120, 2, 600, '2013-10-10', NULL, 'Yes', NULL, NULL),
(258, 120, 1, 300000, '2013-10-10', NULL, 'Yes', NULL, NULL),
(259, 121, 2, 1000, '2013-08-23', NULL, 'Yes', NULL, NULL),
(260, 121, 1, 500000, '2013-08-27', NULL, 'Yes', NULL, NULL),
(261, 122, 2, 1200, '2014-05-21', NULL, 'Yes', NULL, NULL),
(262, 122, 1, 300000, '2014-05-21', NULL, 'Yes', NULL, NULL),
(263, 123, 2, 425, '2004-12-31', NULL, 'Yes', NULL, NULL),
(264, 123, 1, 300000, '2004-12-31', NULL, 'Yes', NULL, NULL),
(265, 124, 2, 300, '2011-09-16', NULL, 'Yes', NULL, NULL),
(266, 124, 1, 300000, '2011-09-16', NULL, 'Yes', NULL, NULL),
(267, 125, 2, 750, '2013-04-04', NULL, 'Yes', NULL, NULL),
(268, 125, 1, 300000, '2013-04-04', NULL, 'Yes', NULL, NULL),
(269, 126, 2, 450, '2005-08-08', NULL, 'Yes', NULL, NULL),
(270, 126, 1, 200000, '2005-08-08', NULL, 'Yes', NULL, NULL),
(273, 128, 2, 400, '2007-06-26', NULL, 'Yes', NULL, NULL),
(274, 128, 1, 500000, '2007-06-26', NULL, 'Yes', NULL, NULL),
(275, 118, 1, 300000, '2001-06-30', NULL, 'Yes', 254, NULL),
(280, 131, 2, 650, '2008-06-06', NULL, 'Yes', NULL, NULL),
(281, 131, 1, 325500, '2008-06-06', NULL, 'Yes', NULL, NULL),
(284, 133, 2, 300, '2012-06-18', NULL, 'Yes', NULL, NULL),
(285, 133, 1, 390945, '2012-06-18', NULL, 'Yes', NULL, NULL),
(302, 129, 2, 300, '2012-06-18', NULL, 'Yes', 300, NULL),
(303, 129, 1, 390345, '2012-06-18', NULL, 'Yes', 301, NULL),
(306, 34, 2, 600, '2013-07-08', NULL, 'Yes', 74, NULL),
(307, 34, 1, 400000, '2014-07-08', NULL, 'Yes', 75, NULL),
(325, 152, 2, 250, '2007-02-15', NULL, 'Yes', 323, NULL),
(326, 152, 1, 200000, '2007-02-15', NULL, 'Yes', 324, 'Gross'),
(361, 155, 1, 250000, '2003-04-24', NULL, 'Yes', 360, 'Gross'),
(446, 127, 2, 650, '2008-05-15', NULL, 'Yes', 271, NULL),
(447, 127, 1, 200000, '2008-05-15', NULL, 'Yes', 272, NULL),
(480, 185, 2, 2500, '2015-06-24', NULL, 'Yes', NULL, 'Net'),
(481, 185, 1, 0, '2015-06-24', NULL, 'Yes', NULL, 'Gross'),
(514, 197, 2, 400, '2012-01-01', NULL, 'Yes', 512, 'Gross'),
(515, 197, 1, 300000, '2012-01-01', NULL, 'Yes', 513, 'Gross'),
(567, 182, 2, 400, '2012-07-01', NULL, 'Yes', 470, 'Gross'),
(568, 182, 1, 400000, '2012-07-01', NULL, 'Yes', 471, 'Gross'),
(573, 183, 2, 550, '2015-04-22', NULL, 'Yes', 476, 'Gross'),
(574, 183, 1, 300000, '2015-04-22', NULL, 'Yes', 477, 'Gross'),
(618, 218, 2, 750, '2015-10-01', NULL, 'Yes', NULL, 'Net'),
(619, 218, 1, 300000, '2015-10-01', NULL, 'Yes', NULL, 'Gross'),
(622, 200, 2, 900, '2008-06-01', NULL, 'Yes', 601, 'Net'),
(623, 200, 1, 300000, '2008-06-01', NULL, 'Yes', 602, 'Gross'),
(624, 220, 2, 550, '2015-09-21', NULL, 'Yes', NULL, 'Net'),
(625, 220, 1, 300000, '2015-12-01', NULL, 'Yes', NULL, 'Gross'),
(678, 243, 2, 950, '2015-06-01', NULL, 'Yes', NULL, 'Gross'),
(679, 243, 1, 300000, '2015-06-01', NULL, 'Yes', NULL, 'Gross'),
(684, 191, 2, 710, '2012-05-01', NULL, 'Yes', 493, 'Net'),
(685, 191, 1, 300000, '2012-05-01', NULL, 'Yes', 494, 'Gross'),
(700, 250, 2, 1500, '2012-10-01', NULL, 'Yes', NULL, 'Net'),
(701, 250, 1, 400000, '2012-10-01', NULL, 'Yes', NULL, 'Gross'),
(726, 259, 2, 300, '2015-10-01', NULL, 'Yes', NULL, 'Net'),
(727, 259, 1, 300000, '2015-10-01', NULL, 'Yes', NULL, 'Gross'),
(730, 261, 2, 300, '2015-10-01', NULL, 'Yes', NULL, 'Net'),
(731, 261, 1, 300000, '2015-10-01', NULL, 'Yes', NULL, 'Gross'),
(750, 181, 2, 550, '2015-09-01', NULL, 'Yes', 571, 'Net'),
(751, 181, 1, 300000, '2015-09-01', NULL, 'Yes', 572, 'Gross'),
(762, 276, 2, 300, '2015-10-01', NULL, 'Yes', NULL, 'Net'),
(763, 276, 1, 300000, '2015-10-01', NULL, 'Yes', NULL, 'Gross'),
(774, 282, 2, 300, '2015-10-01', NULL, 'Yes', NULL, 'Net'),
(775, 282, 1, 300000, '2015-10-01', NULL, 'Yes', NULL, 'Gross'),
(891, 324, 2, 0, '2015-10-01', NULL, 'Yes', 889, 'Gross'),
(892, 324, 1, 0, '2015-10-01', NULL, 'Yes', 890, 'Gross'),
(940, 342, 2, 2000, '2014-02-19', NULL, 'Yes', NULL, 'Net'),
(941, 342, 1, 500000, '2014-02-19', NULL, 'Yes', NULL, 'Gross'),
(995, 17, 1, 500000, '2014-08-06', '2015-11-04', 'No', 992, 'Gross'),
(996, 17, 1, 500000, '2001-11-08', '2015-11-04', 'No', 993, 'Gross'),
(997, 17, 2, 2000, '2014-08-06', NULL, 'Yes', 994, 'Net'),
(1002, 361, 2, 1500, '2015-08-17', NULL, 'Yes', NULL, 'Net'),
(1003, 361, 1, 350000, '2015-08-17', NULL, 'Yes', NULL, 'Gross'),
(1004, 35, 1, 300000, '2015-06-01', NULL, 'Yes', NULL, 'Gross'),
(1005, 35, 2, 325, '2015-06-01', NULL, 'Yes', NULL, 'Net'),
(1006, 362, 2, 0, '2015-10-01', NULL, 'Yes', NULL, 'Gross'),
(1007, 362, 1, 0, '2015-10-01', NULL, 'Yes', NULL, 'Gross'),
(1008, 363, 2, 700, '2014-03-27', NULL, 'Yes', NULL, 'Net'),
(1009, 363, 1, 300000, '2014-03-27', NULL, 'Yes', NULL, 'Gross'),
(1010, 364, 2, 350, '2015-03-24', NULL, 'Yes', NULL, 'Net'),
(1011, 364, 1, 300000, '2015-03-24', NULL, 'Yes', NULL, 'Gross'),
(1014, 365, 2, 500, '2015-09-07', NULL, 'Yes', 1012, 'Net'),
(1015, 365, 1, 300000, '2015-09-07', NULL, 'Yes', 1013, 'Gross'),
(1018, 366, 2, 900, '2014-06-24', NULL, 'Yes', 1016, 'Net'),
(1019, 366, 1, 500000, '2014-06-24', NULL, 'Yes', 1017, 'Gross'),
(1026, 370, 2, 700, '2015-10-01', NULL, 'Yes', NULL, 'Net'),
(1027, 370, 1, 300000, '2015-10-01', NULL, 'Yes', NULL, 'Gross'),
(1028, 371, 2, 300, '2015-10-01', NULL, 'Yes', NULL, 'Net'),
(1029, 371, 1, 300000, '2015-10-01', NULL, 'Yes', NULL, 'Gross'),
(1030, 372, 2, 0, '2015-10-01', NULL, 'Yes', NULL, 'Gross'),
(1031, 372, 1, 0, '2015-10-01', NULL, 'Yes', NULL, 'Gross'),
(1032, 373, 2, 0, '2015-10-01', NULL, 'Yes', NULL, 'Gross'),
(1033, 373, 1, 0, '2015-10-01', NULL, 'Yes', NULL, 'Gross'),
(1034, 374, 2, 0, '2015-10-01', NULL, 'Yes', NULL, 'Gross'),
(1035, 374, 1, 0, '2015-10-01', NULL, 'Yes', NULL, 'Gross'),
(1041, 202, 2, 720, '2015-08-01', NULL, 'Yes', 524, 'Gross'),
(1042, 202, 1, 300000, '2015-08-01', NULL, 'Yes', 525, 'Gross'),
(1063, 376, 2, 850, '2014-12-01', NULL, 'Yes', NULL, 'Net'),
(1064, 376, 1, 400000, '2014-12-01', NULL, 'Yes', NULL, 'Gross'),
(1065, 377, 2, 1200, '2014-10-02', NULL, 'Yes', NULL, 'Net'),
(1066, 377, 1, 500000, '2015-10-02', NULL, 'Yes', NULL, 'Gross'),
(1069, 378, 2, 1000, '2014-07-07', NULL, 'Yes', 1067, 'Net'),
(1070, 378, 1, 500000, '2014-07-07', NULL, 'Yes', 1068, 'Gross'),
(1071, 379, 2, 300, '2014-08-06', NULL, 'Yes', NULL, 'Net'),
(1072, 379, 1, 300000, '2014-08-06', NULL, 'Yes', NULL, 'Gross'),
(1073, 380, 2, 300, '2012-09-04', NULL, 'Yes', NULL, 'Net'),
(1074, 380, 1, 300000, '2012-09-04', NULL, 'Yes', NULL, 'Gross'),
(1075, 381, 2, 400, '2014-06-10', NULL, 'Yes', NULL, 'Gross'),
(1076, 381, 1, 300000, '2014-06-10', NULL, 'Yes', NULL, 'Gross'),
(1077, 79, 2, 450, '2006-10-26', NULL, 'Yes', 177, NULL),
(1078, 79, 1, 200000, '2007-10-26', NULL, 'Yes', 178, NULL),
(1079, 50, 2, 300, '2013-01-16', NULL, 'Yes', 112, NULL),
(1080, 50, 1, 300000, '2013-01-16', NULL, 'Yes', 113, NULL),
(1081, 51, 2, 300, '2010-04-08', NULL, 'Yes', 114, NULL),
(1082, 51, 1, 300000, '2010-04-08', NULL, 'Yes', 115, NULL),
(1083, 112, 2, 450, '2013-08-02', NULL, 'Yes', 241, NULL),
(1084, 112, 1, 400000, '2013-08-02', NULL, 'Yes', 242, NULL),
(1085, 100, 2, 1300, '2003-06-17', NULL, 'Yes', NULL, 'Net'),
(1086, 100, 2, 1300, '2003-06-17', NULL, 'No', 219, 'Net'),
(1087, 100, 1, 300000, '2003-06-17', NULL, 'Yes', NULL, 'Gross'),
(1090, 382, 2, 350, '2014-12-01', NULL, 'Yes', 1088, 'Net'),
(1091, 382, 1, 300000, '2014-12-01', NULL, 'Yes', 1089, 'Gross'),
(1092, 383, 2, 350, '2012-05-02', NULL, 'Yes', NULL, 'Net'),
(1093, 383, 1, 300000, '2012-05-02', NULL, 'Yes', NULL, 'Gross'),
(1094, 384, 2, 300, '2014-05-11', NULL, 'Yes', NULL, 'Net'),
(1095, 384, 1, 300000, '2014-05-11', NULL, 'Yes', NULL, 'Gross'),
(1096, 385, 2, 700, '2015-04-01', NULL, 'Yes', NULL, 'Net'),
(1097, 385, 1, 300000, '2015-04-01', NULL, 'Yes', NULL, 'Gross'),
(1098, 386, 2, 400, '2015-03-01', NULL, 'Yes', NULL, 'Net'),
(1099, 386, 1, 500000, '2015-03-01', NULL, 'Yes', NULL, 'Gross'),
(1100, 387, 2, 1500, '2015-04-07', NULL, 'Yes', NULL, 'Net'),
(1101, 387, 1, 400000, '2015-04-07', NULL, 'Yes', NULL, 'Gross'),
(1102, 388, 2, 300, '2014-08-19', NULL, 'Yes', NULL, 'Net'),
(1103, 388, 1, 300000, '2014-08-19', NULL, 'Yes', NULL, 'Gross'),
(1104, 389, 2, 300, '2012-10-15', NULL, 'Yes', NULL, 'Net'),
(1105, 389, 1, 300000, '2012-10-15', NULL, 'Yes', NULL, 'Gross'),
(1108, 390, 2, 350, '2014-09-16', NULL, 'Yes', 1106, 'Net'),
(1109, 390, 1, 300000, '2014-09-16', NULL, 'Yes', 1107, 'Gross'),
(1110, 391, 2, 350, '2015-06-29', NULL, 'Yes', NULL, 'Net'),
(1111, 391, 1, 300000, '2015-06-29', NULL, 'Yes', NULL, 'Gross'),
(1114, 392, 2, 1000, '2014-08-01', NULL, 'Yes', NULL, 'Net'),
(1115, 392, 1, 400000, '2014-08-01', NULL, 'Yes', NULL, 'Gross'),
(1116, 393, 2, 300, '2014-05-17', NULL, 'Yes', NULL, 'Net'),
(1117, 393, 1, 300000, '2014-05-17', NULL, 'Yes', NULL, 'Gross'),
(1118, 394, 2, 300, '2015-01-22', NULL, 'Yes', NULL, 'Net'),
(1119, 394, 1, 300000, '2015-01-22', NULL, 'Yes', NULL, 'Gross'),
(1122, 396, 2, 1000, '2015-06-19', NULL, 'Yes', NULL, 'Net'),
(1123, 396, 1, 500000, '2015-06-19', NULL, 'Yes', NULL, 'Gross'),
(1124, 395, 2, 1000, '2015-05-12', NULL, 'Yes', 1120, 'Net'),
(1125, 395, 1, 400000, '2015-05-12', NULL, 'Yes', 1121, 'Gross'),
(1126, 397, 2, 300, '2014-07-03', NULL, 'Yes', NULL, 'Net'),
(1127, 397, 1, 300000, '2014-07-03', NULL, 'Yes', NULL, 'Gross'),
(1128, 398, 2, 300, '2015-10-08', NULL, 'Yes', NULL, 'Net'),
(1129, 398, 1, 300000, '2015-10-08', NULL, 'Yes', NULL, 'Gross'),
(1130, 399, 2, 300, '2015-09-22', NULL, 'Yes', NULL, 'Net'),
(1131, 399, 1, 300000, '2015-09-22', NULL, 'Yes', NULL, 'Gross'),
(1132, 400, 2, 300, '2015-10-01', NULL, 'Yes', NULL, 'Net'),
(1133, 400, 1, 300000, '2015-10-01', NULL, 'Yes', NULL, 'Gross'),
(1134, 401, 2, 350, '2015-09-25', NULL, 'Yes', NULL, 'Net'),
(1135, 401, 1, 300000, '2015-09-25', NULL, 'Yes', NULL, 'Gross'),
(1136, 402, 2, 600, '2015-09-03', NULL, 'Yes', NULL, 'Net'),
(1137, 402, 1, 500000, '2015-09-03', NULL, 'Yes', NULL, 'Gross'),
(1138, 403, 2, 350, '2015-08-08', NULL, 'Yes', NULL, 'Net'),
(1139, 403, 1, 300000, '2015-08-08', NULL, 'Yes', NULL, 'Gross'),
(1142, 404, 2, 300, '2015-08-01', NULL, 'Yes', 1140, 'Net'),
(1143, 404, 1, 300000, '2015-08-01', NULL, 'Yes', 1141, 'Gross'),
(1148, 405, 2, 800, '2015-01-01', NULL, 'Yes', 1146, 'Net'),
(1149, 405, 1, 300000, '2015-01-01', NULL, 'Yes', 1147, 'Gross'),
(1150, 75, 2, 750, '2015-04-17', NULL, 'Yes', 169, NULL),
(1151, 75, 1, 500000, '2015-04-17', NULL, 'Yes', 170, NULL),
(1152, 406, 2, 600, '2015-07-19', NULL, 'Yes', NULL, 'Net'),
(1153, 406, 1, 300000, '2015-07-19', NULL, 'Yes', NULL, 'Gross'),
(1154, 407, 2, 600, '2015-08-28', NULL, 'Yes', NULL, 'Net'),
(1155, 407, 1, 300000, '2015-08-28', NULL, 'Yes', NULL, 'Gross'),
(1160, 409, 2, 1000, '2014-02-05', NULL, 'Yes', 1158, 'Net'),
(1161, 409, 1, 500000, '2014-02-05', NULL, 'Yes', 1159, 'Gross'),
(1162, 408, 2, 450, '2012-05-01', NULL, 'Yes', NULL, 'Net'),
(1163, 408, 1, 200000, '2012-05-01', NULL, 'Yes', 1157, 'Gross'),
(1164, 410, 2, 300, '2014-05-01', NULL, 'Yes', NULL, 'Net'),
(1165, 410, 1, 300000, '2014-05-01', NULL, 'Yes', NULL, 'Gross'),
(1166, 411, 2, 1000, '2014-07-01', NULL, 'Yes', NULL, 'Net'),
(1167, 411, 1, 400000, '2014-07-01', NULL, 'Yes', NULL, 'Gross'),
(1168, 412, 2, 300, '2013-04-18', NULL, 'Yes', NULL, 'Net'),
(1169, 412, 1, 300000, '2013-04-18', NULL, 'Yes', NULL, 'Gross'),
(1172, 413, 2, 400, '2015-07-18', NULL, 'Yes', 1170, 'Net'),
(1173, 413, 1, 300000, '2015-07-18', NULL, 'Yes', 1171, 'Gross'),
(1176, 415, 2, 650, '2015-10-01', NULL, 'Yes', NULL, 'Net'),
(1177, 415, 1, 300000, '2015-10-01', NULL, 'Yes', NULL, 'Gross'),
(1180, 417, 2, 300, '2014-09-09', NULL, 'Yes', NULL, 'Net'),
(1181, 417, 1, 300000, '2014-09-09', NULL, 'Yes', NULL, 'Gross'),
(1182, 418, 2, 710, '2015-02-01', NULL, 'Yes', NULL, 'Net'),
(1183, 418, 1, 400000, '2015-02-01', NULL, 'Yes', NULL, 'Gross'),
(1184, 419, 2, 800, '2015-03-01', NULL, 'Yes', NULL, 'Net'),
(1185, 419, 1, 300000, '2015-03-01', NULL, 'Yes', NULL, 'Gross'),
(1188, 421, 2, 800, '2014-06-28', NULL, 'Yes', NULL, 'Net'),
(1189, 421, 1, 300000, '2014-06-28', NULL, 'Yes', NULL, 'Gross'),
(1192, 420, 1, 450, '2014-06-01', NULL, 'Yes', NULL, 'Net'),
(1193, 420, 1, 300000, '2014-06-01', NULL, 'Yes', 1187, 'Gross'),
(1194, 423, 2, 975, '2015-02-01', NULL, 'Yes', NULL, 'Net'),
(1195, 423, 1, 100000, '2015-02-01', NULL, 'Yes', NULL, 'Gross'),
(1198, 424, 2, 350, '2014-06-01', NULL, 'Yes', NULL, 'Net'),
(1199, 424, 1, 300000, '2014-06-01', NULL, 'Yes', NULL, 'Gross'),
(1216, 355, 2, 300, '2013-06-20', NULL, 'Yes', 974, 'Net'),
(1217, 355, 1, 300000, '2013-06-20', NULL, 'Yes', 975, 'Gross'),
(1218, 353, 2, 400, '2015-10-01', NULL, 'Yes', NULL, 'Net'),
(1219, 353, 1, 364022, '2015-10-01', NULL, 'Yes', 971, 'Net'),
(1226, 136, 2, 375, '2013-02-25', NULL, 'Yes', 292, NULL),
(1227, 136, 1, 325500, '2013-02-25', NULL, 'Yes', 293, NULL),
(1228, 135, 2, 300, '2013-01-02', NULL, 'Yes', 288, NULL),
(1229, 135, 1, 325500, '2013-01-02', NULL, 'Yes', 289, NULL),
(1230, 360, 2, 2200, '2014-06-09', NULL, 'Yes', NULL, 'Net'),
(1231, 360, 1, 575125, '2014-06-09', NULL, 'Yes', 991, 'Gross'),
(1232, 358, 2, 350, '2014-01-01', NULL, 'Yes', 986, 'Net'),
(1233, 358, 1, 331000, '2014-01-01', NULL, 'Yes', 987, 'Gross'),
(1234, 357, 2, 400, '2012-07-04', NULL, 'Yes', NULL, 'Net'),
(1235, 357, 1, 300000, '2012-07-04', NULL, 'Yes', 985, 'Gross'),
(1236, 356, 2, 1100, '2012-04-18', NULL, 'Yes', NULL, 'Net'),
(1237, 356, 1, 300000, '2012-04-18', NULL, 'Yes', 983, 'Gross'),
(1238, 132, 2, 300, '2013-04-10', NULL, 'Yes', 282, NULL),
(1239, 132, 1, 325000, '2013-04-10', NULL, 'Yes', 283, NULL),
(1240, 134, 2, 375, '2013-06-19', NULL, 'Yes', 964, NULL),
(1241, 134, 1, 325500, '2013-06-19', NULL, 'Yes', 965, NULL),
(1242, 432, 2, 750, '2014-10-01', NULL, 'Yes', NULL, 'Net'),
(1243, 432, 1, 300000, '2014-10-01', NULL, 'Yes', NULL, 'Gross'),
(1244, 130, 1, 430500, '2015-07-01', NULL, 'Yes', NULL, 'Gross'),
(1245, 130, 2, 550, '2015-07-01', NULL, 'Yes', NULL, 'Net'),
(1246, 354, 1, 300000, '2015-10-01', NULL, 'Yes', NULL, 'Gross'),
(1247, 354, 2, 300, '2015-10-01', NULL, 'Yes', NULL, 'Net'),
(1252, 352, 2, 300, '2012-06-19', NULL, 'Yes', 1250, 'Net'),
(1253, 352, 1, 300000, '2012-06-19', NULL, 'Yes', 1251, 'Gross'),
(1254, 137, 2, 300, '2013-05-22', NULL, 'Yes', 1224, NULL),
(1255, 137, 1, 325500, '2013-05-22', NULL, 'Yes', 1225, NULL),
(1282, 445, 2, 250, '2014-11-15', NULL, 'Yes', NULL, 'Net'),
(1283, 445, 1, 300000, '2014-11-15', NULL, 'Yes', NULL, 'Gross'),
(1284, 446, 2, 500, '2013-06-11', NULL, 'Yes', NULL, 'Net'),
(1285, 446, 1, 400000, '2013-06-11', NULL, 'Yes', NULL, 'Gross'),
(1286, 153, 1, 300000, '2014-10-23', NULL, 'Yes', NULL, 'Gross'),
(1287, 153, 1, 300000, '2014-10-22', NULL, 'No', 405, 'Gross'),
(1288, 153, 2, 300, '2014-10-23', NULL, 'Yes', NULL, 'Net'),
(1289, 149, 1, 200000, '2015-01-01', NULL, 'Yes', NULL, 'Gross'),
(1290, 149, 1, 200000, '2015-01-01', NULL, 'No', 831, 'Gross'),
(1291, 149, 2, 450, '2015-01-01', NULL, 'Yes', NULL, 'Net'),
(1292, 447, 2, 900, '2015-06-26', NULL, 'Yes', NULL, 'Net'),
(1293, 447, 1, 300000, '2015-06-26', NULL, 'Yes', NULL, 'Gross'),
(1294, 448, 2, 600, '2011-01-01', NULL, 'Yes', NULL, 'Net'),
(1295, 448, 1, 500000, '2011-01-01', NULL, 'Yes', NULL, 'Gross'),
(1296, 150, 1, 200000, '2012-06-01', NULL, 'Yes', 450, 'Gross'),
(1297, 150, 2, 400, '2012-06-01', NULL, 'Yes', NULL, 'Net'),
(1300, 156, 2, 850, '2015-01-01', NULL, 'Yes', NULL, 'Net'),
(1301, 156, 1, 300000, '2015-01-01', NULL, 'Yes', NULL, 'Gross'),
(1302, 157, 1, 340000, '2015-01-01', NULL, 'Yes', NULL, 'Gross'),
(1303, 157, 1, 340000, '2008-04-18', NULL, 'No', 343, NULL),
(1304, 157, 2, 3000, '2015-01-01', NULL, 'Yes', NULL, 'Net'),
(1305, 449, 2, 600, '2007-09-01', NULL, 'Yes', NULL, 'Net'),
(1306, 449, 1, 200000, '2007-09-01', NULL, 'Yes', NULL, 'Gross'),
(1307, 450, 2, 300, '2013-04-09', NULL, 'Yes', NULL, 'Net'),
(1308, 450, 1, 300000, '2013-04-09', NULL, 'Yes', NULL, 'Gross'),
(1309, 158, 1, 200000, '2011-01-01', NULL, 'Yes', NULL, 'Gross'),
(1310, 158, 1, 200000, '2011-01-01', NULL, 'No', 351, 'Gross'),
(1311, 158, 2, 975, '2011-01-01', NULL, 'Yes', NULL, 'Net'),
(1312, 159, 2, 400, '2012-07-18', NULL, 'Yes', 353, 'Net'),
(1313, 159, 1, 200000, '2012-07-18', NULL, 'Yes', 354, 'Gross'),
(1314, 160, 1, 278235, '2014-09-29', NULL, 'Yes', NULL, 'Gross'),
(1315, 160, 1, 278235, '2014-08-19', NULL, 'No', 356, 'Gross'),
(1316, 160, 2, 1000, '2014-09-29', NULL, 'Yes', NULL, 'Net'),
(1317, 151, 2, 700, '2013-08-20', NULL, 'Yes', 329, 'Net'),
(1318, 151, 1, 400000, '2013-08-20', NULL, 'Yes', 330, 'Gross'),
(1319, 161, 2, 850, '2012-03-01', NULL, 'Yes', 357, 'Net'),
(1320, 161, 1, 250000, '2012-03-01', NULL, 'Yes', NULL, 'Gross'),
(1321, 451, 2, 1200, '2012-03-01', NULL, 'Yes', NULL, 'Net'),
(1322, 451, 1, 200000, '2012-03-01', NULL, 'Yes', NULL, 'Gross'),
(1323, 452, 2, 250, '2014-07-10', NULL, 'Yes', NULL, 'Net'),
(1324, 452, 1, 300000, '2014-07-10', NULL, 'Yes', NULL, 'Gross'),
(1325, 453, 2, 770, '2015-05-01', NULL, 'Yes', NULL, 'Net'),
(1326, 453, 1, 300000, '2015-05-01', NULL, 'Yes', NULL, 'Gross'),
(1327, 454, 2, 850, '2015-03-01', NULL, 'Yes', NULL, 'Net'),
(1328, 454, 1, 500000, '2015-03-01', NULL, 'Yes', NULL, 'Gross'),
(1329, 455, 2, 600, '2013-06-21', NULL, 'Yes', NULL, 'Net'),
(1330, 455, 1, 300000, '2013-06-21', NULL, 'Yes', NULL, 'Gross'),
(1333, 456, 1, 500000, '2015-05-04', NULL, 'Yes', NULL, 'Gross'),
(1334, 456, 1, 500000, '2015-05-01', NULL, 'No', 1332, 'Gross'),
(1335, 456, 2, 1200, '2015-03-04', NULL, 'Yes', NULL, 'Net'),
(1336, 422, 2, 2100, '2014-11-01', NULL, 'Yes', 1190, 'Net'),
(1337, 422, 1, 400000, '2014-11-01', NULL, 'Yes', 1191, 'Gross'),
(1338, 457, 2, 300, '2015-10-01', NULL, 'Yes', NULL, 'Net'),
(1339, 457, 1, 300000, '2015-10-01', NULL, 'Yes', NULL, 'Gross'),
(1340, 458, 2, 1000, '2014-08-18', NULL, 'Yes', NULL, 'Net'),
(1341, 458, 1, 300000, '2014-08-18', NULL, 'Yes', NULL, 'Gross'),
(1342, 459, 2, 1850, '2014-05-09', NULL, 'Yes', NULL, 'Net'),
(1343, 459, 1, 400000, '2014-05-09', NULL, 'Yes', NULL, 'Net'),
(1348, 154, 1, 500000, '2015-02-23', NULL, 'Yes', 411, 'Gross'),
(1349, 154, 2, 2200, '2015-02-23', NULL, 'Yes', NULL, 'Net'),
(1354, 462, 2, 300, '2015-10-01', NULL, 'Yes', NULL, 'Net'),
(1355, 462, 1, 300000, '2015-10-01', NULL, 'Yes', NULL, 'Gross'),
(1368, 468, 2, 300, '2012-05-15', NULL, 'Yes', NULL, 'Net'),
(1369, 468, 1, 300000, '2012-05-15', NULL, 'Yes', NULL, 'Gross'),
(1372, 162, 1, 250000, '2015-02-13', NULL, 'Yes', 1280, 'Gross'),
(1373, 162, 2, 600, '2015-01-13', NULL, 'Yes', 1281, 'Net'),
(1400, 199, 2, 700, '2013-07-06', NULL, 'Yes', 518, 'Gross'),
(1401, 199, 1, 300000, '2013-07-06', NULL, 'Yes', 519, 'Gross'),
(1412, 111, 2, 600, '2015-03-15', NULL, 'Yes', 239, NULL),
(1413, 111, 1, 300000, '2015-03-15', NULL, 'Yes', 240, NULL),
(1414, 414, 2, 400, '2014-02-24', NULL, 'Yes', 1174, 'Net'),
(1415, 414, 1, 300000, '2014-02-24', NULL, 'Yes', 1175, 'Gross'),
(1430, 263, 1, 300000, '2012-11-11', NULL, 'Yes', 1427, 'Gross'),
(1431, 263, 1, 300000, '2015-10-01', NULL, 'No', 1428, 'Gross'),
(1432, 263, 2, 2200, '2012-11-11', NULL, 'Yes', 1429, 'Net'),
(1467, 433, 2, 300, '2014-08-01', NULL, 'Yes', 1256, 'Net'),
(1468, 433, 1, 300000, '2014-08-01', NULL, 'Yes', 1257, 'Gross'),
(1595, 529, 1, 1.9e+006, '2012-02-24', NULL, 'Yes', NULL, 'Net'),
(1645, 434, 2, 300, '2015-08-23', NULL, 'Yes', 1465, 'Net'),
(1646, 434, 1, 300000, '2015-08-23', NULL, 'Yes', 1466, 'Gross'),
(1649, 535, 2, 300, '2015-08-13', NULL, 'Yes', NULL, 'Net'),
(1650, 535, 1, 300000, '2015-08-13', NULL, 'Yes', NULL, 'Gross'),
(1651, 536, 2, 300, '2014-04-28', NULL, 'Yes', NULL, 'Net'),
(1652, 536, 1, 300000, '2014-04-28', NULL, 'Yes', NULL, 'Gross'),
(1653, 537, 2, 300, '2014-09-29', NULL, 'Yes', NULL, 'Net'),
(1654, 537, 1, 300000, '2014-09-29', NULL, 'Yes', NULL, 'Gross'),
(1657, 538, 2, 300, '2015-08-23', NULL, 'Yes', 1655, 'Net'),
(1658, 538, 1, 300000, '2015-08-23', NULL, 'Yes', 1656, 'Gross'),
(1659, 539, 2, 550, '2015-06-12', NULL, 'Yes', NULL, 'Net'),
(1660, 539, 1, 300000, '2015-06-12', NULL, 'Yes', NULL, 'Gross'),
(1661, 540, 2, 250, '2011-01-01', NULL, 'Yes', NULL, 'Net'),
(1662, 540, 1, 300000, '2011-01-01', NULL, 'Yes', NULL, 'Gross'),
(1663, 460, 2, 700, '2015-09-01', NULL, 'Yes', 1346, 'Net'),
(1664, 460, 1, 300000, '2015-09-01', NULL, 'Yes', 1347, 'Gross'),
(1669, 305, 1, 332140, '2014-08-20', NULL, 'Yes', 829, 'Net'),
(1670, 305, 2, 3400, '2014-08-20', NULL, 'Yes', NULL, 'Net'),
(1671, 542, 2, 300, '2015-07-07', NULL, 'Yes', NULL, 'Net'),
(1672, 542, 1, 300000, '2015-07-07', NULL, 'Yes', NULL, 'Gross'),
(1673, 543, 2, 550, '2014-08-01', NULL, 'Yes', NULL, 'Net'),
(1674, 543, 1, 300000, '2014-08-01', NULL, 'Yes', NULL, 'Gross'),
(1677, 106, 2, 1000, '2014-12-01', NULL, 'Yes', 1675, NULL),
(1678, 106, 1, 300000, '2014-12-27', NULL, 'Yes', 1676, NULL),
(1679, 69, 1, 450000, '2015-02-01', NULL, 'Yes', NULL, 'Gross'),
(1680, 69, 1, 450000, '2015-02-01', NULL, 'No', 158, 'Gross'),
(1681, 69, 2, 800, '2015-02-01', NULL, 'Yes', NULL, 'Net'),
(1682, 544, 2, 300, '2014-11-08', NULL, 'Yes', NULL, 'Net'),
(1683, 544, 1, 300000, '2014-11-08', NULL, 'Yes', NULL, 'Gross'),
(1684, 545, 2, 300, '2014-10-01', NULL, 'Yes', NULL, 'Net'),
(1685, 545, 1, 300000, '2014-10-01', NULL, 'Yes', NULL, 'Gross'),
(1686, 546, 2, 300, '2014-02-24', NULL, 'Yes', NULL, 'Net'),
(1687, 546, 1, 300000, '2014-02-24', NULL, 'Yes', NULL, 'Gross'),
(1688, 547, 2, 600, '2014-11-25', NULL, 'Yes', NULL, 'Net'),
(1689, 547, 1, 400000, '2014-11-25', NULL, 'Yes', NULL, 'Gross'),
(1690, 548, 2, 1000, '2015-02-11', NULL, 'Yes', NULL, 'Net'),
(1691, 548, 1, 400000, '2015-02-11', NULL, 'Yes', NULL, 'Gross'),
(1692, 549, 2, 500, '2015-01-01', NULL, 'Yes', NULL, 'Net'),
(1693, 549, 1, 300000, '2015-01-01', NULL, 'Yes', NULL, 'Gross'),
(1696, 59, 1, 300000, '2014-08-01', NULL, 'Yes', 1694, 'Gross'),
(1697, 59, 1, 300000, '2009-06-24', NULL, 'No', 1695, NULL),
(1698, 59, 2, 350, '2014-08-01', NULL, 'Yes', NULL, 'Net'),
(1699, 550, 1, 1.2e+006, '2014-12-15', NULL, 'Yes', NULL, 'Gross'),
(1700, 551, 2, 1300, '2011-12-28', NULL, 'Yes', NULL, 'Net'),
(1701, 551, 1, 500000, '2011-12-28', NULL, 'Yes', NULL, 'Gross'),
(1704, 552, 2, 300, '2015-02-01', NULL, 'Yes', 1702, 'Net'),
(1705, 552, 1, 300000, '2015-02-01', NULL, 'Yes', 1703, 'Gross'),
(1706, 461, 2, 300, '2015-10-01', NULL, 'Yes', 1352, 'Net'),
(1707, 461, 1, 300000, '2015-10-01', NULL, 'Yes', 1353, 'Gross'),
(1708, 553, 2, 800, '2015-01-01', NULL, 'Yes', NULL, 'Net'),
(1709, 553, 1, 300000, '2015-01-01', NULL, 'Yes', NULL, 'Gross'),
(1716, 554, 2, 1100, '2015-08-01', NULL, 'Yes', 1714, 'Net'),
(1717, 554, 1, 500000, '2015-08-01', NULL, 'Yes', 1715, 'Gross'),
(1720, 555, 2, 1000, '2015-01-01', NULL, 'Yes', 1718, 'Net'),
(1721, 555, 1, 300000, '2015-01-01', NULL, 'Yes', 1719, 'Gross'),
(1722, 556, 2, 500, '2015-07-01', NULL, 'Yes', NULL, 'Net'),
(1723, 556, 1, 300000, '2015-07-01', NULL, 'Yes', NULL, 'Gross'),
(1724, 557, 2, 400, '2015-06-11', NULL, 'Yes', NULL, 'Net'),
(1725, 557, 1, 300000, '2015-06-11', NULL, 'Yes', NULL, 'Gross'),
(1726, 558, 2, 1300, '2015-03-19', NULL, 'Yes', NULL, 'Net'),
(1727, 558, 1, 400000, '2015-03-19', NULL, 'Yes', NULL, 'Gross'),
(1728, 559, 2, 1200, '2015-08-01', NULL, 'Yes', NULL, 'Net'),
(1729, 559, 1, 300000, '2015-08-01', NULL, 'Yes', NULL, 'Gross'),
(1747, 566, 2, 3000, '2014-06-01', NULL, 'Yes', 1745, 'Net'),
(1748, 566, 1, 400000, '2014-06-01', NULL, 'Yes', 1746, 'Gross'),
(1780, 86, 1, 400000, '2015-10-01', NULL, 'Yes', 1777, 'Gross'),
(1781, 86, 1, 300000, '2006-03-31', NULL, 'No', 1778, NULL),
(1782, 86, 2, 1000, '2015-10-01', NULL, 'Yes', 1779, 'Net'),
(1912, 175, 1, 200000, '2015-03-24', NULL, 'Yes', 1909, 'Gross'),
(1913, 175, 1, 200000, '2015-05-21', NULL, 'No', 1910, NULL),
(1914, 175, 2, 250, '2015-03-24', NULL, 'Yes', 1911, 'Net'),
(1917, 572, 2, 350, '2013-04-01', NULL, 'Yes', 1846, 'Net'),
(1918, 572, 1, 150000, '2013-04-01', NULL, 'Yes', 1847, 'Gross'),
(1919, 573, 2, 250, '2014-07-29', NULL, 'Yes', 1844, 'Net'),
(1920, 573, 1, 200000, '2014-07-29', NULL, 'Yes', 1845, 'Gross'),
(1929, 560, 2, 550, '2013-01-11', NULL, 'Yes', 1732, 'Net'),
(1930, 560, 1, 300000, '2015-01-11', NULL, 'Yes', 1733, 'Gross'),
(1935, 173, 1, 200000, '2014-01-27', NULL, 'Yes', 1891, 'Gross'),
(1936, 173, 1, 300000, '2013-10-17', NULL, 'No', 1892, NULL),
(1937, 173, 2, 250, '2014-01-27', NULL, 'Yes', 1893, 'Net'),
(1959, 172, 2, 1800, '2013-04-01', NULL, 'Yes', 1956, 'Net'),
(1960, 172, 2, 1850, '2010-04-01', NULL, 'No', 1957, 'Net'),
(1961, 172, 1, 400000, '2013-04-01', NULL, 'Yes', 1958, 'Gross'),
(1967, 575, 2, 250, '2015-01-06', NULL, 'Yes', 1864, 'Net'),
(1968, 575, 1, 200000, '2015-01-06', NULL, 'Yes', 1865, 'Gross'),
(1971, 577, 2, 450, '2013-04-01', NULL, 'Yes', 1868, 'Net'),
(1972, 577, 1, 200000, '2013-04-01', NULL, 'Yes', 1869, 'Gross'),
(1978, 166, 1, 300000, '2013-04-01', NULL, 'Yes', 1855, 'Gross'),
(1979, 166, 1, 300000, '2011-11-21', NULL, 'No', 1856, NULL),
(1983, 576, 2, 350, '2014-05-01', NULL, 'Yes', 1965, 'Net'),
(1984, 576, 1, 300000, '2014-05-01', NULL, 'Yes', 1966, 'Gross'),
(1985, 570, 2, 250, '2014-09-23', NULL, 'Yes', 1923, 'Net'),
(1986, 570, 1, 200000, '2014-09-23', NULL, 'Yes', 1924, 'Gross'),
(1987, 562, 1, 165000, '2013-04-01', NULL, 'Yes', 1962, 'Gross'),
(1988, 562, 1, 300000, '2015-01-11', NULL, 'No', 1963, 'Gross'),
(1989, 562, 2, 450, '2013-04-01', NULL, 'Yes', 1964, 'Net'),
(1992, 164, 2, 800, '2014-04-16', NULL, 'Yes', 1990, 'Net'),
(1993, 164, 1, 300000, '2014-04-16', NULL, 'Yes', 1991, NULL),
(1994, 163, 2, 700, '2012-10-01', NULL, 'Yes', 1942, 'Net'),
(1995, 163, 1, 400000, '2012-10-01', NULL, 'Yes', 1943, NULL),
(2000, 579, 2, 500, '2013-04-01', NULL, 'Yes', 1998, 'Net'),
(2001, 579, 1, 165000, '2013-04-01', NULL, 'Yes', 1999, 'Gross'),
(2004, 168, 2, 1800, '2013-04-01', NULL, 'Yes', 2002, 'Net'),
(2005, 168, 1, 300000, '2013-04-01', NULL, 'Yes', 2003, 'Gross'),
(2006, 571, 2, 400, '2013-04-01', NULL, 'Yes', 1915, 'Net'),
(2007, 571, 1, 150000, '2013-04-01', NULL, 'Yes', 1916, 'Gross'),
(2008, 167, 2, 3900, '2013-07-19', NULL, 'Yes', 1951, NULL),
(2009, 167, 1, 700000, '2013-07-19', NULL, 'Yes', 1952, NULL),
(2024, 169, 1, 250000, '2013-04-01', NULL, 'Yes', 2022, 'Gross'),
(2025, 169, 1, 250000, '2011-09-01', NULL, 'No', 2023, NULL),
(2026, 169, 2, 1200, '2013-04-01', NULL, 'Yes', NULL, 'Gross'),
(2027, 580, 2, 1000, '2014-04-16', NULL, 'Yes', 2018, 'Net'),
(2028, 580, 1, 300000, '2014-04-16', NULL, 'Yes', 2019, 'Gross'),
(2035, 165, 2, 900, '2012-08-01', NULL, 'Yes', 1927, NULL),
(2036, 165, 1, 350000, '2012-08-01', NULL, 'Yes', 1928, NULL),
(2037, 564, 2, 600, '2013-04-01', NULL, 'Yes', 1813, 'Net'),
(2038, 564, 1, 200000, '2013-04-01', NULL, 'Yes', 1814, 'Gross'),
(2039, 568, 2, 600, '2013-04-01', NULL, 'Yes', 1925, 'Net'),
(2040, 568, 1, 300000, '2013-04-01', NULL, 'Yes', 1926, 'Gross'),
(2041, 170, 2, 1100, '2009-05-01', '2010-08-01', 'Yes', 1938, NULL),
(2042, 170, 1, 300000, '2009-05-01', '2010-08-01', 'Yes', 1939, NULL),
(2043, 170, 2, 1450, '2013-10-01', NULL, 'Yes', 1940, 'Net'),
(2044, 170, 1, 300000, '2013-10-01', NULL, 'Yes', 1941, 'Gross'),
(2051, 176, 1, 300000, '2013-04-01', NULL, 'Yes', 2049, 'Gross'),
(2052, 176, 2, 1650, '2013-04-01', NULL, 'Yes', 2050, 'Net'),
(2053, 574, 2, 350, '2014-05-01', NULL, 'Yes', 1969, 'Net'),
(2054, 574, 1, 300000, '2014-05-01', NULL, 'Yes', 1970, 'Gross'),
(2057, 174, 1, 350000, '2015-05-04', NULL, 'Yes', 1980, 'Gross'),
(2058, 174, 1, 350000, '2015-05-01', NULL, 'No', 1981, 'Gross'),
(2059, 174, 2, 1000, '2015-05-04', NULL, 'Yes', 1982, 'Net'),
(2060, 171, 1, 350000, '2013-04-01', NULL, 'Yes', 1973, 'Gross'),
(2061, 171, 1, 350000, '2003-10-24', NULL, 'No', 1974, NULL),
(2062, 171, 2, 600, '2013-04-01', NULL, 'Yes', 1975, 'Net'),
(2063, 578, 2, 1500, '2013-04-01', NULL, 'Yes', 1976, 'Net'),
(2064, 578, 1, 250000, '2013-04-01', NULL, 'Yes', 1977, 'Gross'),
(2071, 178, 2, 4000, '2013-04-01', NULL, 'Yes', 2069, 'Net'),
(2072, 178, 1, 700000, '2013-04-01', NULL, 'Yes', 2070, 'Gross'),
(2075, 583, 2, 300, '2014-03-20', NULL, 'Yes', 2073, 'Net'),
(2076, 583, 1, 300000, '2014-03-20', NULL, 'Yes', 2074, 'Gross'),
(2077, 177, 1, 200000, '2015-07-16', NULL, 'Yes', 2065, 'Gross'),
(2078, 177, 2, 250, '2015-07-16', NULL, 'Yes', 2066, 'Net'),
(2083, 563, 1, 300000, '2014-05-01', NULL, 'Yes', 2081, 'Gross'),
(2084, 563, 1, 200000, '2013-01-24', NULL, 'No', 2082, 'Gross'),
(2085, 569, 2, 600, '2013-04-01', NULL, 'Yes', 1921, 'Net'),
(2086, 569, 1, 165000, '2013-04-01', NULL, 'Yes', 1922, 'Gross'),
(2087, 179, 2, 1000, '2013-04-01', NULL, 'Yes', 1900, 'Net'),
(2088, 179, 2, 1000, '2006-03-14', NULL, 'No', 1901, 'Net'),
(2089, 179, 1, 250000, '2013-04-01', NULL, 'Yes', 1902, 'Gross'),
(2090, 561, 1, 300000, '2013-04-01', NULL, 'Yes', 1948, 'Gross'),
(2091, 561, 1, 300000, '2013-04-01', NULL, 'No', 1949, 'Gross'),
(2092, 561, 2, 800, '2013-04-01', NULL, 'Yes', 1950, 'Net'),
(2101, 490, 2, 700, '2015-09-01', NULL, 'Yes', 1512, 'Net'),
(2102, 490, 1, 300000, '2015-09-28', NULL, 'Yes', 1513, 'Gross'),
(2113, 325, 2, 0, '2015-10-01', NULL, 'Yes', 2112, 'Gross'),
(2114, 325, 1, 2.1727e+006, '2015-03-01', NULL, 'Yes', NULL, 'Net'),
(2124, 336, 2, 1500, '2012-06-20', NULL, 'Yes', 1638, 'Net'),
(2125, 336, 1, 500000, '2012-06-20', NULL, 'Yes', 1639, 'Gross'),
(2141, 347, 2, 1400, '2015-05-30', NULL, 'Yes', 950, 'Net'),
(2142, 347, 1, 500000, '2015-05-30', NULL, 'Yes', 951, 'Gross'),
(2153, 484, 2, 1650, '2014-04-02', NULL, 'Yes', 2149, 'Net'),
(2154, 484, 1, 245000, '2014-04-02', NULL, 'Yes', 2150, 'Gross'),
(2170, 300, 1, 300000, '2015-06-24', NULL, 'Yes', NULL, 'Gross'),
(2171, 300, 1, 0, '2015-10-01', NULL, 'No', 2169, 'Gross'),
(2172, 300, 2, 2000, '2015-06-24', NULL, 'Yes', NULL, 'Net'),
(2177, 299, 2, 2571, '2009-08-11', NULL, 'Yes', 815, 'Gross'),
(2178, 299, 1, 351000, '2009-08-11', NULL, 'Yes', 816, 'Gross'),
(2181, 503, 2, 500, '2014-11-27', NULL, 'Yes', 1540, 'Net'),
(2182, 503, 1, 280000, '2014-11-27', NULL, 'Yes', 1541, 'Gross'),
(2189, 208, 2, 1429, '2013-11-12', NULL, 'Yes', 1785, 'Net'),
(2190, 208, 1, 500000, '2013-11-12', NULL, 'Yes', 1786, 'Gross'),
(2193, 209, 2, 2000, '2011-11-08', NULL, 'Yes', 1759, 'Gross'),
(2194, 209, 1, 500000, '2011-11-08', NULL, 'Yes', 1760, 'Gross'),
(2199, 327, 1, 952116, '2012-11-06', NULL, 'Yes', 1475, 'Net'),
(2200, 327, 1, 0, '2015-11-03', NULL, 'No', 1476, 'Gross'),
(2208, 493, 2, 500, '2015-10-17', NULL, 'Yes', 1518, 'Net'),
(2209, 493, 1, 280000, '2015-10-17', NULL, 'Yes', 1519, 'Gross'),
(2210, 480, 1, 280000, '2015-10-17', NULL, 'Yes', NULL, 'Gross'),
(2211, 480, 2, 500, '2015-10-17', NULL, 'Yes', NULL, 'Net'),
(2222, 485, 2, 3200, '2015-10-01', NULL, 'Yes', 1494, 'Net'),
(2223, 485, 1, 300000, '2015-10-01', NULL, 'Yes', 1495, 'Gross'),
(2226, 487, 2, 1500, '2015-05-15', NULL, 'Yes', 1498, 'Net'),
(2227, 487, 1, 350000, '2015-05-15', NULL, 'Yes', 1499, 'Gross'),
(2268, 505, 2, 1350, '2015-09-29', NULL, 'Yes', 1546, 'Net'),
(2269, 505, 1, 350000, '2015-09-29', NULL, 'Yes', 1547, 'Gross'),
(2282, 511, 2, 500, '2012-10-11', NULL, 'Yes', 1558, 'Net'),
(2283, 511, 1, 280000, '2012-10-11', NULL, 'Yes', 1559, 'Gross'),
(2306, 328, 2, 1500, '2012-06-30', NULL, 'Yes', 900, 'Net'),
(2307, 328, 1, 500000, '2012-06-30', NULL, 'Yes', 901, 'Gross'),
(2314, 249, 2, 1500, '2006-09-11', NULL, 'Yes', 698, 'Net'),
(2315, 249, 1, 300000, '2006-09-11', NULL, 'Yes', 699, 'Gross'),
(2316, 582, 2, 250, '2013-01-17', NULL, 'Yes', 2047, 'Net'),
(2317, 582, 1, 200000, '2013-01-17', NULL, 'Yes', 2048, 'Gross'),
(2318, 530, 2, 700, '2014-04-22', NULL, 'Yes', 1596, 'Net'),
(2319, 530, 1, 500000, '2014-04-22', NULL, 'Yes', 1597, 'Net'),
(2322, 531, 2, 700, '2015-02-11', NULL, 'Yes', 1598, 'Net'),
(2323, 531, 1, 803900, '2015-02-11', NULL, 'Yes', 1599, 'Gross'),
(2324, 532, 2, 1000, '2015-05-25', NULL, 'Yes', 1600, 'Net'),
(2325, 532, 1, 350000, '2015-05-25', NULL, 'Yes', 1601, 'Net'),
(2327, 534, 1, 924040, '2015-04-27', NULL, 'Yes', 1603, 'Net'),
(2335, 210, 2, 2571, '2011-09-11', NULL, 'Yes', 2191, 'Gross'),
(2336, 210, 1, 500000, '2011-09-11', NULL, 'Yes', 2192, 'Gross'),
(2360, 359, 2, 900, '2014-06-01', NULL, 'Yes', 1248, 'Net'),
(2361, 359, 1, 400000, '2014-06-01', NULL, 'Yes', 1249, 'Gross'),
(2364, 494, 2, 500, '2015-10-17', NULL, 'Yes', 1520, 'Net'),
(2365, 494, 1, 280000, '2015-10-17', NULL, 'Yes', 1521, 'Gross'),
(2368, 496, 2, 500, '2015-10-05', NULL, 'Yes', 1524, 'Net'),
(2369, 496, 1, 280000, '2015-10-05', NULL, 'Yes', 1525, 'Gross'),
(2374, 498, 2, 500, '2015-10-17', NULL, 'Yes', 1528, 'Net'),
(2375, 498, 1, 280000, '2015-10-17', NULL, 'Yes', 1529, 'Gross'),
(2378, 516, 2, 500, '2012-10-11', NULL, 'Yes', 2376, 'Net'),
(2379, 516, 1, 280000, '2012-10-11', NULL, 'Yes', 2377, 'Gross'),
(2384, 318, 2, 1000, '2017-06-17', NULL, 'Yes', 1771, 'Net'),
(2385, 318, 1, 500000, '2014-06-17', NULL, 'Yes', 1772, 'Gross'),
(2386, 204, 2, 800, '2014-06-13', NULL, 'Yes', 2288, 'Net'),
(2387, 204, 1, 500000, '2014-06-13', NULL, 'Yes', 2289, 'Gross'),
(2389, 307, 1, 500000, '2012-12-05', NULL, 'Yes', NULL, 'Gross'),
(2390, 307, 2, 1400, '2012-12-05', NULL, 'Yes', NULL, 'Net'),
(2397, 499, 2, 1500, '2015-07-20', NULL, 'Yes', 2179, 'Net'),
(2398, 499, 1, 350000, '2015-07-20', NULL, 'Yes', 2180, 'Gross'),
(2399, 320, 1, 1.11354e+006, '2013-09-02', NULL, 'Yes', 2118, 'Net'),
(2400, 320, 1, 0, '2015-10-01', NULL, 'No', 2119, 'Gross'),
(2401, 323, 2, 1400, '2014-08-25', NULL, 'Yes', 1769, 'Net'),
(2402, 323, 1, 202000, '2014-08-25', NULL, 'Yes', 1770, 'Gross'),
(2403, 322, 2, 1200, '2011-12-19', NULL, 'Yes', 2298, 'Net'),
(2404, 322, 1, 582000, '2011-12-19', NULL, 'Yes', 2299, 'Gross'),
(2407, 319, 1, 2.14631e+006, '2015-05-07', NULL, 'Yes', 2405, 'Net'),
(2408, 319, 1, 0, '2015-10-01', NULL, 'No', 2406, 'Gross'),
(2411, 321, 1, 1.708e+006, '2013-07-17', NULL, 'Yes', NULL, 'Net'),
(2412, 321, 1, 0, '2015-10-01', NULL, 'No', 2410, 'Gross'),
(2419, 192, 1, 300000, '2015-06-01', NULL, 'Yes', 2416, 'Gross'),
(2420, 192, 1, 300000, '2014-08-28', NULL, 'No', 2417, 'Gross'),
(2421, 192, 2, 1650, '2015-06-01', NULL, 'Yes', 2418, 'Net'),
(2424, 486, 2, 1550, '2015-08-11', NULL, 'Yes', 2422, 'Net'),
(2425, 486, 1, 350000, '2015-08-11', NULL, 'Yes', 2423, 'Gross'),
(2426, 306, 1, 924040, '2015-01-01', NULL, 'Yes', 2290, 'Net'),
(2427, 306, 1, 0, '2015-10-01', NULL, 'Yes', 2291, 'Gross'),
(2428, 138, 1, 500000, '2012-01-02', NULL, 'Yes', 2157, 'Gross'),
(2429, 138, 1, 500000, '2012-01-02', NULL, 'No', 2158, 'Gross'),
(2430, 138, 2, 1800, '2012-01-02', NULL, 'Yes', 2159, 'Net'),
(2433, 211, 2, 2714, '2014-07-19', NULL, 'Yes', 2431, 'Gross'),
(2434, 211, 1, 450000, '2014-07-19', NULL, 'Yes', 2432, 'Net'),
(2435, 212, 2, 2571, '2012-07-30', NULL, 'Yes', 2155, 'Gross'),
(2436, 212, 1, 500000, '2012-07-30', NULL, 'Yes', 2156, 'Gross'),
(2439, 205, 2, 2286, '2013-06-24', NULL, 'Yes', 2437, 'Gross'),
(2440, 205, 1, 500000, '2013-06-24', NULL, 'Yes', 2438, 'Gross'),
(2441, 206, 2, 1600, '2014-07-29', NULL, 'Yes', 2105, 'Net'),
(2442, 206, 1, 500000, '2014-07-29', NULL, 'Yes', 2106, 'Gross'),
(2443, 207, 2, 1500, '2014-05-29', NULL, 'Yes', 2286, 'Net'),
(2444, 207, 1, 500000, '2014-05-29', NULL, 'Yes', 2287, 'Gross'),
(2447, 214, 2, 1429, '2015-02-17', NULL, 'Yes', 1500, 'Gross'),
(2448, 214, 1, 500000, '2015-02-17', NULL, 'Yes', 1501, 'Gross'),
(2451, 248, 2, 1000, '2015-03-30', NULL, 'Yes', 2449, 'Net'),
(2452, 248, 1, 350000, '2015-03-30', NULL, 'Yes', 2450, 'Gross'),
(2457, 213, 2, 2286, '2013-06-03', NULL, 'Yes', 2453, 'Gross'),
(2458, 213, 1, 500000, '2013-06-03', NULL, 'Yes', 2454, 'Gross'),
(2459, 351, 2, 600, '2014-07-29', NULL, 'Yes', 2264, 'Net'),
(2460, 351, 1, 400000, '2014-07-29', NULL, 'Yes', 2265, 'Gross'),
(2462, 523, 1, 2.17795e+006, '2015-08-01', NULL, 'Yes', 2461, 'Net'),
(2465, 502, 2, 1650, '2014-11-14', NULL, 'Yes', 2463, 'Net'),
(2466, 502, 1, 300000, '2014-11-14', NULL, 'Yes', 2464, 'Gross'),
(2467, 500, 2, 1250, '2015-06-30', NULL, 'Yes', 2203, 'Net'),
(2468, 500, 1, 350000, '2015-06-30', NULL, 'Yes', 2204, 'Gross'),
(2469, 509, 2, 2000, '2014-02-19', NULL, 'Yes', 2455, 'Net'),
(2470, 509, 1, 350000, '2014-02-19', NULL, 'Yes', 2456, 'Gross'),
(2475, 567, 2, 1925, '2015-02-01', NULL, 'Yes', 2473, 'Net'),
(2476, 567, 1, 356200, '2015-02-01', NULL, 'Yes', 2474, 'Gross'),
(2479, 288, 1, 500000, '2012-10-01', NULL, 'Yes', 2477, 'Gross'),
(2480, 288, 2, 1800, '2012-10-01', NULL, 'Yes', 2478, 'Net'),
(2483, 340, 2, 1500, '2013-01-23', NULL, 'Yes', 2481, 'Net'),
(2484, 340, 1, 500000, '2013-01-23', NULL, 'Yes', 2482, 'Gross'),
(2485, 565, 2, 800, '2015-04-01', NULL, 'Yes', 1741, 'Net'),
(2486, 565, 1, 300000, '2015-04-01', NULL, 'Yes', 1742, 'Net'),
(2489, 339, 1, 1.76811e+006, '2011-02-15', NULL, 'Yes', 2355, 'Net'),
(2490, 339, 1, 1.76811e+006, '2015-10-01', NULL, 'No', 2356, 'Net'),
(2491, 339, 2, 0, '2011-02-15', NULL, 'Yes', 2357, 'Net'),
(2492, 338, 1, 350000, '2015-08-01', NULL, 'Yes', 1623, 'Net'),
(2493, 338, 1, 350000, '2015-10-01', NULL, 'No', 1624, 'Net'),
(2494, 338, 2, 1500, '2015-08-01', NULL, 'Yes', 1625, 'Net'),
(2497, 346, 2, 1800, '2011-09-20', NULL, 'Yes', 2495, 'Net'),
(2498, 346, 1, 500000, '2011-09-20', NULL, 'Yes', 2496, 'Gross'),
(2499, 309, 2, 1200, '2014-06-16', NULL, 'Yes', 2234, 'Net'),
(2500, 309, 1, 500000, '2014-05-16', NULL, 'Yes', 2235, 'Gross'),
(2503, 585, 2, 1800, '2014-02-04', NULL, 'Yes', 2501, 'Net'),
(2504, 585, 1, 135000, '2014-02-04', NULL, 'Yes', 2502, 'Gross'),
(2505, 586, 2, 0, '2015-10-01', NULL, 'Yes', NULL, 'Gross'),
(2506, 343, 2, 1500, '2014-12-19', NULL, 'Yes', 942, 'Net'),
(2507, 343, 1, 500000, '2014-12-19', NULL, 'Yes', 943, 'Gross'),
(2508, 344, 2, 1500, '2012-06-20', NULL, 'Yes', 944, 'Net'),
(2509, 344, 1, 500000, '2012-06-20', NULL, 'Yes', 945, 'Gross'),
(2510, 587, 2, 1500, '2013-06-12', NULL, 'Yes', NULL, 'Net'),
(2511, 587, 1, 500000, '2013-06-12', NULL, 'Yes', NULL, 'Gross'),
(2512, 588, 2, 1700, '2015-09-11', NULL, 'Yes', NULL, 'Net'),
(2513, 588, 1, 350000, '2015-09-11', NULL, 'Yes', NULL, 'Gross'),
(2516, 345, 2, 2100, '2015-07-06', NULL, 'Yes', 2514, 'Net'),
(2517, 345, 1, 500000, '2015-07-06', NULL, 'Yes', 2515, 'Gross'),
(2522, 589, 2, 1700, '2013-06-05', NULL, 'Yes', 2520, 'Net'),
(2523, 589, 1, 500000, '2013-06-05', NULL, 'Yes', 2521, 'Gross'),
(2526, 518, 2, 1100, '2015-06-01', NULL, 'Yes', 2524, 'Net'),
(2527, 518, 1, 200000, '2015-06-01', NULL, 'Yes', 2525, 'Gross'),
(2528, 590, 2, 800, '2012-12-31', NULL, 'Yes', NULL, 'Net'),
(2529, 590, 1, 500000, '2012-12-31', NULL, 'Yes', NULL, 'Gross'),
(2532, 478, 2, 0, '2015-10-01', NULL, 'Yes', 2530, 'Net'),
(2533, 478, 1, 2.01902e+006, '2015-10-01', NULL, 'Yes', 2531, 'Net'),
(2534, 591, 1, 1.63482e+006, '2015-09-01', NULL, 'Yes', NULL, 'Net'),
(2543, 479, 2, 1375, '2015-06-01', NULL, 'Yes', 2541, 'Net'),
(2544, 479, 1, 300000, '2015-06-01', NULL, 'Yes', 2542, 'Gross'),
(2545, 592, 1, 1.56164e+006, '2015-06-01', NULL, 'Yes', NULL, 'Net'),
(2548, 308, 2, 300, '2011-11-01', NULL, 'Yes', 2546, 'Net'),
(2549, 308, 1, 300000, '2011-11-01', NULL, 'Yes', 2547, 'Gross'),
(2554, 519, 2, 3750, '2015-08-17', NULL, 'Yes', 2552, 'Net'),
(2555, 519, 1, 350000, '2015-08-17', NULL, 'Yes', 2553, 'Gross'),
(2556, 293, 2, 1100, '2015-03-20', NULL, 'Yes', 2272, 'Net'),
(2557, 293, 1, 500000, '2015-03-20', NULL, 'Yes', 2273, 'Gross'),
(2558, 593, 1, 2.548e+006, '2014-01-13', NULL, 'Yes', NULL, 'Net'),
(2559, 594, 2, 1000, '2012-12-31', NULL, 'Yes', NULL, 'Net'),
(2560, 594, 1, 500000, '2012-12-31', NULL, 'Yes', NULL, 'Gross'),
(2561, 481, 2, 2200, '2013-08-14', NULL, 'Yes', 2550, 'Net'),
(2562, 481, 1, 350000, '2013-08-14', NULL, 'Yes', 2551, 'Gross'),
(2564, 526, 1, 1.06938e+006, '2014-06-12', NULL, 'Yes', 2563, 'Net'),
(2565, 255, 1, 1.63482e+006, '2015-09-01', NULL, 'Yes', 2257, 'Net'),
(2566, 255, 1, 1.63482e+006, '2015-10-01', NULL, 'No', 2258, 'Net'),
(2571, 252, 2, 1000, '2013-02-16', NULL, 'Yes', 2569, 'Net'),
(2572, 252, 1, 300000, '2013-02-16', NULL, 'Yes', 2570, 'Gross'),
(2575, 521, 2, 1600, '2015-10-01', NULL, 'Yes', 2573, 'Net'),
(2576, 521, 1, 350000, '2015-10-03', NULL, 'Yes', 2574, 'Gross'),
(2577, 251, 2, 2000, '2014-06-12', NULL, 'Yes', 2347, 'Net'),
(2578, 253, 1, 300000, '2015-10-01', NULL, 'Yes', 2328, 'Gross'),
(2579, 253, 1, 0, '2015-10-01', NULL, 'No', 2329, 'Gross'),
(2580, 253, 2, 1210, '2015-10-01', NULL, 'Yes', 2330, 'Net'),
(2581, 254, 2, 2300, '2011-09-11', NULL, 'Yes', 2145, 'Net'),
(2582, 254, 1, 500000, '2011-09-11', NULL, 'Yes', 2146, 'Gross'),
(2583, 329, 2, 3200, '2011-11-29', NULL, 'Yes', 2304, 'Net'),
(2584, 329, 1, 500000, '2011-11-29', NULL, 'Yes', 2305, 'Gross'),
(2585, 527, 2, 1000, '2013-08-27', NULL, 'Yes', 2320, 'Net'),
(2586, 527, 1, 350000, '2013-08-27', NULL, 'Yes', 2321, 'Net'),
(2587, 331, 2, 1200, '2015-03-06', NULL, 'Yes', 2348, 'Net'),
(2588, 331, 1, 500000, '2015-03-06', NULL, 'Yes', 2349, 'Gross'),
(2589, 330, 2, 1500, '2014-06-10', NULL, 'Yes', 2300, 'Net'),
(2590, 330, 1, 500000, '2014-06-10', NULL, 'Yes', 2301, 'Gross'),
(2592, 506, 2, 1100, '2015-08-27', NULL, 'Yes', 2266, 'Net'),
(2593, 506, 1, 350000, '2015-08-27', NULL, 'Yes', 2267, 'Gross'),
(2594, 533, 1, 1.75008e+006, '2015-01-01', NULL, 'Yes', 2591, 'Net'),
(2595, 335, 2, 700, '2015-07-20', NULL, 'Yes', 920, 'Net'),
(2596, 335, 1, 500000, '2015-07-20', NULL, 'Yes', 921, 'Gross'),
(2597, 326, 2, 1050, '2014-06-02', NULL, 'Yes', 2147, 'Net'),
(2598, 326, 1, 500000, '2013-06-02', NULL, 'Yes', 2148, 'Gross'),
(2599, 334, 2, 1200, '2013-08-23', NULL, 'Yes', 2249, 'Net'),
(2600, 334, 1, 450000, '2013-08-23', NULL, 'Yes', 2250, 'Gross'),
(2601, 333, 1, 1.63482e+006, '2015-10-01', NULL, 'Yes', 2297, 'Net'),
(2602, 337, 2, 1800, '2012-03-23', NULL, 'Yes', 2122, 'Net'),
(2603, 337, 1, 500000, '2012-03-23', NULL, 'Yes', 2123, 'Gross'),
(2604, 595, 1, 952116, '2015-05-01', NULL, 'Yes', NULL, 'Net'),
(2610, 311, 1, 300000, '2009-01-01', NULL, 'Yes', 2607, 'Gross'),
(2611, 311, 1, 540000, '2009-01-01', NULL, 'No', 2608, 'Gross'),
(2612, 311, 2, 1800, '2009-01-01', NULL, 'Yes', 2609, 'Net');
INSERT INTO `staff_salary` (`staff_salary_id`, `staff_id`, `currency_type_id`, `salary`, `startdate`, `enddate`, `Is_active`, `editting_id`, `is_net_or_gross`) VALUES
(2613, 522, 2, 1650, '2015-06-01', NULL, 'Yes', 2343, 'Net'),
(2614, 522, 1, 245000, '2015-06-01', NULL, 'Yes', 2344, 'Gross'),
(2615, 310, 2, 400, '2014-04-01', NULL, 'Yes', 2212, 'Net'),
(2616, 310, 1, 300000, '2014-04-01', NULL, 'Yes', 2213, 'Gross'),
(2617, 350, 2, 1200, '2013-07-05', NULL, 'Yes', 2162, 'Net'),
(2618, 350, 1, 500000, '2013-07-05', NULL, 'Yes', 2163, 'Gross'),
(2619, 291, 2, 1000, '2011-01-19', NULL, 'Yes', 2333, 'Net'),
(2620, 291, 1, 400000, '2011-01-19', NULL, 'Yes', 2334, 'Gross'),
(2623, 596, 2, 8500, '2014-04-28', NULL, 'Yes', 2621, 'Net'),
(2624, 596, 1, 350000, '2014-04-28', NULL, 'Yes', 2622, 'Gross'),
(2625, 349, 2, 1500, '2015-10-01', NULL, 'Yes', 2160, 'Net'),
(2626, 349, 1, 500000, '2015-10-01', NULL, 'Yes', 2161, 'Gross'),
(2627, 597, 2, 1100, '2015-04-01', NULL, 'Yes', NULL, 'Net'),
(2628, 597, 1, 350000, '2015-04-01', NULL, 'Yes', NULL, 'Gross'),
(2632, 290, 2, 1800, '2014-01-28', NULL, 'Yes', 793, 'Net'),
(2633, 290, 1, 500000, '2014-01-28', NULL, 'Yes', 794, 'Gross'),
(2634, 504, 2, 2200, '2015-05-01', NULL, 'Yes', 2331, 'Net'),
(2635, 504, 1, 367500, '2015-05-01', NULL, 'Yes', 2332, 'Gross'),
(2636, 287, 2, 1200, '2015-04-17', NULL, 'Yes', 2128, 'Net'),
(2637, 287, 1, 500000, '2015-04-17', NULL, 'Yes', 2129, 'Gross'),
(2638, 292, 2, 1700, '2014-07-14', NULL, 'Yes', 2274, 'Net'),
(2639, 292, 1, 500000, '2014-07-14', NULL, 'Yes', 2275, 'Gross'),
(2640, 285, 1, 300000, '2015-05-01', NULL, 'Yes', 2259, 'Gross'),
(2641, 285, 1, 0, '2015-10-01', NULL, 'No', 2260, 'Gross'),
(2642, 285, 2, 1457, '2015-05-01', NULL, 'Yes', 2261, 'Net'),
(2643, 289, 2, 1500, '2015-12-03', NULL, 'Yes', 2107, 'Net'),
(2644, 289, 1, 500000, '2015-12-03', NULL, 'Yes', 2108, 'Gross'),
(2645, 286, 2, 1800, '2014-04-30', NULL, 'Yes', 2278, 'Net'),
(2646, 286, 1, 500000, '2014-04-30', NULL, 'Yes', 2279, 'Gross'),
(2647, 245, 1, 300000, '2012-11-11', NULL, 'Yes', 2236, 'Gross'),
(2648, 245, 1, 300000, '2015-06-01', NULL, 'No', 2237, 'Gross'),
(2649, 297, 2, 857, '2008-09-10', NULL, 'Yes', 2238, 'Gross'),
(2650, 297, 1, 300000, '2008-09-10', NULL, 'Yes', 2239, 'Gross'),
(2651, 139, 1, 350000, '2010-06-29', NULL, 'Yes', 2294, 'Gross'),
(2652, 139, 1, 300000, '2015-10-01', NULL, 'No', 2295, 'Gross'),
(2653, 139, 2, 2571, '2010-06-29', NULL, 'Yes', 2296, 'Gross'),
(2654, 295, 2, 1200, '2013-08-29', NULL, 'Yes', 2173, 'Net'),
(2655, 295, 1, 500000, '2013-08-29', NULL, 'Yes', 2174, 'Gross'),
(2656, 298, 2, 2300, '2011-12-28', NULL, 'Yes', 2175, 'Net'),
(2657, 298, 1, 500000, '2011-12-28', NULL, 'Yes', 2176, 'Gross'),
(2660, 296, 2, 2420, '2013-12-06', NULL, 'Yes', 2658, 'Net'),
(2661, 296, 1, 350000, '2013-12-06', NULL, 'Yes', 2659, 'Net'),
(2662, 279, 1, 300000, '2012-06-05', NULL, 'Yes', 2246, 'Gross'),
(2663, 279, 1, 300000, '2012-06-05', NULL, 'No', 2247, 'Gross'),
(2664, 279, 2, 700, '2012-06-05', NULL, 'Yes', 2248, 'Net'),
(2665, 294, 2, 2143, '2014-10-27', NULL, 'Yes', 2270, 'Gross'),
(2666, 294, 1, 350000, '2014-10-27', NULL, 'Yes', 2271, 'Gross'),
(2667, 304, 1, 1.708e+006, '2013-07-01', NULL, 'Yes', 2205, 'Net'),
(2668, 304, 1, 0, '2015-10-01', NULL, 'Yes', 2206, 'Gross'),
(2669, 482, 2, 1800, '2013-03-17', NULL, 'Yes', 2218, 'Net'),
(2670, 482, 1, 350000, '2013-03-17', NULL, 'Yes', 2219, 'Gross'),
(2671, 341, 2, 4000, '2014-09-15', NULL, 'Yes', 938, 'Net'),
(2672, 341, 1, 500000, '2014-09-15', NULL, 'Yes', 939, 'Gross'),
(2673, 301, 2, 1800, '2013-04-24', NULL, 'Yes', 2166, 'Net'),
(2674, 301, 1, 500000, '2013-04-24', NULL, 'Yes', 2167, 'Gross'),
(2675, 302, 1, 1.81777e+006, '2015-04-06', NULL, 'Yes', 2183, 'Net'),
(2676, 302, 1, 1.81777e+006, '2015-10-01', NULL, 'No', 2184, 'Net'),
(2677, 501, 2, 3400, '2015-02-01', NULL, 'Yes', 2185, 'Net'),
(2678, 501, 1, 332140, '2015-02-01', NULL, 'Yes', 2186, 'Gross'),
(2679, 303, 1, 1.56164e+006, '2013-06-15', NULL, 'Yes', 2535, 'Net'),
(2680, 303, 1, 0, '2015-10-01', NULL, 'No', 2536, 'Gross'),
(2681, 492, 2, 500, '2015-10-13', NULL, 'Yes', 2366, 'Net'),
(2682, 492, 1, 280000, '2015-10-13', NULL, 'Yes', 2367, 'Gross'),
(2683, 483, 2, 2920, '2015-06-01', NULL, 'Yes', 2220, 'Net'),
(2684, 483, 1, 350000, '2015-06-01', NULL, 'Yes', 2221, 'Gross'),
(2685, 598, 2, 1375, '2015-01-01', NULL, 'Yes', NULL, 'Net'),
(2686, 598, 1, 283975, '2015-01-01', NULL, 'Yes', NULL, 'Gross'),
(2691, 584, 1, 350000, '2015-06-01', NULL, 'Yes', 2687, 'Gross'),
(2692, 584, 2, 3425, '2015-06-01', NULL, 'Yes', 2688, 'Net'),
(2693, 541, 1, 1.28477e+006, '2014-09-12', NULL, 'Yes', 2689, 'Net'),
(2694, 541, 1, 350000, '2015-10-01', NULL, 'No', 2690, 'Net'),
(2695, 513, 2, 500, '2014-09-29', NULL, 'Yes', 2353, 'Net'),
(2696, 513, 1, 280000, '2014-09-29', NULL, 'Yes', 2354, 'Gross'),
(2697, 495, 2, 500, '2015-10-05', NULL, 'Yes', 1522, 'Net'),
(2698, 495, 1, 280000, '2015-10-05', NULL, 'Yes', 1523, 'Gross'),
(2699, 497, 2, 500, '2015-10-05', NULL, 'Yes', 2372, 'Net'),
(2700, 497, 1, 280000, '2015-10-05', NULL, 'Yes', 2373, 'Gross'),
(2703, 520, 2, 500, '2015-09-01', NULL, 'Yes', 2095, 'Net'),
(2704, 520, 1, 280000, '2015-09-01', NULL, 'Yes', 2096, 'Gross'),
(2705, 517, 2, 500, '2013-01-24', NULL, 'Yes', 2099, 'Net'),
(2706, 517, 1, 280000, '2013-01-24', NULL, 'Yes', 2100, 'Gross'),
(2707, 510, 2, 500, '2013-07-19', NULL, 'Yes', 2284, 'Net'),
(2708, 510, 1, 280000, '2013-07-18', NULL, 'Yes', 2285, 'Gross'),
(2709, 514, 2, 500, '2014-07-25', NULL, 'Yes', 2358, 'Net'),
(2710, 514, 1, 280000, '2014-07-25', NULL, 'Yes', 2359, 'Gross'),
(2711, 488, 2, 500, '2012-05-04', NULL, 'Yes', 2228, 'Net'),
(2712, 488, 1, 300000, '2012-05-04', NULL, 'Yes', 2229, 'Gross'),
(2713, 599, 2, 300, '2015-06-01', NULL, 'Yes', NULL, 'Net'),
(2714, 599, 1, 300000, '2015-06-01', NULL, 'Yes', NULL, 'Gross'),
(2715, 525, 2, 1150, '2015-07-01', NULL, 'Yes', 2382, 'Net'),
(2716, 525, 1, 300000, '2015-07-01', NULL, 'Yes', 2383, 'Gross'),
(2717, 515, 2, 500, '2013-05-23', NULL, 'Yes', 2362, 'Net'),
(2718, 515, 1, 280000, '2013-05-23', NULL, 'Yes', 2363, 'Gross'),
(2719, 507, 2, 500, '2014-09-29', NULL, 'Yes', 2262, 'Net'),
(2720, 507, 1, 280000, '2014-09-29', NULL, 'Yes', 2263, 'Gross'),
(2721, 489, 2, 500, '2012-04-12', NULL, 'Yes', 2216, 'Net'),
(2722, 489, 1, 300000, '2012-04-12', NULL, 'Yes', 2217, 'Gross'),
(2723, 348, 2, 1500, '2014-06-03', NULL, 'Yes', 2255, 'Net'),
(2724, 348, 1, 500000, '2014-06-03', NULL, 'Yes', 2256, 'Gross'),
(2725, 528, 2, 500, '2013-05-09', NULL, 'Yes', 1593, 'Net'),
(2726, 528, 1, 280000, '2013-05-09', NULL, 'Yes', 1594, 'Net'),
(2727, 524, 2, 500, '2015-04-01', NULL, 'Yes', 2380, 'Net'),
(2728, 524, 1, 280000, '2015-04-01', NULL, 'Yes', 2381, 'Gross'),
(2729, 512, 2, 500, '2012-10-04', NULL, 'Yes', 2103, 'Net'),
(2730, 512, 1, 280000, '2012-10-04', NULL, 'Yes', 2104, 'Gross'),
(2735, 314, 1, 1.75008e+006, '2015-11-01', NULL, 'Yes', 2733, 'Net'),
(2736, 314, 1, 0, '2015-10-01', NULL, 'Yes', 2734, 'Gross'),
(2737, 317, 2, 1800, '2013-06-05', NULL, 'Yes', 871, 'Net'),
(2738, 317, 1, 500000, '2013-06-05', NULL, 'Yes', 872, 'Gross'),
(2739, 491, 2, 650, '2015-09-28', NULL, 'Yes', 2097, 'Net'),
(2740, 491, 1, 300000, '2015-09-28', NULL, 'Yes', 2098, 'Gross'),
(2741, 313, 2, 2142, '2009-01-15', NULL, 'Yes', 2253, 'Gross'),
(2742, 313, 1, 540000, '2009-01-15', NULL, 'Yes', 2254, 'Gross'),
(2745, 312, 2, 2000, '2013-07-02', NULL, 'Yes', 2341, 'Net'),
(2746, 312, 1, 500000, '2013-07-02', NULL, 'Yes', 2342, 'Gross'),
(2747, 508, 2, 500, '2014-07-25', NULL, 'Yes', 2230, 'Net'),
(2748, 508, 1, 280000, '2014-07-25', NULL, 'Yes', 2231, 'Gross'),
(2749, 600, 2, 500, '2013-05-23', NULL, 'Yes', NULL, 'Net'),
(2750, 600, 1, 280000, '2013-05-23', NULL, 'Yes', NULL, 'Gross'),
(2751, 315, 2, 800, '2014-09-26', NULL, 'Yes', 865, 'Net'),
(2752, 315, 1, 500000, '2014-09-26', NULL, 'Yes', 866, 'Gross'),
(2753, 436, 1, 483750, '2015-07-15', NULL, 'Yes', 1451, 'Gross'),
(2754, 436, 1, 483750, '2015-07-15', NULL, 'No', 1452, 'Gross'),
(2755, 436, 2, 1850, '2015-07-15', NULL, 'Yes', 1453, 'Net'),
(2756, 438, 1, 430000, '2015-06-12', NULL, 'Yes', 1642, 'Gross'),
(2757, 438, 1, 300000, '2015-06-12', NULL, 'No', 1643, 'Gross'),
(2758, 438, 2, 550, '2015-06-12', NULL, 'Yes', 1644, 'Net'),
(2759, 437, 2, 3150, '2015-08-16', NULL, 'Yes', 1443, 'Net'),
(2760, 437, 1, 500000, '2015-08-16', NULL, 'Yes', 1444, 'Gross'),
(2761, 435, 2, 550, '2015-06-12', NULL, 'Yes', 1260, 'Net'),
(2762, 435, 1, 300000, '2015-06-12', NULL, 'Yes', 1261, 'Gross'),
(2763, 444, 2, 300, '2015-08-13', NULL, 'Yes', 1461, 'Net'),
(2764, 444, 1, 300000, '2015-08-13', NULL, 'Yes', 1462, 'Gross'),
(2765, 443, 2, 1400, '2015-08-04', NULL, 'Yes', 1640, 'Net'),
(2766, 443, 1, 300000, '2015-08-04', NULL, 'No', 1641, 'Gross'),
(2767, 441, 1, 346688, '2011-01-01', NULL, 'Yes', 1457, 'Gross'),
(2768, 441, 2, 350, '2011-01-01', NULL, 'Yes', 1458, 'Net'),
(2769, 439, 2, 300, '2015-08-13', NULL, 'Yes', 1647, 'Net'),
(2770, 439, 1, 300000, '2015-08-13', NULL, 'Yes', 1648, 'Gross'),
(2771, 442, 2, 600, '2014-01-21', NULL, 'Yes', 1274, 'Net'),
(2772, 442, 1, 300000, '2014-01-01', NULL, 'Yes', 1275, 'Gross'),
(2773, 440, 1, 322500, '2012-03-01', NULL, 'Yes', 1448, 'Gross'),
(2774, 440, 1, 322500, '2012-03-01', NULL, 'No', 1449, 'Gross'),
(2775, 440, 2, 800, '2012-03-01', NULL, 'Yes', 1450, 'Net'),
(2779, 601, 2, 1750, '2015-10-01', NULL, 'Yes', NULL, 'Net'),
(2780, 601, 1, 300000, '2015-10-01', NULL, 'Yes', NULL, 'Gross'),
(2781, 430, 2, 0, '2015-08-28', NULL, 'Yes', 1212, 'Gross'),
(2782, 430, 1, 1e+006, '2015-08-28', NULL, 'Yes', 1213, 'Gross'),
(2783, 431, 2, 0, '2015-08-17', NULL, 'Yes', 1214, 'Gross'),
(2784, 431, 1, 800000, '2015-08-17', NULL, 'Yes', 1215, 'Gross'),
(2785, 428, 2, 1100, '2015-08-07', NULL, 'Yes', 1208, 'Net'),
(2786, 428, 1, 400000, '2015-08-07', NULL, 'Yes', 1209, 'Gross'),
(2787, 429, 2, 300, '2015-10-08', NULL, 'Yes', 1210, 'Net'),
(2788, 429, 1, 300000, '2015-10-08', NULL, 'Yes', 1211, 'Gross'),
(2789, 426, 2, 300, '2015-10-01', NULL, 'Yes', 1204, 'Net'),
(2790, 426, 1, 300000, '2015-10-01', NULL, 'Yes', 1205, 'Gross'),
(2797, 425, 2, 1750, '2014-09-29', NULL, 'Yes', 1200, 'Net'),
(2798, 425, 1, 500000, '2014-09-29', NULL, 'Yes', 1201, 'Gross'),
(2799, 375, 2, 400, '2015-02-02', NULL, 'Yes', 2795, 'Net'),
(2800, 375, 1, 300000, '2015-02-02', NULL, 'Yes', 2796, 'Gross'),
(2801, 427, 2, 800, '2015-08-01', NULL, 'Yes', 2791, 'Net'),
(2802, 427, 1, 300000, '2015-08-01', NULL, 'Yes', 2792, 'Gross'),
(2805, 602, 2, 300, '2015-03-06', NULL, 'Yes', NULL, 'Net'),
(2806, 602, 1, 300000, '2015-03-06', NULL, 'Yes', NULL, 'Gross'),
(2807, 471, 2, 300, '2014-09-14', NULL, 'Yes', 1376, 'Net'),
(2808, 471, 1, 300000, '2012-09-14', NULL, 'Yes', 1377, 'Gross'),
(2809, 470, 2, 300, '2012-06-12', NULL, 'Yes', 1374, 'Net'),
(2810, 470, 1, 300000, '2012-06-12', NULL, 'Yes', 1375, 'Gross'),
(2811, 466, 2, 500, '2015-06-22', NULL, 'Yes', 2803, 'Net'),
(2812, 466, 1, 300000, '2015-06-22', NULL, 'Yes', 2804, 'Gross'),
(2817, 463, 2, 300, '2013-08-01', NULL, 'Yes', 1356, 'Net'),
(2818, 463, 1, 300000, '2013-08-01', NULL, 'Yes', 1357, 'Gross'),
(2819, 465, 2, 300, '2015-10-01', NULL, 'Yes', 1360, 'Net'),
(2820, 465, 1, 300000, '2015-10-01', NULL, 'Yes', 1361, 'Gross'),
(2821, 472, 2, 300, '2015-10-01', NULL, 'Yes', 1378, 'Net'),
(2822, 472, 1, 390000, '2015-10-01', NULL, 'Yes', 1379, 'Gross'),
(2823, 9, 2, 300, '2015-01-26', NULL, 'Yes', 610, NULL),
(2824, 9, 1, 300000, '2015-01-26', NULL, 'Yes', 611, NULL),
(2825, 467, 2, 300, '2015-07-03', NULL, 'Yes', 1366, 'Net'),
(2826, 467, 1, 300000, '2015-07-03', NULL, 'Yes', 1367, 'Gross'),
(2827, 464, 2, 300, '2014-12-18', NULL, 'Yes', 2701, 'Net'),
(2828, 464, 1, 300000, '2014-12-18', NULL, 'Yes', 2702, 'Gross'),
(2829, 277, 2, 300, '2015-10-01', NULL, 'Yes', 764, 'Gross'),
(2830, 277, 1, 300000, '2015-10-01', NULL, 'Yes', 765, 'Gross'),
(2831, 258, 2, 500, '2015-07-01', NULL, 'Yes', 2743, 'Net'),
(2832, 258, 1, 300000, '2015-07-01', NULL, 'Yes', 2744, 'Gross'),
(2833, 469, 2, 1200, '2015-10-01', NULL, 'Yes', 1370, 'Net'),
(2834, 469, 1, 400000, '2015-10-01', NULL, 'Yes', 1371, 'Gross'),
(2835, 271, 2, 300, '2015-10-01', NULL, 'Yes', 752, 'Net'),
(2836, 271, 1, 300000, '2015-10-01', NULL, 'Yes', 753, 'Gross'),
(2839, 219, 2, 300, '2015-10-01', NULL, 'Yes', 2837, 'Net'),
(2840, 219, 1, 300000, '2015-10-01', NULL, 'Yes', 2838, 'Gross'),
(2841, 238, 2, 300, '2015-10-01', NULL, 'Yes', 666, 'Net'),
(2842, 238, 1, 300000, '2015-10-01', NULL, 'Yes', 667, 'Gross'),
(2843, 273, 2, 300, '2015-10-01', NULL, 'Yes', 756, 'Net'),
(2844, 273, 1, 300000, '2015-10-01', NULL, 'Yes', 757, 'Gross'),
(2849, 198, 2, 650, '2014-03-08', NULL, 'Yes', 2847, 'Net'),
(2850, 198, 1, 300000, '2014-03-08', NULL, 'Yes', 2848, 'Gross'),
(2851, 232, 2, 300, '2015-10-01', NULL, 'Yes', 654, 'Net'),
(2852, 232, 1, 300000, '2015-10-01', NULL, 'Yes', 655, 'Gross'),
(2855, 233, 2, 300, '2012-06-05', NULL, 'Yes', 2853, 'Net'),
(2856, 233, 1, 300000, '2012-06-05', NULL, 'Yes', 2854, 'Gross'),
(2858, 193, 2, 300, '2014-05-19', NULL, 'Yes', 646, 'Gross'),
(2859, 193, 1, 0, '2014-05-19', NULL, 'Yes', 647, 'Gross'),
(2862, 227, 2, 300, '2015-10-01', NULL, 'Yes', 2860, 'Net'),
(2863, 227, 1, 300000, '2015-10-01', NULL, 'Yes', 2861, 'Gross'),
(2864, 267, 2, 300, '2015-10-01', NULL, 'Yes', 742, 'Net'),
(2865, 267, 1, 300000, '2015-10-01', NULL, 'Yes', 743, 'Gross'),
(2866, 225, 2, 300, '2015-10-01', NULL, 'Yes', 634, 'Net'),
(2867, 225, 1, 300000, '2015-10-01', NULL, 'Yes', 635, 'Gross'),
(2868, 246, 2, 300, '2015-10-01', NULL, 'Yes', 692, 'Net'),
(2869, 246, 1, 300000, '2015-10-01', NULL, 'Yes', 693, 'Gross'),
(2870, 145, 2, 0, '2001-03-01', NULL, 'Yes', 566, 'Gross'),
(2871, 184, 2, 300, '2014-02-18', NULL, 'Yes', 575, 'Gross'),
(2872, 184, 1, 300000, '2014-02-18', NULL, 'Yes', 576, 'Gross'),
(2873, 272, 2, 300, '2013-02-02', NULL, 'Yes', 754, 'Net'),
(2874, 272, 1, 300000, '2013-02-02', NULL, 'Yes', 755, 'Gross'),
(2875, 221, 2, 300, '2015-03-01', NULL, 'Yes', 626, 'Net'),
(2876, 221, 1, 300000, '2015-03-01', NULL, 'Yes', 627, 'Gross'),
(2877, 257, 2, 300, '2015-10-01', NULL, 'Yes', 722, 'Net'),
(2878, 257, 1, 300000, '2015-10-01', NULL, 'Yes', 723, 'Gross'),
(2879, 260, 2, 300, '2015-10-01', NULL, 'Yes', 728, 'Net'),
(2880, 260, 1, 300000, '2015-10-01', NULL, 'Yes', 729, 'Gross'),
(2881, 180, 2, 300, '2015-06-01', NULL, 'Yes', 2079, 'Gross'),
(2882, 180, 1, 300000, '2015-06-01', NULL, 'Yes', 2080, 'Gross'),
(2883, 264, 2, 650, '2015-10-01', NULL, 'Yes', 736, 'Net'),
(2884, 264, 1, 300000, '2015-10-01', NULL, 'Yes', 737, 'Gross'),
(2885, 270, 2, 300, '2015-10-01', NULL, 'Yes', 748, 'Net'),
(2886, 270, 1, 300000, '2015-10-01', NULL, 'Yes', 749, 'Gross'),
(2887, 275, 2, 300, '2015-10-01', NULL, 'Yes', 760, 'Net'),
(2888, 275, 1, 300000, '2015-10-01', NULL, 'Yes', 761, 'Gross'),
(2889, 190, 1, 300000, '2012-07-14', NULL, 'Yes', 590, 'Gross'),
(2890, 190, 2, 500, '2015-09-01', NULL, 'Yes', 591, 'Gross'),
(2891, 244, 2, 1000, '2014-07-01', NULL, 'Yes', 680, 'Net'),
(2892, 244, 1, 392000, '2015-07-01', NULL, 'Yes', 681, 'Gross'),
(2893, 217, 2, 1000, '2015-10-01', NULL, 'Yes', 616, 'Gross'),
(2894, 217, 1, 300000, '2015-10-01', NULL, 'Yes', 617, 'Gross'),
(2895, 203, 2, 400, '2012-06-01', NULL, 'Yes', 578, 'Gross'),
(2896, 203, 1, 300000, '2012-06-01', NULL, 'Yes', 579, 'Gross'),
(2897, 226, 2, 300, '2015-10-01', NULL, 'Yes', 636, 'Net'),
(2898, 226, 1, 300000, '2015-10-01', NULL, 'Yes', 637, 'Gross'),
(2899, 215, 1, 300000, '2011-10-01', NULL, 'Yes', 613, 'Gross'),
(2903, 189, 1, 300000, '2012-05-01', NULL, 'Yes', 2901, 'Gross'),
(2904, 189, 2, 850, '2012-05-01', NULL, 'Yes', 2902, 'Net'),
(2905, 283, 2, 300, '2015-10-01', NULL, 'Yes', 776, 'Net'),
(2906, 283, 1, 300000, '2015-10-01', NULL, 'Yes', 777, 'Gross'),
(2907, 242, 2, 400, '2015-10-01', NULL, 'Yes', 676, 'Gross'),
(2908, 242, 1, 300000, '2015-10-01', NULL, 'Yes', 677, 'Gross'),
(2911, 316, 2, 1700, '2014-06-07', NULL, 'Yes', 2909, 'Net'),
(2912, 316, 1, 500000, '2014-06-07', NULL, 'Yes', 2910, 'Gross'),
(2913, 235, 2, 350, '2014-05-15', NULL, 'Yes', 660, 'Net'),
(2914, 235, 1, 300000, '2014-05-15', NULL, 'Yes', 661, 'Gross'),
(2915, 229, 2, 300, '0012-05-01', NULL, 'Yes', 648, 'Net'),
(2916, 229, 1, 300000, '2012-05-01', NULL, 'Yes', 649, 'Gross'),
(2917, 477, 2, 300, '2013-01-01', NULL, 'Yes', 1402, 'Net'),
(2918, 477, 1, 300000, '2013-01-01', NULL, 'Yes', 1403, 'Gross'),
(2919, 474, 2, 300, '2015-03-10', NULL, 'Yes', 1382, 'Net'),
(2920, 474, 1, 300000, '2015-03-10', NULL, 'Yes', 1383, 'Gross'),
(2921, 241, 2, 300, '2015-10-01', NULL, 'Yes', 672, 'Net'),
(2922, 241, 1, 300000, '2015-10-01', NULL, 'Yes', 673, 'Gross'),
(2923, 224, 2, 300, '2012-05-15', NULL, 'Yes', 632, 'Net'),
(2924, 224, 1, 300000, '0012-05-15', NULL, 'Yes', 633, 'Gross'),
(2925, 194, 2, 400, '2010-07-05', NULL, 'Yes', 596, 'Gross'),
(2926, 194, 1, 300000, '2010-07-05', NULL, 'Yes', 597, 'Gross'),
(2927, 186, 2, 700, '2012-01-01', NULL, 'Yes', 686, 'Net'),
(2928, 186, 1, 300000, '2012-01-01', NULL, 'Yes', 687, 'Gross'),
(2929, 11, 1, 300000, '2010-11-05', NULL, 'Yes', 598, 'Gross'),
(2930, 266, 2, 300, '2015-10-01', NULL, 'Yes', 740, 'Net'),
(2931, 266, 1, 300000, '2015-10-01', NULL, 'Yes', 741, 'Gross'),
(2932, 247, 2, 300, '2010-03-08', NULL, 'Yes', 694, 'Net'),
(2933, 247, 1, 350000, '2010-03-08', NULL, 'Yes', 695, 'Gross'),
(2934, 222, 2, 300, '2015-10-01', NULL, 'Yes', 628, 'Net'),
(2935, 222, 1, 300000, '2015-10-01', NULL, 'Yes', 629, 'Gross'),
(2936, 269, 2, 300, '2015-10-01', NULL, 'Yes', 1395, 'Net'),
(2937, 269, 1, 300000, '2015-10-01', NULL, 'Yes', 1396, 'Gross'),
(2938, 265, 2, 950, '2015-10-01', NULL, 'Yes', 738, 'Net'),
(2939, 265, 1, 300000, '2015-10-01', NULL, 'Yes', 739, 'Gross'),
(2940, 234, 2, 350, '2012-05-09', NULL, 'Yes', 658, 'Net'),
(2941, 234, 1, 300000, '2012-05-09', NULL, 'Yes', 659, 'Gross'),
(2942, 195, 2, 500, '2012-12-24', NULL, 'Yes', 592, 'Net'),
(2943, 195, 1, 300000, '2012-12-24', NULL, 'Yes', 593, 'Gross'),
(2946, 332, 2, 0, '2010-09-28', NULL, 'Yes', 2944, 'Gross'),
(2947, 332, 1, 1e+006, '2010-09-28', NULL, 'Yes', 2945, 'Gross'),
(2948, 274, 2, 300, '2015-10-01', NULL, 'Yes', 758, 'Net'),
(2949, 274, 1, 300000, '2015-10-01', NULL, 'Yes', 759, 'Gross'),
(2950, 475, 2, 300, '2015-10-01', NULL, 'Yes', 1384, 'Net'),
(2951, 475, 1, 300000, '2015-10-01', NULL, 'Yes', 1385, 'Gross'),
(2952, 268, 2, 300, '2015-10-01', NULL, 'Yes', 1783, 'Net'),
(2953, 268, 1, 300000, '2015-10-01', NULL, 'Yes', 1784, 'Gross'),
(2954, 278, 2, 300, '2015-10-01', NULL, 'Yes', 766, 'Net'),
(2955, 278, 1, 300000, '2015-10-01', NULL, 'Yes', 767, 'Gross'),
(2958, 262, 2, 300, '2015-10-01', NULL, 'Yes', 2956, 'Net'),
(2959, 262, 1, 300000, '2015-10-01', NULL, 'Yes', 2957, 'Gross'),
(2960, 473, 2, 300, '2014-04-05', NULL, 'Yes', 1380, 'Net'),
(2961, 473, 1, 300000, '2015-04-05', NULL, 'Yes', 1381, 'Gross'),
(2962, 256, 2, 300, '2015-10-01', NULL, 'Yes', 912, 'Net'),
(2963, 256, 1, 300000, '2015-10-01', NULL, 'Yes', 913, 'Gross'),
(2964, 231, 2, 300, '2015-10-01', NULL, 'Yes', 652, 'Net'),
(2965, 231, 1, 300000, '2015-10-01', NULL, 'Yes', 653, 'Gross'),
(2966, 201, 2, 550, '2014-08-11', NULL, 'Yes', 690, 'Net'),
(2967, 201, 1, 250000, '2014-08-11', NULL, 'Yes', 691, 'Gross'),
(2968, 239, 2, 850, '2012-06-01', NULL, 'Yes', 1039, 'Net'),
(2969, 239, 1, 300000, '2012-06-01', NULL, 'Yes', 1040, 'Gross'),
(2970, 240, 2, 300, '2015-10-01', NULL, 'Yes', 670, 'Gross'),
(2971, 240, 1, 300000, '2015-10-01', NULL, 'Yes', 671, 'Gross'),
(2972, 216, 2, 300, '2014-01-13', NULL, 'Yes', 614, 'Gross'),
(2973, 216, 1, 300000, '2014-01-13', NULL, 'Yes', 615, 'Gross'),
(2974, 143, 2, 400, '2012-07-01', NULL, 'Yes', 562, 'Gross'),
(2975, 143, 1, 300000, '2012-07-01', NULL, 'Yes', 563, 'Gross'),
(2976, 187, 1, 300000, '2014-01-02', NULL, 'Yes', 577, 'Gross'),
(2977, 140, 2, 350, '2015-06-01', NULL, 'Yes', 564, 'Gross'),
(2978, 140, 1, 300000, '2015-06-01', NULL, 'Yes', 565, 'Gross'),
(2979, 284, 2, 450, '2012-06-01', NULL, 'Yes', 1419, 'Net'),
(2980, 284, 1, 300000, '2012-06-01', NULL, 'Yes', 1420, 'Gross'),
(2983, 188, 2, 800, '2015-05-22', NULL, 'Yes', 914, 'Gross'),
(2984, 188, 1, 340000, '2015-05-22', NULL, 'Yes', 915, 'Gross'),
(2985, 236, 2, 300, '2015-10-01', NULL, 'Yes', 662, 'Net'),
(2986, 236, 1, 300000, '2015-10-01', NULL, 'Yes', 663, 'Gross'),
(2987, 476, 2, 400, '2015-10-01', NULL, 'Yes', 1386, 'Net'),
(2988, 476, 1, 350000, '2015-10-01', NULL, 'Yes', 1387, 'Gross'),
(2989, 144, 2, 550, '2015-03-01', NULL, 'Yes', 2776, 'Net'),
(2990, 144, 2, 550, '2015-03-28', NULL, 'No', 2777, 'Net'),
(2991, 144, 1, 300000, '2015-03-01', NULL, 'Yes', 2778, 'Gross'),
(2992, 237, 2, 400, '2015-09-07', NULL, 'Yes', 664, 'Net'),
(2993, 237, 1, 300000, '2015-09-07', NULL, 'Yes', 665, 'Gross'),
(2994, 280, 2, 300, '2015-10-01', NULL, 'Yes', 780, 'Net'),
(2995, 280, 1, 300000, '2015-10-01', NULL, 'Yes', 781, 'Gross'),
(2996, 142, 2, 2142, '2014-06-11', NULL, 'Yes', 1037, 'Gross'),
(2997, 142, 1, 360000, '2015-10-01', NULL, 'Yes', 1038, 'Gross'),
(2998, 281, 2, 300, '2015-10-01', NULL, 'Yes', 772, 'Net'),
(2999, 281, 1, 300000, '2015-10-01', NULL, 'Yes', 773, 'Gross'),
(3000, 141, 2, 750, '2013-10-10', NULL, 'Yes', 688, 'Net'),
(3001, 141, 1, 300000, '2013-10-10', NULL, 'Yes', 689, 'Gross'),
(3002, 581, 2, 800, '2014-04-01', NULL, 'Yes', 2033, 'Net'),
(3003, 581, 1, 300000, '2014-04-01', NULL, 'Yes', 2034, 'Gross'),
(3006, 230, 2, 300, '2015-10-01', NULL, 'Yes', 650, 'Net'),
(3007, 230, 1, 300000, '2015-10-01', NULL, 'Yes', 651, 'Gross'),
(3008, 228, 2, 300, '2015-10-01', NULL, 'Yes', 640, 'Net'),
(3009, 228, 1, 300000, '2015-10-01', NULL, 'Yes', 641, 'Gross'),
(3010, 223, 2, 300, '2012-05-06', NULL, 'Yes', 3004, 'Net'),
(3011, 223, 1, 300000, '2012-05-06', NULL, 'Yes', 3005, 'Gross'),
(3012, 196, 2, 600, '2015-03-16', NULL, 'Yes', 506, 'Net'),
(3013, 196, 1, 300000, '2015-03-16', NULL, 'Yes', 507, 'Gross'),
(3014, 416, 2, 350, '2014-08-01', NULL, 'Yes', 1178, 'Net'),
(3015, 416, 1, 300000, '2014-08-01', NULL, 'Yes', 1179, 'Gross'),
(3016, 16, 2, 350, '2005-08-31', NULL, 'Yes', 35, NULL),
(3017, 16, 1, 400000, '2005-04-30', NULL, 'Yes', 36, NULL),
(3018, 40, 2, 1100, '2014-08-15', NULL, 'Yes', 86, NULL),
(3019, 40, 1, 300000, '2014-08-15', NULL, 'Yes', 87, NULL),
(3022, 368, 2, 2600, '2014-07-14', NULL, 'Yes', 3020, 'Net'),
(3023, 368, 1, 400000, '2014-07-14', NULL, 'Yes', 3021, 'Gross'),
(3024, 367, 2, 800, '2014-10-08', NULL, 'Yes', 1020, 'Net'),
(3025, 367, 1, 500000, '2014-10-08', NULL, 'Yes', 1021, 'Gross'),
(3026, 36, 2, 700, '2009-07-06', NULL, 'Yes', 78, NULL),
(3027, 36, 1, 300000, '2009-07-06', NULL, 'Yes', 79, NULL),
(3028, 22, 1, 300000, '2013-03-05', NULL, 'Yes', 52, NULL),
(3029, 42, 2, 800, '2000-01-10', NULL, 'Yes', 2815, NULL),
(3030, 42, 1, 200000, '2000-01-10', NULL, 'Yes', 2816, NULL),
(3031, 33, 2, 350, '2014-03-24', NULL, 'Yes', 72, NULL),
(3032, 33, 1, 300000, '2014-03-24', NULL, 'Yes', 73, NULL),
(3035, 369, 2, 400, '2015-10-01', NULL, 'Yes', 3033, 'Net'),
(3036, 369, 1, 300000, '2015-10-01', NULL, 'Yes', 3034, 'Gross'),
(3037, 31, 2, 900, '2012-03-26', NULL, 'Yes', 68, NULL),
(3038, 31, 1, 300000, '2012-03-26', NULL, 'Yes', 69, NULL),
(3039, 12, 2, 800, '2008-01-27', NULL, 'Yes', 29, NULL),
(3040, 12, 1, 300000, '2008-01-27', NULL, 'Yes', 30, NULL),
(3041, 20, 2, 1000, '2013-06-09', NULL, 'Yes', 45, NULL),
(3042, 20, 1, 500000, '2013-07-09', NULL, 'Yes', 46, NULL),
(3043, 38, 1, 496155, '2008-09-11', NULL, 'Yes', 82, NULL),
(3044, 38, 2, 750, '2008-09-11', NULL, 'Yes', 83, NULL),
(3045, 14, 2, 400, '2008-11-13', NULL, 'Yes', 25, NULL),
(3046, 14, 1, 200000, '2015-11-13', NULL, 'Yes', 26, NULL),
(3047, 18, 2, 350, '2011-06-30', NULL, 'Yes', 41, NULL),
(3048, 18, 1, 300000, '2011-06-30', NULL, 'Yes', 42, NULL),
(3049, 39, 2, 800, '2011-06-22', NULL, 'Yes', 1000, NULL),
(3050, 39, 1, 300000, '2011-06-22', NULL, 'Yes', 1001, NULL),
(3065, 603, 2, 1200, '2015-09-20', NULL, 'Yes', 3063, 'Net'),
(3066, 603, 1, 400000, '2015-09-20', NULL, 'Yes', 3064, 'Gross');

-- --------------------------------------------------------

--
-- Table structure for table `staff_type`
--

DROP TABLE IF EXISTS `staff_type`;
CREATE TABLE IF NOT EXISTS `staff_type` (
  `staff_type_id` int(11) NOT NULL AUTO_INCREMENT,
  `staff_type_name` varchar(50) NOT NULL,
  `is_active` varchar(3) NOT NULL,
  PRIMARY KEY (`staff_type_id`)
) ENGINE=InnoDB  DEFAULT CHARSET=utf8 AUTO_INCREMENT=3 ;

--
-- Dumping data for table `staff_type`
--

INSERT INTO `staff_type` (`staff_type_id`, `staff_type_name`, `is_active`) VALUES
(1, 'Local', '1'),
(2, 'International', '1');

-- --------------------------------------------------------

--
-- Table structure for table `task`
--

DROP TABLE IF EXISTS `task`;
CREATE TABLE IF NOT EXISTS `task` (
  `task_id` int(11) NOT NULL AUTO_INCREMENT,
  `activity_id` int(11) NOT NULL,
  `complete_date` datetime DEFAULT NULL,
  `completed_by` int(11) DEFAULT NULL,
  `approval_by` int(11) DEFAULT NULL,
  `approval_type` int(11) DEFAULT NULL,
  `approval_date` datetime DEFAULT NULL,
  `staff_id` int(11) NOT NULL,
  `agent_id` int(11) DEFAULT NULL,
  `assigned_user` int(11) NOT NULL,
  `comment` varchar(100) DEFAULT NULL,
  `add_date` datetime NOT NULL,
  `add_user` int(11) NOT NULL,
  `edit_date` datetime DEFAULT NULL,
  `edit_user` int(11) DEFAULT NULL,
  `task_status` varchar(20) NOT NULL,
  `due_date` datetime DEFAULT NULL,
  `flag_date` datetime DEFAULT NULL,
  `activity_outcome_id` int(10) DEFAULT NULL,
  PRIMARY KEY (`task_id`),
  KEY `activity_task` (`activity_id`),
  KEY `staff_task` (`staff_id`),
  KEY `agent_task` (`agent_id`),
  KEY `user_task` (`assigned_user`),
  KEY `user_task_add` (`add_user`),
  KEY `user_task_edit` (`edit_user`),
  KEY `user_task_approval` (`approval_by`),
  KEY `apptype_task` (`approval_type`),
  KEY `outcome_task` (`activity_outcome_id`),
  KEY `taskcompletedby` (`completed_by`)
) ENGINE=InnoDB  DEFAULT CHARSET=utf8 AUTO_INCREMENT=5 ;

--
-- Dumping data for table `task`
--

INSERT INTO `task` (`task_id`, `activity_id`, `complete_date`, `completed_by`, `approval_by`, `approval_type`, `approval_date`, `staff_id`, `agent_id`, `assigned_user`, `comment`, `add_date`, `add_user`, `edit_date`, `edit_user`, `task_status`, `due_date`, `flag_date`, `activity_outcome_id`) VALUES
(1, 15, NULL, NULL, NULL, NULL, NULL, 19, NULL, 2, NULL, '2015-11-30 15:45:33', 2, NULL, NULL, 'Pending', '2015-12-01 15:45:33', '2015-12-01 15:45:33', NULL),
(2, 38, '2015-12-03 14:33:45', 2, NULL, NULL, NULL, 526, 1, 2, 'OK', '2015-11-30 15:49:46', 2, '2015-12-03 14:33:45', 2, 'Completed', '2015-12-01 15:49:46', '2015-12-01 15:49:46', 39),
(3, 39, '2015-12-03 16:30:43', 10, NULL, NULL, NULL, 526, 1, 2, 'h', '2015-12-03 14:33:45', 2, '2015-12-03 16:30:43', 10, 'Completed', '2015-12-04 14:33:45', '2015-12-04 14:33:45', 40),
(4, 40, '2015-12-03 17:18:30', 10, NULL, NULL, NULL, 526, 1, 10, 'jjj', '2015-12-03 16:30:43', 10, '2015-12-03 17:18:30', 10, 'Completed', '2015-12-04 16:30:43', '2015-12-04 16:30:43', 41);

-- --------------------------------------------------------

--
-- Table structure for table `task_document`
--

DROP TABLE IF EXISTS `task_document`;
CREATE TABLE IF NOT EXISTS `task_document` (
  `task_document_id` int(11) NOT NULL AUTO_INCREMENT,
  `task_id` int(11) DEFAULT NULL,
  `document_type_id` int(11) NOT NULL,
  `document_url` varchar(255) DEFAULT NULL,
  `add_date` datetime NOT NULL,
  `add_user` int(11) NOT NULL,
  `edit_date` datetime DEFAULT NULL,
  `edit_user` int(11) DEFAULT NULL,
  `expiry_date` date DEFAULT NULL,
  `document_ref_no` varchar(50) DEFAULT NULL,
  `document_typeonexpiry_document` int(11) DEFAULT NULL,
  `expiry_flag_date` datetime DEFAULT NULL,
  `direction` varchar(3) DEFAULT NULL,
  PRIMARY KEY (`task_document_id`),
  KEY `task_taskdocument` (`task_id`),
  KEY `doctype_taskdoc` (`document_type_id`),
  KEY `user_taskdoc_add` (`add_user`),
  KEY `user_taskdoc_edit` (`edit_user`)
) ENGINE=InnoDB  DEFAULT CHARSET=utf8 AUTO_INCREMENT=975 ;

--
-- Dumping data for table `task_document`
--

INSERT INTO `task_document` (`task_document_id`, `task_id`, `document_type_id`, `document_url`, `add_date`, `add_user`, `edit_date`, `edit_user`, `expiry_date`, `document_ref_no`, `document_typeonexpiry_document`, `expiry_flag_date`, `direction`) VALUES
(1, NULL, 1, '06062015124044_20150606114312231.pdf', '2015-06-06 12:40:44', 3, NULL, NULL, '2019-03-15', '', NULL, NULL, NULL),
(2, NULL, 1, '06062015133224_20150606123842310.pdf', '2015-06-06 13:32:25', 2, NULL, NULL, '2023-03-20', '', NULL, NULL, NULL),
(3, NULL, 1, '18082015170610_pritul patel.pdf', '2015-08-18 17:06:11', 2, NULL, NULL, '2015-08-25', 'werewr', NULL, NULL, NULL),
(4, NULL, 18, '18082015170714_Penguins.jpg', '2015-08-18 17:07:14', 2, NULL, NULL, '2015-08-31', 'rtrtr', NULL, NULL, NULL),
(5, NULL, 1, '18082015180846_20150818171421658.pdf', '2015-08-18 18:08:47', 2, NULL, NULL, '2020-09-06', '', NULL, NULL, NULL),
(6, NULL, 2, '18082015181031_20150818171228749.pdf', '2015-08-18 18:10:31', 2, NULL, NULL, '2016-02-13', 'im-1305-12', NULL, NULL, NULL),
(7, NULL, 1, '13112015144210_20151113124943318.pdf', '2015-11-13 14:42:11', 2, NULL, NULL, '2023-02-01', '', NULL, NULL, NULL),
(8, NULL, 20, '13112015145818_20151113130650287.pdf', '2015-11-13 14:58:19', 2, NULL, NULL, NULL, '', NULL, NULL, NULL),
(9, NULL, 1, '13112015150230_20151113130650287.pdf', '2015-11-13 15:02:31', 2, NULL, NULL, '2023-05-05', '', NULL, NULL, NULL),
(10, NULL, 6, '13112015150732_20151113130650287.pdf', '2015-11-13 15:07:33', 2, NULL, NULL, '2015-12-05', 'SPN07426', NULL, NULL, NULL),
(11, NULL, 20, '13112015151739_cv.pdf', '2015-11-13 15:17:39', 2, NULL, NULL, NULL, '', NULL, NULL, NULL),
(12, NULL, 1, '13112015151825_pp.pdf', '2015-11-13 15:18:26', 2, NULL, NULL, '2023-05-05', '', NULL, NULL, NULL),
(13, NULL, 6, '13112015151915_sp.pdf', '2015-11-13 15:19:16', 2, NULL, NULL, '2015-12-05', 'spn07426', NULL, NULL, NULL),
(14, NULL, 6, '13112015152334_sp.pdf', '2015-11-13 15:23:34', 2, NULL, NULL, '2015-11-13', 'spn', NULL, NULL, NULL),
(15, NULL, 1, '13112015152647_pp.pdf', '2015-11-13 15:26:48', 2, NULL, NULL, '2015-11-13', 'ff', NULL, NULL, NULL),
(16, NULL, 20, '13112015152742_cv.pdf', '2015-11-13 15:27:43', 2, NULL, NULL, NULL, '', NULL, NULL, NULL),
(17, NULL, 1, '13112015152803_pp.pdf', '2015-11-13 15:28:04', 2, NULL, NULL, '2023-05-05', '', NULL, NULL, NULL),
(18, NULL, 6, '13112015152830_sp.pdf', '2015-11-13 15:28:30', 2, NULL, NULL, '2015-12-05', 'spn07426', NULL, NULL, NULL),
(19, NULL, 1, '13112015160155_ppwp.pdf', '2015-11-13 16:01:56', 2, NULL, NULL, '2022-05-06', '', NULL, NULL, NULL),
(20, NULL, 2, '13112015160253_ppwp.pdf', '2015-11-13 16:02:53', 2, NULL, NULL, '2017-10-07', 'IM - 5012-14', NULL, NULL, NULL),
(21, NULL, 20, '13112015160309_cv .pdf', '2015-11-13 16:03:10', 2, NULL, NULL, NULL, '', NULL, NULL, NULL),
(22, NULL, 1, '13112015162631_pp.pdf', '2015-11-13 16:26:31', 7, NULL, NULL, '2021-02-02', '', NULL, NULL, NULL),
(23, NULL, 2, '13112015162737_pp.pdf', '2015-11-13 16:27:38', 7, NULL, NULL, '2016-11-10', 'IM-2773-11', NULL, NULL, NULL),
(24, NULL, 20, '13112015162801_cv.pdf', '2015-11-13 16:28:02', 7, NULL, NULL, NULL, '', NULL, NULL, NULL),
(25, NULL, 1, '13112015163935_PP.pdf', '2015-11-13 16:39:36', 7, NULL, NULL, '2021-09-12', '', NULL, NULL, NULL),
(26, NULL, 2, '13112015164017_PP.pdf', '2015-11-13 16:40:18', 7, NULL, NULL, '2016-04-22', 'IM-851-12', NULL, NULL, NULL),
(27, NULL, 20, '13112015164032_CV.pdf', '2015-11-13 16:40:32', 7, NULL, NULL, NULL, '', NULL, NULL, NULL),
(28, NULL, 1, '13112015165905_PP.pdf', '2015-11-13 16:59:06', 7, NULL, NULL, '2020-09-20', '', NULL, NULL, NULL),
(29, NULL, 20, '13112015165925_CV.pdf', '2015-11-13 16:59:25', 7, NULL, NULL, NULL, '', NULL, NULL, NULL),
(30, NULL, 2, '13112015170133_PP.pdf', '2015-11-13 17:01:34', 7, NULL, NULL, '2017-06-10', 'IM-2749-14', NULL, NULL, NULL),
(31, NULL, 1, '13112015172210_PP.pdf', '2015-11-13 17:22:10', 7, NULL, NULL, '2021-11-17', '', NULL, NULL, NULL),
(32, NULL, 2, '13112015172306_PP.pdf', '2015-11-13 17:23:06', 7, NULL, NULL, '2016-04-02', 'IM- 854-12', NULL, NULL, NULL),
(33, NULL, 1, '13112015172610_PP.pdf', '2015-11-13 17:26:10', 7, NULL, NULL, '2021-11-17', '', NULL, NULL, NULL),
(34, NULL, 2, '13112015172647_PP.pdf', '2015-11-13 17:26:47', 7, NULL, NULL, '2016-04-02', 'IM-854-12', NULL, NULL, NULL),
(35, NULL, 20, '13112015172703_CV.pdf', '2015-11-13 17:27:04', 7, NULL, NULL, NULL, '', NULL, NULL, NULL),
(36, NULL, 1, '13112015175105_PP.pdf', '2015-11-13 17:51:06', 7, NULL, NULL, '2023-07-03', '', NULL, NULL, NULL),
(37, NULL, 2, '13112015175143_PP.pdf', '2015-11-13 17:51:43', 7, NULL, NULL, '2015-12-03', 'IM-5924-13', NULL, NULL, NULL),
(38, NULL, 18, '13112015175227_CONTRACT.pdf', '2015-11-13 17:52:28', 7, NULL, NULL, '2016-08-25', '', NULL, NULL, NULL),
(39, NULL, 1, '13112015180156_PP.pdf', '2015-11-13 18:01:57', 7, NULL, NULL, '2022-08-01', '', NULL, NULL, NULL),
(40, NULL, 2, '13112015180245_PP.pdf', '2015-11-13 18:02:45', 7, NULL, NULL, '2017-09-11', 'IM-4540-14', NULL, NULL, NULL),
(41, NULL, 18, '13112015180344_CO.pdf', '2015-11-13 18:03:45', 7, NULL, NULL, '2016-07-21', '', NULL, NULL, NULL),
(42, NULL, 1, '14112015100547_pp.pdf', '2015-11-14 10:05:48', 7, NULL, NULL, '2024-02-09', '', NULL, NULL, NULL),
(43, NULL, 20, '14112015100606_cv.pdf', '2015-11-14 10:06:06', 7, NULL, NULL, NULL, '', NULL, NULL, NULL),
(44, NULL, 2, '14112015100649_pp.pdf', '2015-11-14 10:06:50', 7, NULL, NULL, '2016-01-06', 'IM-6318-13', NULL, NULL, NULL),
(45, NULL, 21, '14112015100707_ac.pdf', '2015-11-14 10:07:08', 7, NULL, NULL, NULL, '', NULL, NULL, NULL),
(46, NULL, 1, '14112015102909_PP.pdf', '2015-11-14 10:29:10', 7, NULL, NULL, '2021-05-22', '', NULL, NULL, NULL),
(47, NULL, 20, '14112015103007_CV.pdf', '2015-11-14 10:30:07', 7, NULL, NULL, NULL, '', NULL, NULL, NULL),
(48, NULL, 21, '14112015103021_ACD.pdf', '2015-11-14 10:30:22', 7, NULL, NULL, NULL, '', NULL, NULL, NULL),
(49, NULL, 20, '14112015105100_CV.pdf', '2015-11-14 10:51:01', 7, NULL, NULL, NULL, '', NULL, NULL, NULL),
(50, NULL, 21, '14112015105112_ACD.pdf', '2015-11-14 10:51:13', 7, NULL, NULL, NULL, '', NULL, NULL, NULL),
(51, NULL, 1, '14112015112805_PP.pdf', '2015-11-14 11:28:05', 7, NULL, NULL, '2022-04-17', '', NULL, NULL, NULL),
(52, NULL, 21, '14112015113330_ACD V.pdf', '2015-11-14 11:33:31', 7, NULL, NULL, NULL, '', NULL, NULL, NULL),
(53, NULL, 1, '14112015121011_pp.pdf', '2015-11-14 12:10:11', 7, NULL, NULL, '2021-05-21', '', NULL, NULL, NULL),
(54, NULL, 1, '14112015121802_pp.pdf', '2015-11-14 12:18:02', 7, NULL, NULL, '2021-12-13', '', NULL, NULL, NULL),
(55, NULL, 5, '14112015123017_SP.pdf', '2015-11-14 12:30:17', 7, NULL, NULL, '2015-11-16', 'SPN 07256', NULL, NULL, NULL),
(56, NULL, 1, '14112015123753_PP.pdf', '2015-11-14 12:37:53', 7, NULL, NULL, '2018-09-16', '', NULL, NULL, NULL),
(57, NULL, 5, '14112015123841_SP.pdf', '2015-11-14 12:38:42', 7, NULL, NULL, '2015-12-29', 'SPN 07586', NULL, NULL, NULL),
(58, NULL, 1, '14112015124615_20151114105506900.pdf', '2015-11-14 12:46:15', 7, NULL, NULL, '2017-08-27', '', NULL, NULL, NULL),
(59, NULL, 1, '14112015125255_PP.pdf', '2015-11-14 12:52:56', 7, NULL, NULL, '2020-12-13', '', NULL, NULL, NULL),
(60, NULL, 2, '14112015125346_WP.pdf', '2015-11-14 12:53:46', 7, NULL, NULL, '2016-12-03', 'IM-2681-02', NULL, NULL, NULL),
(61, NULL, 1, '14112015125751_20151114110652069.pdf', '2015-11-14 12:57:52', 7, NULL, NULL, '2022-09-27', '', NULL, NULL, NULL),
(62, NULL, 1, '14112015131216_PP.pdf', '2015-11-14 13:12:16', 7, NULL, NULL, '2025-08-19', '', NULL, NULL, NULL),
(63, NULL, 2, '14112015131313_WP.pdf', '2015-11-14 13:13:13', 7, NULL, NULL, '2015-11-14', 'IM-3202-10', NULL, NULL, NULL),
(64, NULL, 1, '14112015131827_wp.pdf', '2015-11-14 13:18:27', 7, NULL, NULL, '2018-10-13', '', NULL, NULL, NULL),
(65, NULL, 2, '14112015131914_wp.pdf', '2015-11-14 13:19:15', 7, NULL, NULL, '2017-07-19', 'IM-215-13', NULL, NULL, NULL),
(66, NULL, 1, '14112015132544_20151114113319432.pdf', '2015-11-14 13:25:45', 7, NULL, NULL, '2019-09-14', '', NULL, NULL, NULL),
(67, NULL, 1, '16112015114250_PP.pdf', '2015-11-16 11:42:51', 7, NULL, NULL, '2017-12-09', '', NULL, NULL, NULL),
(68, NULL, 5, '16112015114333_SP.pdf', '2015-11-16 11:43:34', 7, NULL, NULL, '2015-12-08', 'SPN 07529', NULL, NULL, NULL),
(69, NULL, 1, '16112015114654_PP.pdf', '2015-11-16 11:46:55', 7, NULL, NULL, '2018-03-03', '', NULL, NULL, NULL),
(70, NULL, 5, '16112015114808_SP.pdf', '2015-11-16 11:48:08', 7, NULL, NULL, '2015-12-08', 'SPN 07529', NULL, NULL, NULL),
(71, NULL, 1, '16112015115057_PP.pdf', '2015-11-16 11:50:58', 7, NULL, NULL, '2017-05-14', '', NULL, NULL, NULL),
(72, NULL, 5, '16112015115133_SP.pdf', '2015-11-16 11:51:33', 7, NULL, NULL, '2015-12-08', 'SPN 07529', NULL, NULL, NULL),
(73, NULL, 1, '16112015115428_P.pdf', '2015-11-16 11:54:28', 7, NULL, NULL, '2018-09-28', '', NULL, NULL, NULL),
(74, NULL, 5, '16112015115501_SP.pdf', '2015-11-16 11:55:01', 7, NULL, NULL, '2015-12-08', 'SPN 07529', NULL, NULL, NULL),
(75, NULL, 1, '16112015115754_P.pdf', '2015-11-16 11:57:54', 7, NULL, NULL, '2022-04-15', '', NULL, NULL, NULL),
(76, NULL, 5, '16112015115826_S.pdf', '2015-11-16 11:58:26', 7, NULL, NULL, '2015-12-08', 'SPN 07529', NULL, NULL, NULL),
(77, NULL, 1, '16112015120356_P.pdf', '2015-11-16 12:03:57', 7, NULL, NULL, '2023-04-28', '', NULL, NULL, NULL),
(78, NULL, 6, '16112015120447_W.pdf', '2015-11-16 12:04:48', 7, NULL, NULL, '2016-01-28', 'SPN 07783', NULL, NULL, NULL),
(79, NULL, 1, '16112015120958_20151116101632660.pdf', '2015-11-16 12:09:59', 7, NULL, NULL, '2021-05-04', '', NULL, NULL, NULL),
(80, NULL, 5, '16112015121038_SP.pdf', '2015-11-16 12:10:38', 7, NULL, NULL, '2015-12-08', 'SPN 07539', NULL, NULL, NULL),
(81, NULL, 1, '16112015122002_P.pdf', '2015-11-16 12:20:02', 7, NULL, NULL, '2024-11-24', '', NULL, NULL, NULL),
(82, NULL, 5, '16112015122043_S.pdf', '2015-11-16 12:20:44', 7, NULL, NULL, '2015-12-28', 'SPN 07619', NULL, NULL, NULL),
(83, NULL, 1, '16112015122919_PP.pdf', '2015-11-16 12:29:19', 7, NULL, NULL, '2025-04-12', '', NULL, NULL, NULL),
(84, NULL, 5, '16112015123006_SP.pdf', '2015-11-16 12:30:07', 7, NULL, NULL, '2015-12-18', 'SPN 07744', NULL, NULL, NULL),
(85, NULL, 1, '16112015123514_PPPP.pdf', '2015-11-16 12:35:15', 7, NULL, NULL, '2021-02-13', '', NULL, NULL, NULL),
(86, NULL, 2, '16112015123556_W.pdf', '2015-11-16 12:35:56', 7, NULL, NULL, '2017-06-10', 'IM-2771-14', NULL, NULL, NULL),
(87, NULL, 1, '16112015124356_PP.pdf', '2015-11-16 12:43:56', 7, NULL, NULL, '2023-04-16', '', NULL, NULL, NULL),
(88, NULL, 5, '16112015124429_S.pdf', '2015-11-16 12:44:29', 7, NULL, NULL, '2015-12-08', 'SPN 07529', NULL, NULL, NULL),
(89, NULL, 1, '16112015124759_PP.pdf', '2015-11-16 12:47:59', 7, NULL, NULL, '2024-08-10', '', NULL, NULL, NULL),
(90, NULL, 2, '16112015124847_W.pdf', '2015-11-16 12:48:47', 7, NULL, NULL, '2016-04-24', 'IM-158-05', NULL, NULL, NULL),
(91, NULL, 2, '16112015125752_PP.pdf', '2015-11-16 12:57:52', 7, NULL, NULL, '2017-07-30', '', NULL, NULL, NULL),
(92, NULL, 2, '16112015125833_W.pdf', '2015-11-16 12:58:34', 7, NULL, NULL, '2016-04-03', 'IM-2703-08', NULL, NULL, NULL),
(93, NULL, 1, '16112015125930_PP.pdf', '2015-11-16 12:59:30', 7, NULL, NULL, '2017-07-30', '', NULL, NULL, NULL),
(94, NULL, 1, '16112015130737_PP.pdf', '2015-11-16 13:07:38', 7, NULL, NULL, '2019-12-15', '', NULL, NULL, NULL),
(95, NULL, 5, '16112015130814_20151116111428140.pdf', '2015-11-16 13:08:14', 7, NULL, NULL, '2015-12-08', 'SPN 07529', NULL, NULL, NULL),
(96, NULL, 1, '16112015131157_PP.pdf', '2015-11-16 13:11:57', 7, NULL, NULL, '2024-10-19', '', NULL, NULL, NULL),
(97, NULL, 5, '16112015131233_SP.pdf', '2015-11-16 13:12:33', 7, NULL, NULL, '2015-12-08', 'SPN 07529', NULL, NULL, NULL),
(98, NULL, 1, '16112015131559_PP.pdf', '2015-11-16 13:15:59', 7, NULL, NULL, '2021-02-08', '', NULL, NULL, NULL),
(99, NULL, 5, '16112015131634_SP.pdf', '2015-11-16 13:16:34', 7, NULL, NULL, '2015-12-08', 'SPN 07529', NULL, NULL, NULL),
(100, NULL, 1, '16112015131946_PP.pdf', '2015-11-16 13:19:47', 7, NULL, NULL, '2020-04-11', '', NULL, NULL, NULL),
(101, NULL, 5, '16112015132021_SP.pdf', '2015-11-16 13:20:21', 7, NULL, NULL, '2015-12-08', 'SPN 07529', NULL, NULL, NULL),
(102, NULL, 1, '16112015132439_PP.pdf', '2015-11-16 13:24:39', 7, NULL, NULL, '2020-04-06', '', NULL, NULL, NULL),
(103, NULL, 2, '16112015132519_WP.pdf', '2015-11-16 13:25:19', 7, NULL, NULL, '2017-07-16', 'IM-3208-10', NULL, NULL, NULL),
(104, NULL, 1, '16112015132831_PP.pdf', '2015-11-16 13:28:32', 7, NULL, NULL, '2022-02-21', '', NULL, NULL, NULL),
(105, NULL, 2, '16112015132939_WP.pdf', '2015-11-16 13:29:40', 7, NULL, NULL, '2016-11-18', 'IM-2825-03', NULL, NULL, NULL),
(106, NULL, 1, '16112015133442_20151116114033942.pdf', '2015-11-16 13:34:43', 7, NULL, NULL, '2017-09-24', '', NULL, NULL, NULL),
(107, NULL, 20, '16112015144717_20151116125550883.pdf', '2015-11-16 14:47:17', 7, NULL, NULL, NULL, '', NULL, NULL, NULL),
(108, NULL, 18, '16112015145825_cont.pdf', '2015-11-16 14:58:26', 7, NULL, NULL, '2016-03-28', '', NULL, NULL, NULL),
(109, NULL, 20, '16112015145842_cv.pdf', '2015-11-16 14:58:43', 7, NULL, NULL, NULL, '', NULL, NULL, NULL),
(110, NULL, 18, '16112015151051_cont.pdf', '2015-11-16 15:10:51', 7, NULL, NULL, '2016-10-01', '', NULL, NULL, NULL),
(111, NULL, 20, '16112015151232_cv.pdf', '2015-11-16 15:12:33', 7, NULL, NULL, NULL, '', NULL, NULL, NULL),
(112, NULL, 21, '16112015151249_acd.pdf', '2015-11-16 15:12:49', 7, NULL, NULL, NULL, '', NULL, NULL, NULL),
(113, NULL, 1, '16112015153610_20151116134446285.pdf', '2015-11-16 15:36:10', 7, NULL, NULL, '2021-07-30', '', NULL, NULL, NULL),
(114, NULL, 20, '16112015155308_CV.pdf', '2015-11-16 15:53:09', 7, NULL, NULL, NULL, '', NULL, NULL, NULL),
(115, NULL, 21, '16112015155321_ACD.pdf', '2015-11-16 15:53:22', 7, NULL, NULL, NULL, '', NULL, NULL, NULL),
(116, NULL, 20, '16112015161143_CV.pdf', '2015-11-16 16:11:43', 7, NULL, NULL, NULL, '', NULL, NULL, NULL),
(117, NULL, 21, '16112015161153_20151116141917643.pdf', '2015-11-16 16:11:53', 7, NULL, NULL, NULL, '', NULL, NULL, NULL),
(118, NULL, 1, '16112015164257_ACD.pdf', '2015-11-16 16:42:57', 7, NULL, NULL, '2022-03-28', '', NULL, NULL, NULL),
(119, NULL, 20, '16112015164329_CV.pdf', '2015-11-16 16:43:30', 7, NULL, NULL, NULL, '', NULL, NULL, NULL),
(120, NULL, 18, '16112015164459_CTR.pdf', '2015-11-16 16:44:59', 7, NULL, NULL, '2016-04-05', '', NULL, NULL, NULL),
(121, NULL, 21, '16112015164947_20151116145800878.pdf', '2015-11-16 16:49:47', 7, NULL, NULL, NULL, '', NULL, NULL, NULL),
(122, NULL, 20, '16112015165755_20151116150638837.pdf', '2015-11-16 16:57:56', 7, NULL, NULL, NULL, '', NULL, NULL, NULL),
(123, NULL, 20, '16112015173546_CV.pdf', '2015-11-16 17:35:47', 7, NULL, NULL, NULL, '', NULL, NULL, NULL),
(124, NULL, 21, '16112015173600_ACD.pdf', '2015-11-16 17:36:01', 7, NULL, NULL, NULL, '', NULL, NULL, NULL),
(125, NULL, 20, '16112015174527_20151116155138498.pdf', '2015-11-16 17:45:28', 7, NULL, NULL, NULL, '', NULL, NULL, NULL),
(126, NULL, 21, '16112015174538_ACD.pdf', '2015-11-16 17:45:38', 7, NULL, NULL, NULL, '', NULL, NULL, NULL),
(127, NULL, 21, '16112015180213_acd.pdf', '2015-11-16 18:02:13', 7, NULL, NULL, NULL, '', NULL, NULL, NULL),
(128, NULL, 20, '16112015180223_cv.pdf', '2015-11-16 18:02:24', 7, NULL, NULL, NULL, '', NULL, NULL, NULL),
(129, NULL, 21, '16112015181026_20151116161631699.pdf', '2015-11-16 18:10:26', 7, NULL, NULL, NULL, '', NULL, NULL, NULL),
(130, NULL, 1, '17112015103112_20151117083021173.pdf', '2015-11-17 10:31:12', 7, NULL, NULL, '2022-10-03', '', NULL, NULL, NULL),
(131, NULL, 5, '17112015103149_20151117083021173.pdf', '2015-11-17 10:31:49', 7, NULL, NULL, '2015-12-08', 'SPN 07529', NULL, NULL, NULL),
(132, NULL, 20, '17112015103200_20151117084003517.pdf', '2015-11-17 10:32:01', 7, NULL, NULL, NULL, '', NULL, NULL, NULL),
(133, NULL, 5, '17112015103449_PP.pdf', '2015-11-17 10:34:49', 7, NULL, NULL, '2015-12-08', 'SPN 07529', NULL, NULL, NULL),
(134, NULL, 1, '17112015103525_PP.pdf', '2015-11-17 10:35:26', 7, NULL, NULL, '2022-10-03', '', NULL, NULL, NULL),
(135, NULL, 20, '17112015104835_CV.pdf', '2015-11-17 10:48:36', 7, NULL, NULL, NULL, '', NULL, NULL, NULL),
(136, NULL, 21, '17112015104844_ACD.pdf', '2015-11-17 10:48:45', 7, NULL, NULL, NULL, '', NULL, NULL, NULL),
(137, NULL, 20, '17112015105418_20151117090220186.pdf', '2015-11-17 10:54:19', 7, NULL, NULL, NULL, '', NULL, NULL, NULL),
(138, NULL, 18, '17112015110508_CV.pdf', '2015-11-17 11:05:09', 7, NULL, NULL, '2017-05-01', '', NULL, NULL, NULL),
(139, NULL, 20, '17112015110520_CV.pdf', '2015-11-17 11:05:21', 7, NULL, NULL, NULL, '', NULL, NULL, NULL),
(140, NULL, 18, '17112015110547_CONT.pdf', '2015-11-17 11:05:47', 7, NULL, NULL, '2017-05-01', '', NULL, NULL, NULL),
(141, NULL, 20, '17112015111446_CV.pdf', '2015-11-17 11:14:47', 7, NULL, NULL, NULL, '', NULL, NULL, NULL),
(142, NULL, 21, '17112015111455_ACDD.pdf', '2015-11-17 11:14:55', 7, NULL, NULL, NULL, '', NULL, NULL, NULL),
(143, NULL, 20, '17112015113617_cv.pdf', '2015-11-17 11:36:17', 7, NULL, NULL, NULL, '', NULL, NULL, NULL),
(144, NULL, 21, '17112015113628_20151117094210113.pdf', '2015-11-17 11:36:28', 7, NULL, NULL, NULL, '', NULL, NULL, NULL),
(145, NULL, 20, '17112015115514_cv.pdf', '2015-11-17 11:55:14', 7, NULL, NULL, NULL, '', NULL, NULL, NULL),
(146, NULL, 21, '17112015115523_20151117100234974.pdf', '2015-11-17 11:55:23', 7, NULL, NULL, NULL, '', NULL, NULL, NULL),
(147, NULL, 1, '17112015115853_20151117100729974.pdf', '2015-11-17 11:58:54', 7, NULL, NULL, '2021-07-26', '', NULL, NULL, NULL),
(148, NULL, 20, '17112015121500_20151117101658589.pdf', '2015-11-17 12:15:00', 7, NULL, NULL, NULL, '', NULL, NULL, NULL),
(149, NULL, 21, '17112015121510_acd.pdf', '2015-11-17 12:15:10', 7, NULL, NULL, NULL, '', NULL, NULL, NULL),
(150, NULL, 1, '17112015122414_20151117102858878.pdf', '2015-11-17 12:24:14', 7, NULL, NULL, '2020-06-15', '', NULL, NULL, NULL),
(151, NULL, 1, '17112015122512_20151117103204634.pdf', '2015-11-17 12:25:12', 7, NULL, NULL, '2020-06-15', '', NULL, NULL, NULL),
(152, NULL, 20, '17112015123009_n.pdf', '2015-11-17 12:30:10', 7, NULL, NULL, NULL, '', NULL, NULL, NULL),
(153, NULL, 1, '17112015124809_PP.pdf', '2015-11-17 12:48:10', 7, NULL, NULL, '2022-09-04', '', NULL, NULL, NULL),
(154, NULL, 20, '17112015124818_c.pdf', '2015-11-17 12:48:19', 7, NULL, NULL, NULL, '', NULL, NULL, NULL),
(155, NULL, 20, '17112015125431_c.pdf', '2015-11-17 12:54:32', 7, NULL, NULL, NULL, '', NULL, NULL, NULL),
(156, NULL, 21, '17112015130204_academic.pdf', '2015-11-17 13:02:04', 7, NULL, NULL, NULL, '', NULL, NULL, NULL),
(157, NULL, 1, '17112015130902_pp.pdf', '2015-11-17 13:09:03', 7, NULL, NULL, '2021-10-23', '', NULL, NULL, NULL),
(158, NULL, 21, '17112015130928_20151117111701494.pdf', '2015-11-17 13:09:29', 7, NULL, NULL, NULL, '', NULL, NULL, NULL),
(159, NULL, 20, '17112015132314_CV.pdf', '2015-11-17 13:23:15', 7, NULL, NULL, NULL, '', NULL, NULL, NULL),
(160, NULL, 21, '17112015132324_AC.pdf', '2015-11-17 13:23:24', 7, NULL, NULL, NULL, '', NULL, NULL, NULL),
(161, NULL, 1, '17112015144518_pp.pdf', '2015-11-17 14:45:18', 7, NULL, NULL, '2016-11-01', '', NULL, NULL, NULL),
(162, NULL, 1, '17112015145219_20151117130043147.pdf', '2015-11-17 14:52:20', 7, NULL, NULL, '2025-01-26', '', NULL, NULL, NULL),
(163, NULL, 1, '17112015145721_G.pdf', '2015-11-17 14:57:21', 7, NULL, NULL, '2024-12-13', '', NULL, NULL, NULL),
(164, NULL, 1, '17112015145830_TH.pdf', '2015-11-17 14:58:30', 7, NULL, NULL, '2025-01-26', '', NULL, NULL, NULL),
(165, NULL, 1, '17112015150316_pp.pdf', '2015-11-17 15:03:16', 7, NULL, NULL, '2025-01-10', '', NULL, NULL, NULL),
(166, NULL, 1, '17112015150431_20151117131135938.pdf', '2015-11-17 15:04:32', 7, NULL, NULL, '2024-10-12', '', NULL, NULL, NULL),
(167, NULL, 1, '17112015151009_PP ARUNA.pdf', '2015-11-17 15:10:09', 7, NULL, NULL, '2021-06-15', '', NULL, NULL, NULL),
(168, NULL, 1, '17112015151128_PP.pdf', '2015-11-17 15:11:29', 7, NULL, NULL, '2021-10-24', '', NULL, NULL, NULL),
(169, NULL, 6, '17112015151313_SP.pdf', '2015-11-17 15:13:14', 7, NULL, NULL, '2015-11-23', 'SPN07576 FINAL', NULL, NULL, NULL),
(170, NULL, 1, '17112015151805_P.pdf', '2015-11-17 15:18:05', 7, NULL, NULL, '2023-04-26', '', NULL, NULL, NULL),
(171, NULL, 6, '17112015151848_SP.pdf', '2015-11-17 15:18:49', 7, NULL, NULL, '2015-11-23', 'SPN 07520', NULL, NULL, NULL),
(172, NULL, 1, '17112015152316_PP.pdf', '2015-11-17 15:23:17', 7, NULL, NULL, '2021-05-26', '', NULL, NULL, NULL),
(173, NULL, 2, '17112015152410_WP.pdf', '2015-11-17 15:24:11', 7, NULL, NULL, '2016-03-11', 'IM-1087-12', NULL, NULL, NULL),
(174, NULL, 1, '17112015152816_20151117133526590.pdf', '2015-11-17 15:28:17', 7, NULL, NULL, '2020-11-25', '', NULL, NULL, NULL),
(175, NULL, 2, '17112015152857_wp.pdf', '2015-11-17 15:28:58', 7, NULL, NULL, '2017-02-18', 'IM-730-08', NULL, NULL, NULL),
(176, NULL, 1, '17112015153900_PP.pdf', '2015-11-17 15:39:01', 7, NULL, NULL, '2017-07-12', '', NULL, NULL, NULL),
(177, NULL, 2, '17112015153952_WP.pdf', '2015-11-17 15:39:53', 7, NULL, NULL, '2016-07-07', 'IM-3102-12', NULL, NULL, NULL),
(178, NULL, 1, '17112015154926_D.pdf', '2015-11-17 15:49:27', 7, NULL, NULL, '2018-02-25', '', NULL, NULL, NULL),
(179, NULL, 2, '17112015155014_W.pdf', '2015-11-17 15:50:15', 7, NULL, NULL, '2016-01-06', 'IM-6317-13', NULL, NULL, NULL),
(180, NULL, 1, '17112015161451_PP NAIR.pdf', '2015-11-17 16:14:52', 7, NULL, NULL, '2020-01-07', '', NULL, NULL, NULL),
(181, NULL, 2, '17112015161534_WP NAIR.pdf', '2015-11-17 16:15:35', 7, NULL, NULL, '2016-05-13', 'IM-1887-12', NULL, NULL, NULL),
(182, NULL, 1, '17112015161705_PP MOH ASIF.pdf', '2015-11-17 16:17:05', 7, NULL, NULL, '2022-07-15', '', NULL, NULL, NULL),
(183, NULL, 5, '17112015161953_20151117142804405.pdf', '2015-11-17 16:19:54', 7, NULL, NULL, '2015-12-22', 'SPN 07540', NULL, NULL, NULL),
(184, NULL, 1, '17112015163044_PP MOY.pdf', '2015-11-17 16:30:44', 7, NULL, NULL, '2019-08-30', '', NULL, NULL, NULL),
(185, NULL, 2, '17112015163129_MOMAYA WP.pdf', '2015-11-17 16:31:30', 7, NULL, NULL, '2016-01-02', 'IM-6037-2013', NULL, NULL, NULL),
(186, NULL, 1, '17112015163325_PP.pdf', '2015-11-17 16:33:26', 7, NULL, NULL, '2024-08-20', '', NULL, NULL, NULL),
(187, NULL, 5, '17112015163441_SP.pdf', '2015-11-17 16:34:41', 7, NULL, NULL, '2015-12-08', 'SPN 07545', NULL, NULL, NULL),
(188, NULL, 1, '17112015163943_PP IMRA.pdf', '2015-11-17 16:39:43', 7, NULL, NULL, '2020-10-19', '', NULL, NULL, NULL),
(189, NULL, 2, '17112015164031_WP IMRAN.pdf', '2015-11-17 16:40:32', 7, NULL, NULL, '2016-02-25', 'IM-853-12', NULL, NULL, NULL),
(190, NULL, 1, '17112015164242_PP.pdf', '2015-11-17 16:42:42', 7, NULL, NULL, '2025-07-12', '', NULL, NULL, NULL),
(191, NULL, 2, '17112015164326_20151117144537216.pdf', '2015-11-17 16:43:27', 7, NULL, NULL, '2017-01-07', 'IM-171-99', NULL, NULL, NULL),
(192, NULL, 1, '17112015165119_PP KR.pdf', '2015-11-17 16:51:20', 7, NULL, NULL, '2020-01-04', '', NULL, NULL, NULL),
(193, NULL, 2, '17112015165216_WP KRI.pdf', '2015-11-17 16:52:17', 7, NULL, NULL, '2017-02-17', 'IM-1428-08', NULL, NULL, NULL),
(194, NULL, 1, '17112015165331_20151117145719156.pdf', '2015-11-17 16:53:32', 7, NULL, NULL, '2020-09-27', '', NULL, NULL, NULL),
(195, NULL, 5, '17112015165555_SP THOPPIC.pdf', '2015-11-17 16:55:56', 7, NULL, NULL, '2016-01-05', 'SPN 07659', NULL, NULL, NULL),
(196, NULL, 1, '17112015170606_PPPPPPATEL.pdf', '2015-11-17 17:06:06', 7, NULL, NULL, '2024-12-11', '', NULL, NULL, NULL),
(197, NULL, 5, '17112015170648_SPATEL.pdf', '2015-11-17 17:06:48', 7, NULL, NULL, '2015-12-25', 'SPN 07610', NULL, NULL, NULL),
(198, NULL, 1, '17112015170855_PPDASS.pdf', '2015-11-17 17:08:56', 7, NULL, NULL, '2018-10-14', '', NULL, NULL, NULL),
(199, NULL, 2, '17112015170957_WPDASASSSSS.pdf', '2015-11-17 17:09:58', 7, NULL, NULL, '2016-04-07', 'IM-1306-12', NULL, NULL, NULL),
(200, NULL, 1, '17112015171618_PP.pdf', '2015-11-17 17:16:19', 7, NULL, NULL, '2022-07-15', '', NULL, NULL, NULL),
(201, NULL, 2, '17112015171740_WP.pdf', '2015-11-17 17:17:40', 7, NULL, NULL, '2016-03-11', 'IM-1086-12', NULL, NULL, NULL),
(202, NULL, 1, '17112015171955_PPPPPPPPPPPPPPPPPPPPPPPPPP.pdf', '2015-11-17 17:19:56', 7, NULL, NULL, '2020-04-27', '', NULL, NULL, NULL),
(203, NULL, 2, '17112015172053_20151117152118699.pdf', '2015-11-17 17:20:54', 7, NULL, NULL, '2016-10-07', 'IM-5011-14', NULL, NULL, NULL),
(204, NULL, 1, '17112015172935_PP.pdf', '2015-11-17 17:29:35', 7, NULL, NULL, '2024-06-03', '', NULL, NULL, NULL),
(205, NULL, 2, '17112015173025_WP.pdf', '2015-11-17 17:30:26', 7, NULL, NULL, '2017-02-15', 'IM-3527-08', NULL, NULL, NULL),
(206, NULL, 1, '17112015173143_20151117153556312.pdf', '2015-11-17 17:31:44', 7, NULL, NULL, '2025-05-13', '', NULL, NULL, NULL),
(207, NULL, 2, '17112015173259_WPAUDESH.pdf', '2015-11-17 17:32:59', 7, NULL, NULL, '2016-10-12', 'IM-6113-12', NULL, NULL, NULL),
(208, NULL, 1, '17112015173801_PP.pdf', '2015-11-17 17:38:02', 7, NULL, NULL, '2020-09-06', '', NULL, NULL, NULL),
(209, NULL, 2, '17112015173925_WP.pdf', '2015-11-17 17:39:25', 7, NULL, NULL, '2016-02-13', 'IM-1305-12', NULL, NULL, NULL),
(210, NULL, 1, '17112015174223_20151117154357759.pdf', '2015-11-17 17:42:24', 7, NULL, NULL, '2018-09-10', '', NULL, NULL, NULL),
(211, NULL, 2, '17112015174344_WPPRITAM.pdf', '2015-11-17 17:43:45', 7, NULL, NULL, '2017-07-14', 'IM-4513-09', NULL, NULL, NULL),
(212, NULL, 1, '17112015174816_PRI.pdf', '2015-11-17 17:48:17', 7, NULL, NULL, '2018-09-10', '', NULL, NULL, NULL),
(213, NULL, 1, '17112015175018_PP.pdf', '2015-11-17 17:50:19', 7, NULL, NULL, '2025-07-02', '', NULL, NULL, NULL),
(214, NULL, 2, '17112015175241_WP.pdf', '2015-11-17 17:52:42', 7, NULL, NULL, '2015-12-11', 'IM-5918-13', NULL, NULL, NULL),
(215, NULL, 1, '18112015103145_pp-raza.pdf', '2015-11-18 10:31:45', 7, NULL, NULL, '2017-07-17', '', NULL, NULL, NULL),
(216, NULL, 2, '18112015103244_im-raza.pdf', '2015-11-18 10:32:45', 7, NULL, NULL, '2016-06-15', 'IM-4830-08', NULL, NULL, NULL),
(217, NULL, 1, '18112015103446_pp-zaki.pdf', '2015-11-18 10:34:46', 7, NULL, NULL, '2019-04-26', '', NULL, NULL, NULL),
(218, NULL, 2, '18112015103542_im-zaki.pdf', '2015-11-18 10:35:42', 7, NULL, NULL, '2016-06-11', 'IM-1644-03', NULL, NULL, NULL),
(219, NULL, 1, '18112015104027_pp-ismail.pdf', '2015-11-18 10:40:28', 7, NULL, NULL, '2021-10-18', '', NULL, NULL, NULL),
(220, NULL, 2, '18112015104116_im-ismail.pdf', '2015-11-18 10:41:16', 7, NULL, NULL, '2016-10-13', 'IM-3248-09', NULL, NULL, NULL),
(221, NULL, 1, '18112015104510_pp-suman.pdf', '2015-11-18 10:45:10', 7, NULL, NULL, '2023-08-29', '', NULL, NULL, NULL),
(222, NULL, 2, '18112015104558_im-suman.pdf', '2015-11-18 10:45:58', 7, NULL, NULL, '2016-01-06', 'IM-6313-13', NULL, NULL, NULL),
(223, NULL, 1, '18112015104808_pp-nayak.pdf', '2015-11-18 10:48:09', 7, NULL, NULL, '2021-11-17', '', NULL, NULL, NULL),
(224, NULL, 1, '18112015104951_pp-pamu.pdf', '2015-11-18 10:49:52', 7, NULL, NULL, '2016-08-03', '', NULL, NULL, NULL),
(225, NULL, 2, '18112015105040_im-pamu.pdf', '2015-11-18 10:50:41', 7, NULL, NULL, '2018-02-19', 'IM-812-10', NULL, NULL, NULL),
(226, NULL, 1, '18112015105228_p-paul.pdf', '2015-11-18 10:52:29', 7, NULL, NULL, '2021-05-22', '', NULL, NULL, NULL),
(227, NULL, 5, '18112015105346_sp-paul.pdf', '2015-11-18 10:53:47', 7, NULL, NULL, '2015-12-17', 'SPN 07583', NULL, NULL, NULL),
(228, NULL, 1, '18112015111329_nnepal.pdf', '2015-11-18 11:13:29', 7, NULL, NULL, '2023-10-05', '', NULL, NULL, NULL),
(229, NULL, 1, '18112015111453_pp-jafar.pdf', '2015-11-18 11:14:53', 7, NULL, NULL, '2020-01-07', '', NULL, NULL, NULL),
(230, NULL, 2, '18112015111540_im-jafar.pdf', '2015-11-18 11:15:40', 7, NULL, NULL, '2016-11-10', 'IM-5826-12', NULL, NULL, NULL),
(231, NULL, 1, '18112015111854_pp-anwar.pdf', '2015-11-18 11:18:54', 7, NULL, NULL, '2022-07-30', '', NULL, NULL, NULL),
(232, NULL, 2, '18112015112014_im-anwar.pdf', '2015-11-18 11:20:15', 7, NULL, NULL, '2017-02-05', 'IM-212-08', NULL, NULL, NULL),
(233, NULL, 1, '18112015112206_pp-subra.pdf', '2015-11-18 11:22:06', 7, NULL, NULL, '2016-07-06', '', NULL, NULL, NULL),
(234, NULL, 2, '18112015112250_im-subra.pdf', '2015-11-18 11:22:51', 7, NULL, NULL, '2016-05-22', 'IM-4833-08', NULL, NULL, NULL),
(235, NULL, 1, '18112015114441_pp-aamir.pdf', '2015-11-18 11:44:41', 7, NULL, NULL, '2024-02-09', '', NULL, NULL, NULL),
(236, NULL, 1, '18112015114633_pp-amogh.pdf', '2015-11-18 11:46:33', 7, NULL, NULL, '2020-05-31', '', NULL, NULL, NULL),
(237, NULL, 2, '18112015114738_im-amogh.pdf', '2015-11-18 11:47:39', 7, NULL, NULL, '2016-01-21', 'IM-440-12', NULL, NULL, NULL),
(238, NULL, 1, '18112015115043_pp-gava.pdf', '2015-11-18 11:50:43', 7, NULL, NULL, '2022-06-07', '', NULL, NULL, NULL),
(239, NULL, 2, '18112015115132_im-gava.pdf', '2015-11-18 11:51:32', 7, NULL, NULL, '2016-11-10', 'IM-5608-13', NULL, NULL, NULL),
(240, NULL, 1, '18112015115338_pppatel.pdf', '2015-11-18 11:53:39', 7, NULL, NULL, '2019-07-07', '', NULL, NULL, NULL),
(241, NULL, 6, '18112015115447_sp---patel.pdf', '2015-11-18 11:54:47', 7, NULL, NULL, '2015-12-08', 'SPN 07545', NULL, NULL, NULL),
(242, NULL, 1, '18112015115639_pp-thakar.pdf', '2015-11-18 11:56:40', 7, NULL, NULL, '2024-08-04', '', NULL, NULL, NULL),
(243, NULL, 2, '18112015115752_im-thakar.pdf', '2015-11-18 11:57:52', 7, NULL, NULL, '2016-12-01', 'IM-1444-03', NULL, NULL, NULL),
(244, NULL, 1, '18112015115941_pp-atul.pdf', '2015-11-18 11:59:42', 7, NULL, NULL, '2025-04-26', '', NULL, NULL, NULL),
(245, NULL, 2, '18112015120037_im-atul.pdf', '2015-11-18 12:00:37', 7, NULL, NULL, '2016-10-07', 'IM-IM-5603-10', NULL, NULL, NULL),
(246, NULL, 1, '18112015120237_pp-moy.pdf', '2015-11-18 12:02:38', 7, NULL, NULL, '2022-05-07', '', NULL, NULL, NULL),
(247, NULL, 5, '18112015120407_sp-m0y.pdf', '2015-11-18 12:04:07', 7, NULL, NULL, '2016-01-18', 'SPN 07743', NULL, NULL, NULL),
(248, NULL, 1, '18112015120548_pp-ali.pdf', '2015-11-18 12:05:49', 7, NULL, NULL, '2021-01-18', '', NULL, NULL, NULL),
(249, NULL, 2, '18112015120635_im-ali.pdf', '2015-11-18 12:06:36', 7, NULL, NULL, '2016-06-16', 'IM-2813-14', NULL, NULL, NULL),
(250, NULL, 1, '18112015123830_pp-asuk-1.pdf', '2015-11-18 12:38:30', 7, NULL, NULL, '2024-09-23', '', NULL, NULL, NULL),
(251, NULL, 5, '18112015123919_sp-ashuk.pdf', '2015-11-18 12:39:20', 7, NULL, NULL, '2016-02-10', 'SPN 07790', NULL, NULL, NULL),
(252, NULL, 1, '18112015124720_pp-gyan.pdf', '2015-11-18 12:47:21', 7, NULL, NULL, '2024-08-13', '', NULL, NULL, NULL),
(253, NULL, 5, '18112015124803_sp-gyan.pdf', '2015-11-18 12:48:03', 7, NULL, NULL, '2016-02-10', 'SPN 07796', NULL, NULL, NULL),
(254, NULL, 1, '18112015125047_pp----patel.pdf', '2015-11-18 12:50:48', 7, NULL, NULL, '2024-09-08', '', NULL, NULL, NULL),
(255, NULL, 5, '18112015125138_sp-----patel.pdf', '2015-11-18 12:51:38', 7, NULL, NULL, '2016-02-13', 'SPN 07783', NULL, NULL, NULL),
(256, NULL, 1, '18112015125306_pp-priyar.pdf', '2015-11-18 12:53:06', 7, NULL, NULL, '2024-04-29', '', NULL, NULL, NULL),
(257, NULL, 2, '18112015125440_sp-priyar.pdf', '2015-11-18 12:54:41', 7, NULL, NULL, '2017-02-19', 'IM-6217-12', NULL, NULL, NULL),
(258, NULL, 1, '18112015125739_pp-soma.pdf', '2015-11-18 12:57:40', 7, NULL, NULL, '2025-04-18', '', NULL, NULL, NULL),
(259, NULL, 5, '18112015125842_sp-soma.pdf', '2015-11-18 12:58:42', 7, NULL, NULL, '2015-12-08', 'SPN 07540', NULL, NULL, NULL),
(260, NULL, 1, '18112015130023_pp-zia.pdf', '2015-11-18 13:00:23', 7, NULL, NULL, '2024-06-02', '', NULL, NULL, NULL),
(261, NULL, 5, '18112015130124_sp-zia.pdf', '2015-11-18 13:01:25', 7, NULL, NULL, '2016-01-09', 'SPN 07740', NULL, NULL, NULL),
(262, NULL, 1, '18112015130311_pp-raga.pdf', '2015-11-18 13:03:12', 7, NULL, NULL, '2018-05-08', '', NULL, NULL, NULL),
(263, NULL, 2, '18112015130358_im-raga.pdf', '2015-11-18 13:03:59', 7, NULL, NULL, '2016-02-25', 'IM-4827-08', NULL, NULL, NULL),
(264, NULL, 1, '18112015130547_pp-samuel.pdf', '2015-11-18 13:05:47', 7, NULL, NULL, '2020-12-22', '', NULL, NULL, NULL),
(265, NULL, 2, '18112015130703_im-samuel.pdf', '2015-11-18 13:07:03', 7, NULL, NULL, '2016-11-11', 'IM-2279-02', NULL, NULL, NULL),
(266, NULL, 1, '18112015130822_pp akabr.pdf', '2015-11-18 13:08:23', 7, NULL, NULL, '2023-01-29', '', NULL, NULL, NULL),
(267, NULL, 5, '18112015130917_sp-akbar.pdf', '2015-11-18 13:09:17', 7, NULL, NULL, '2015-12-07', 'SPN 07570', NULL, NULL, NULL),
(268, NULL, 1, '18112015131041_pp-chop.pdf', '2015-11-18 13:10:41', 7, NULL, NULL, '2025-03-29', '', NULL, NULL, NULL),
(269, NULL, 6, '18112015131306_sp-ch0p.pdf', '2015-11-18 13:13:06', 7, NULL, NULL, '2016-01-15', 'SPN 07644', NULL, NULL, NULL),
(270, NULL, 2, '18112015131634_20151118112523954.pdf', '2015-11-18 13:16:34', 7, NULL, NULL, '2017-02-19', 'IM-6217-12', NULL, NULL, NULL),
(271, NULL, 1, '18112015144847_pp---npl.pdf', '2015-11-18 14:48:48', 7, NULL, NULL, '2024-01-22', '', NULL, NULL, NULL),
(272, NULL, 1, '18112015145005_pp---subu.pdf', '2015-11-18 14:50:06', 7, NULL, NULL, '2022-11-04', '', NULL, NULL, NULL),
(273, NULL, 2, '18112015145100_im--subu.pdf', '2015-11-18 14:51:00', 7, NULL, NULL, '2016-10-14', 'IM-1360-06', NULL, NULL, NULL),
(274, NULL, 1, '18112015145212_pp----far0.pdf', '2015-11-18 14:52:12', 7, NULL, NULL, '2022-01-02', '', NULL, NULL, NULL),
(275, NULL, 2, '18112015145259_im----far0.pdf', '2015-11-18 14:52:59', 7, NULL, NULL, '2017-12-08', 'IM-6041-14', NULL, NULL, NULL),
(276, NULL, 1, '18112015145442_pp--siva.pdf', '2015-11-18 14:54:43', 7, NULL, NULL, '2019-11-11', '', NULL, NULL, NULL),
(277, NULL, 2, '18112015145543_im-siva.pdf', '2015-11-18 14:55:44', 7, NULL, NULL, '2016-02-25', 'IM-1081-98', NULL, NULL, NULL),
(278, NULL, 1, '18112015145715_pp-ukani.pdf', '2015-11-18 14:57:16', 7, NULL, NULL, '2023-02-05', '', NULL, NULL, NULL),
(279, NULL, 2, '18112015145749_im--ukani.pdf', '2015-11-18 14:57:50', 7, NULL, NULL, '2016-06-01', 'IM-1467-09', NULL, NULL, NULL),
(280, NULL, 1, '18112015145947_pp-malani.pdf', '2015-11-18 14:59:47', 7, NULL, NULL, '2021-02-28', '', NULL, NULL, NULL),
(281, NULL, 2, '18112015150034_im--milani.pdf', '2015-11-18 15:00:35', 7, NULL, NULL, '2016-10-13', 'IM-5767-09', NULL, NULL, NULL),
(282, NULL, 1, '18112015150151_sp--s0w.pdf', '2015-11-18 15:01:52', 7, NULL, NULL, '2019-09-24', '', NULL, NULL, NULL),
(283, NULL, 2, '18112015150329_sp--s0w.pdf', '2015-11-18 15:03:30', 7, NULL, NULL, '2017-02-15', 'IM-852-04', NULL, NULL, NULL),
(284, NULL, 1, '18112015150512_pp-s0w.pdf', '2015-11-18 15:05:12', 7, NULL, NULL, '2019-09-24', '', NULL, NULL, NULL),
(285, NULL, 1, '18112015150628_pp-jain.pdf', '2015-11-18 15:06:28', 7, NULL, NULL, '2022-05-03', '', NULL, NULL, NULL),
(286, NULL, 5, '18112015150719_sp--jain.pdf', '2015-11-18 15:07:20', 7, NULL, NULL, '2015-12-08', 'SPN 07530', NULL, NULL, NULL),
(287, NULL, 1, '18112015150853_pp-victory.pdf', '2015-11-18 15:08:54', 7, NULL, NULL, '2020-06-15', '', NULL, NULL, NULL),
(288, NULL, 2, '18112015150944_im--victory.pdf', '2015-11-18 15:09:44', 7, NULL, NULL, '2016-02-25', 'IM-6635-10', NULL, NULL, NULL),
(289, NULL, 1, '18112015151143_pp-j0sh.pdf', '2015-11-18 15:11:43', 7, NULL, NULL, '2023-11-21', '', NULL, NULL, NULL),
(290, NULL, 2, '18112015151242_im--j0shi.pdf', '2015-11-18 15:12:43', 7, NULL, NULL, '2016-10-12', 'IM-4506-09', NULL, NULL, NULL),
(291, NULL, 1, '18112015152754_pp-yogesh.pdf', '2015-11-18 15:27:54', 7, NULL, NULL, '2019-07-07', '', NULL, NULL, NULL),
(292, NULL, 2, '18112015152843_im-yogesh.pdf', '2015-11-18 15:28:44', 7, NULL, NULL, '2017-12-07', 'IM-6039-14', NULL, NULL, NULL),
(293, NULL, 1, '18112015153034_pp-kazim.pdf', '2015-11-18 15:30:35', 7, NULL, NULL, '2022-07-11', '', NULL, NULL, NULL),
(294, NULL, 6, '18112015153322_20151118134122737.pdf', '2015-11-18 15:33:23', 7, NULL, NULL, '2016-01-08', 'SPN 07743', NULL, NULL, NULL),
(295, NULL, 1, '18112015153445_pp-gupta.pdf', '2015-11-18 15:34:45', 7, NULL, NULL, '2016-05-07', '', NULL, NULL, NULL),
(296, NULL, 2, '18112015153709_20151118134553643.pdf', '2015-11-18 15:37:09', 7, NULL, NULL, '2016-08-02', 'IM-4072-06', NULL, NULL, NULL),
(297, NULL, 1, '18112015155447_pp-suna.pdf', '2015-11-18 15:54:48', 7, NULL, NULL, '2024-01-22', '', NULL, NULL, NULL),
(298, NULL, 1, '18112015155715_pp-cheteri.pdf', '2015-11-18 15:57:15', 7, NULL, NULL, '2024-07-07', '', NULL, NULL, NULL),
(299, NULL, 1, '18112015155824_pp-jaiswal.pdf', '2015-11-18 15:58:25', 7, NULL, NULL, '2025-07-20', '', NULL, NULL, NULL),
(300, NULL, 5, '18112015155910_sp-jaiswal.pdf', '2015-11-18 15:59:10', 7, NULL, NULL, '2015-12-23', 'SPN 07610', NULL, NULL, NULL),
(301, NULL, 1, '18112015160039_pp-jangat.pdf', '2015-11-18 16:00:40', 7, NULL, NULL, '2024-03-10', '', NULL, NULL, NULL),
(302, NULL, 5, '18112015160138_sp-jangat.pdf', '2015-11-18 16:01:39', 7, NULL, NULL, '2016-02-02', 'SPN 07754', NULL, NULL, NULL),
(303, NULL, 1, '18112015160303_pp-surendra.pdf', '2015-11-18 16:03:04', 7, NULL, NULL, '2024-04-08', '', NULL, NULL, NULL),
(304, NULL, 2, '18112015160408_im-surendra.pdf', '2015-11-18 16:04:08', 7, NULL, NULL, '2016-06-01', 'IM-334-10', NULL, NULL, NULL),
(305, NULL, 1, '18112015160517_pp-julie.pdf', '2015-11-18 16:05:17', 7, NULL, NULL, '2020-09-13', '', NULL, NULL, NULL),
(306, NULL, 6, '18112015160622_sp-julie.pdf', '2015-11-18 16:06:23', 7, NULL, NULL, '2015-12-29', 'SPN 07669', NULL, NULL, NULL),
(307, NULL, 1, '18112015160743_pp-rangana.pdf', '2015-11-18 16:07:44', 7, NULL, NULL, '2022-12-10', '', NULL, NULL, NULL),
(308, NULL, 2, '18112015160923_im--rangana.pdf', '2015-11-18 16:09:23', 7, NULL, NULL, '2017-08-07', 'IM-3888-14', NULL, NULL, NULL),
(309, NULL, 1, '18112015161048_pp-bakul.pdf', '2015-11-18 16:10:49', 7, NULL, NULL, '2022-02-12', '', NULL, NULL, NULL),
(310, NULL, 2, '18112015161152_im-bakul.pdf', '2015-11-18 16:11:53', 7, NULL, NULL, '2016-01-06', 'IM-6290-13', NULL, NULL, NULL),
(311, NULL, 1, '18112015161303_pp-ray.pdf', '2015-11-18 16:13:04', 7, NULL, NULL, '2020-11-24', '', NULL, NULL, NULL),
(312, NULL, 2, '18112015161357_im-ray.pdf', '2015-11-18 16:13:57', 7, NULL, NULL, '2017-09-25', 'IM-4224-14', NULL, NULL, NULL),
(313, NULL, 1, '18112015161458_pp-tarun.pdf', '2015-11-18 16:14:59', 7, NULL, NULL, '2022-05-24', '', NULL, NULL, NULL),
(314, NULL, 2, '18112015161549_im-tarun.pdf', '2015-11-18 16:15:50', 7, NULL, NULL, '2016-06-15', 'IM-2829-14', NULL, NULL, NULL),
(315, NULL, 1, '18112015165526_pp-bisnu.pdf', '2015-11-18 16:55:27', 7, NULL, NULL, '2024-09-25', '', NULL, NULL, NULL),
(316, NULL, 5, '18112015165619_sp-bisun.pdf', '2015-11-18 16:56:20', 7, NULL, NULL, '2015-12-08', 'SPN 07610', NULL, NULL, NULL),
(317, NULL, 1, '18112015165833_pp-paudel.pdf', '2015-11-18 16:58:33', 7, NULL, NULL, '2022-12-05', '', NULL, NULL, NULL),
(318, NULL, 5, '18112015165918_sp-paudel.pdf', '2015-11-18 16:59:18', 7, NULL, NULL, '2015-12-24', 'SPN 07610', NULL, NULL, NULL),
(319, NULL, 1, '18112015170234_pp-arun.pdf', '2015-11-18 17:02:34', 7, NULL, NULL, '2022-04-02', '', NULL, NULL, NULL),
(320, NULL, 2, '18112015170310_im-arun.pdf', '2015-11-18 17:03:11', 7, NULL, NULL, '2016-12-02', 'IM-5705-14', NULL, NULL, NULL),
(321, NULL, 1, '18112015170632_pp-alka.pdf', '2015-11-18 17:06:32', 7, NULL, NULL, '2021-05-05', '', NULL, NULL, NULL),
(322, NULL, 2, '18112015170711_im-alka.pdf', '2015-11-18 17:07:12', 7, NULL, NULL, '2017-02-17', 'IM-442-12', NULL, NULL, NULL),
(323, NULL, 1, '18112015170924_pp-raymoha.pdf', '2015-11-18 17:09:25', 7, NULL, NULL, '2016-11-02', '', NULL, NULL, NULL),
(324, NULL, 2, '18112015171148_im-rqymoha.pdf', '2015-11-18 17:11:49', 7, NULL, NULL, '2016-01-19', 'SPN 07742', NULL, NULL, NULL),
(325, NULL, 5, '18112015171243_im-rqymoha.pdf', '2015-11-18 17:12:44', 7, NULL, NULL, '2016-01-19', 'SPN 07742', NULL, NULL, NULL),
(326, NULL, 1, '18112015171506_pp-rao.pdf', '2015-11-18 17:15:06', 7, NULL, NULL, '2020-05-16', '', NULL, NULL, NULL),
(327, NULL, 2, '18112015171552_im-rao.pdf', '2015-11-18 17:15:52', 7, NULL, NULL, '2016-11-10', 'IM-4415-10', NULL, NULL, NULL),
(328, NULL, 1, '18112015171746_pp-mirza.pdf', '2015-11-18 17:17:47', 7, NULL, NULL, '2018-04-14', '', NULL, NULL, NULL),
(329, NULL, 2, '18112015171816_im-mirza.pdf', '2015-11-18 17:18:16', 7, NULL, NULL, '2016-04-15', '', NULL, NULL, NULL),
(330, NULL, 1, '18112015172342_pp-mad.pdf', '2015-11-18 17:23:42', 7, NULL, NULL, '2022-04-25', '', NULL, NULL, NULL),
(331, NULL, 2, '18112015172457_im-mad.pdf', '2015-11-18 17:24:57', 7, NULL, NULL, '2017-11-10', 'IM-1316-12', NULL, NULL, NULL),
(332, NULL, 1, '18112015172626_pp-gupta.pdf', '2015-11-18 17:26:26', 7, NULL, NULL, '2021-10-19', '', NULL, NULL, NULL),
(333, NULL, 2, '18112015172710_im-gupta.pdf', '2015-11-18 17:27:10', 7, NULL, NULL, '2017-05-12', 'IM-1311-12', NULL, NULL, NULL),
(334, NULL, 1, '18112015172826_pp-jaim.pdf', '2015-11-18 17:28:26', 7, NULL, NULL, '2024-12-03', '', NULL, NULL, NULL),
(335, NULL, 2, '18112015172914_im-jaim.pdf', '2015-11-18 17:29:15', 7, NULL, NULL, '2016-10-12', 'IM-5913-12', NULL, NULL, NULL),
(336, NULL, 1, '18112015173215_sp-verma.pdf', '2015-11-18 17:32:16', 7, NULL, NULL, '2022-02-21', '', NULL, NULL, NULL),
(337, NULL, 5, '18112015173320_sp-verma.pdf', '2015-11-18 17:33:21', 7, NULL, NULL, '2016-02-11', 'SPN 07804', NULL, NULL, NULL),
(338, NULL, 1, '18112015173358_pp-verma.pdf', '2015-11-18 17:33:59', 7, NULL, NULL, '2022-02-21', '', NULL, NULL, NULL),
(339, NULL, 1, '18112015174815_pp-bilappp-bilap.pdf', '2015-11-18 17:48:15', 7, NULL, NULL, '2021-07-11', '', NULL, NULL, NULL),
(340, NULL, 2, '18112015174906_sp-bilap.pdf', '2015-11-18 17:49:07', 7, NULL, NULL, '2015-12-25', 'SPN 07610', NULL, NULL, NULL),
(341, NULL, 1, '18112015180432_PP DAV.pdf', '2015-11-18 18:04:33', 7, NULL, NULL, '2023-07-03', '', NULL, NULL, NULL),
(342, NULL, 2, '18112015180517_IM DA.pdf', '2015-11-18 18:05:18', 7, NULL, NULL, '2016-06-04', 'IM-931-08', NULL, NULL, NULL),
(343, NULL, 1, '18112015180706_20151118161027723.pdf', '2015-11-18 18:07:06', 7, NULL, NULL, '2020-05-18', '', NULL, NULL, NULL),
(344, NULL, 2, '18112015180742_IMMATT.pdf', '2015-11-18 18:07:42', 7, NULL, NULL, '2017-06-01', 'IM-749-11', NULL, NULL, NULL),
(345, NULL, 1, '18112015181147_PP.pdf', '2015-11-18 18:11:47', 7, NULL, NULL, '2021-04-07', '', NULL, NULL, NULL),
(346, NULL, 2, '18112015181309_IM.pdf', '2015-11-18 18:13:09', 7, NULL, NULL, '2017-07-14', 'IM-220-08', NULL, NULL, NULL),
(347, NULL, 1, '18112015181430_20151118161831013.pdf', '2015-11-18 18:14:30', 7, NULL, NULL, '2016-11-29', '', NULL, NULL, NULL),
(348, NULL, 2, '18112015181506_IIIIIIIIIIIIIIIIIIIIIIIIIIIIIIIIIM.pdf', '2015-11-18 18:15:07', 7, NULL, NULL, '2016-12-14', 'IM-6069-14', NULL, NULL, NULL),
(349, NULL, 1, '18112015181852_PP.pdf', '2015-11-18 18:18:52', 7, NULL, NULL, '2024-01-08', '', NULL, NULL, NULL),
(350, NULL, 5, '18112015181918_SP.pdf', '2015-11-18 18:19:18', 7, NULL, NULL, '2015-12-08', 'SPN 07530', NULL, NULL, NULL),
(351, NULL, 1, '18112015182052_20151118162535228.pdf', '2015-11-18 18:20:53', 7, NULL, NULL, '2025-04-28', '', NULL, NULL, NULL),
(352, NULL, 2, '18112015182137_WP.pdf', '2015-11-18 18:21:38', 7, NULL, NULL, '2017-09-25', 'IM-4224-14', NULL, NULL, NULL),
(353, NULL, 1, '18112015183200_PP.pdf', '2015-11-18 18:32:01', 7, NULL, NULL, '2018-02-03', '', NULL, NULL, NULL),
(354, NULL, 5, '18112015183236_SP.pdf', '2015-11-18 18:32:37', 7, NULL, NULL, '2016-02-11', 'SPN 07855', NULL, NULL, NULL),
(355, NULL, 1, '18112015183350_20151118163858033.pdf', '2015-11-18 18:33:51', 7, NULL, NULL, '2018-03-16', '', NULL, NULL, NULL),
(356, NULL, 6, '18112015183514_WP.pdf', '2015-11-18 18:35:15', 7, NULL, NULL, '2016-02-12', 'SPN 07808', NULL, NULL, NULL),
(357, NULL, 1, '18112015183947_PP.pdf', '2015-11-18 18:39:47', 7, NULL, NULL, '2024-03-25', '', NULL, NULL, NULL),
(358, NULL, 5, '18112015184014_SP.pdf', '2015-11-18 18:40:15', 7, NULL, NULL, '2015-12-23', 'SPN 07610', NULL, NULL, NULL),
(359, NULL, 1, '18112015184204_20151118164705191.pdf', '2015-11-18 18:42:05', 7, NULL, NULL, '2023-01-03', '', NULL, NULL, NULL),
(360, NULL, 2, '18112015184238_WP.pdf', '2015-11-18 18:42:38', 7, NULL, NULL, '2017-09-07', 'IM-4365-14', NULL, NULL, NULL),
(361, NULL, 1, '18112015184639_PP.pdf', '2015-11-18 18:46:39', 7, NULL, NULL, '2024-09-28', '', NULL, NULL, NULL),
(362, NULL, 6, '18112015184714_SP.pdf', '2015-11-18 18:47:14', 7, NULL, NULL, '2015-12-24', 'SPN 07610', NULL, NULL, NULL),
(363, NULL, 1, '18112015184822_20151118165348321.pdf', '2015-11-18 18:48:22', 7, NULL, NULL, '2015-12-22', '', NULL, NULL, NULL),
(364, NULL, 2, '18112015184907_WP.pdf', '2015-11-18 18:49:08', 7, NULL, NULL, '2017-02-24', 'IM-438-12', NULL, NULL, NULL),
(365, NULL, 1, '1911201593811_pp.pdf', '2015-11-19 09:38:12', 7, NULL, NULL, '2024-05-25', '', NULL, NULL, NULL),
(366, NULL, 1, '1911201594413_PP.pdf', '2015-11-19 09:44:14', 7, NULL, NULL, '2022-05-08', '', NULL, NULL, NULL),
(367, NULL, 1, '1911201594951_PP.pdf', '2015-11-19 09:49:52', 7, NULL, NULL, '2025-02-09', '', NULL, NULL, NULL),
(368, NULL, 5, '1911201595039_SP.pdf', '2015-11-19 09:50:40', 7, NULL, NULL, '2015-12-08', 'SPN 07539', NULL, NULL, NULL),
(369, NULL, 1, '1911201595134_20151119075140593.pdf', '2015-11-19 09:51:34', 7, NULL, NULL, '2025-02-09', '', NULL, NULL, NULL),
(370, NULL, 1, '1911201595604_PP.pdf', '2015-11-19 09:56:05', 7, NULL, NULL, '2024-06-29', '', NULL, NULL, NULL),
(371, NULL, 5, '1911201595643_SP.pdf', '2015-11-19 09:56:44', 7, NULL, NULL, '2016-02-11', 'SPN 07803', NULL, NULL, NULL),
(372, NULL, 1, '1911201595806_20151119080223721.pdf', '2015-11-19 09:58:06', 7, NULL, NULL, '2025-06-04', '', NULL, NULL, NULL),
(373, NULL, 5, '1911201595843_WP.pdf', '2015-11-19 09:58:44', 7, NULL, NULL, '2016-02-11', 'SPN 07803', NULL, NULL, NULL),
(374, NULL, 1, '19112015100258_PP.pdf', '2015-11-19 10:02:59', 7, NULL, NULL, '2022-03-18', '', NULL, NULL, NULL),
(375, NULL, 5, '19112015100331_SP.pdf', '2015-11-19 10:03:32', 7, NULL, NULL, '2016-02-11', 'SPN 07804', NULL, NULL, NULL),
(376, NULL, 1, '19112015100444_20151119080947282.pdf', '2015-11-19 10:04:44', 7, NULL, NULL, '2017-09-13', '', NULL, NULL, NULL),
(377, NULL, 2, '19112015100549_WP.pdf', '2015-11-19 10:05:49', 7, NULL, NULL, '2017-10-07', 'IM-4812-10', NULL, NULL, NULL),
(378, NULL, 1, '19112015100909_PP.pdf', '2015-11-19 10:09:10', 7, NULL, NULL, '2025-03-31', '', NULL, NULL, NULL),
(379, NULL, 5, '19112015100939_SP.pdf', '2015-11-19 10:09:39', 7, NULL, NULL, '2016-02-11', 'SPN 07803', NULL, NULL, NULL),
(380, NULL, 1, '19112015101049_20151119081620373.pdf', '2015-11-19 10:10:50', 7, NULL, NULL, '2024-12-28', '', NULL, NULL, NULL),
(381, NULL, 5, '19112015101129_WP.pdf', '2015-11-19 10:11:30', 7, NULL, NULL, '2016-02-11', 'SPN 07804', NULL, NULL, NULL),
(382, NULL, 1, '19112015102039_PP.pdf', '2015-11-19 10:20:40', 7, NULL, NULL, '2024-10-11', '', NULL, NULL, NULL),
(383, NULL, 5, '19112015102110_SP.pdf', '2015-11-19 10:21:10', 7, NULL, NULL, '2015-12-08', 'SPN 07530', NULL, NULL, NULL),
(384, NULL, 1, '19112015102320_20151119082701792.pdf', '2015-11-19 10:23:21', 7, NULL, NULL, '2021-05-26', '', NULL, NULL, NULL),
(385, NULL, 1, '19112015102638_20151119083422112.pdf', '2015-11-19 10:26:38', 7, NULL, NULL, '2024-03-26', '', NULL, NULL, NULL),
(386, NULL, 2, '19112015102710_WP.pdf', '2015-11-19 10:27:10', 7, NULL, NULL, '2016-11-13', 'IM-4817-10', NULL, NULL, NULL),
(387, NULL, 21, '19112015104202_20151119085114054.pdf', '2015-11-19 10:42:02', 7, NULL, NULL, NULL, '', NULL, NULL, NULL),
(388, NULL, 21, '19112015104651_20151119085542167.pdf', '2015-11-19 10:46:52', 7, NULL, NULL, NULL, '', NULL, NULL, NULL),
(389, NULL, 21, '19112015105506_20151119090130390.pdf', '2015-11-19 10:55:07', 7, NULL, NULL, NULL, '', NULL, NULL, NULL),
(390, NULL, 18, '19112015105600_ACD.pdf', '2015-11-19 10:56:01', 7, NULL, NULL, '2016-08-01', '', NULL, NULL, NULL),
(391, NULL, 21, '19112015110719_20151119091518634.pdf', '2015-11-19 11:07:20', 7, NULL, NULL, NULL, '', NULL, NULL, NULL),
(392, NULL, 21, '19112015112602_20151119093441273.pdf', '2015-11-19 11:26:02', 7, NULL, NULL, NULL, '', NULL, NULL, NULL),
(393, NULL, 21, '19112015113431_20151119094238587.pdf', '2015-11-19 11:34:31', 7, NULL, NULL, NULL, '', NULL, NULL, NULL),
(394, NULL, 21, '19112015113830_20151119094728476.pdf', '2015-11-19 11:38:31', 7, NULL, NULL, NULL, '', NULL, NULL, NULL),
(395, NULL, 20, '19112015115149_CV.pdf', '2015-11-19 11:51:50', 7, NULL, NULL, NULL, '', NULL, NULL, NULL),
(396, NULL, 21, '19112015115159_20151119095934664.pdf', '2015-11-19 11:52:00', 7, NULL, NULL, NULL, '', NULL, NULL, NULL),
(397, NULL, 20, '19112015115939_CV.pdf', '2015-11-19 11:59:40', 7, NULL, NULL, NULL, '', NULL, NULL, NULL),
(398, NULL, 21, '19112015115949_20151119100732678.pdf', '2015-11-19 11:59:49', 7, NULL, NULL, NULL, '', NULL, NULL, NULL),
(399, NULL, 1, '19112015121929_20151119102720198.pdf', '2015-11-19 12:19:29', 7, NULL, NULL, '2016-07-19', '', NULL, NULL, NULL),
(400, NULL, 21, '19112015122405_20151119103207285.pdf', '2015-11-19 12:24:05', 7, NULL, NULL, NULL, '', NULL, NULL, NULL),
(401, NULL, 21, '19112015123015_CONT.pdf', '2015-11-19 12:30:16', 7, NULL, NULL, '2017-05-28', '', NULL, NULL, NULL),
(402, NULL, 21, '19112015123025_20151119103603708.pdf', '2015-11-19 12:30:26', 7, NULL, NULL, NULL, '', NULL, NULL, NULL),
(403, NULL, 18, '19112015123057_CONT.pdf', '2015-11-19 12:30:57', 7, NULL, NULL, '2017-05-28', '', NULL, NULL, NULL),
(404, NULL, 20, '19112015123636_CV.pdf', '2015-11-19 12:36:36', 7, NULL, NULL, NULL, '', NULL, NULL, NULL),
(405, NULL, 21, '19112015123645_20151119104414370.pdf', '2015-11-19 12:36:46', 7, NULL, NULL, NULL, '', NULL, NULL, NULL),
(406, NULL, 18, '19112015125629_20151119110039835.pdf', '2015-11-19 12:56:30', 7, NULL, NULL, '2016-07-26', '', NULL, NULL, NULL),
(407, NULL, 20, '19112015125707_CV.pdf', '2015-11-19 12:57:08', 7, NULL, NULL, NULL, '', NULL, NULL, NULL),
(408, NULL, 21, '19112015125717_CONT.pdf', '2015-11-19 12:57:17', 7, NULL, NULL, NULL, '', NULL, NULL, NULL),
(409, NULL, 20, '19112015130851_20151119111259254.pdf', '2015-11-19 13:08:51', 7, NULL, NULL, NULL, '', NULL, NULL, NULL),
(410, NULL, 21, '19112015130900_ACD.pdf', '2015-11-19 13:09:01', 7, NULL, NULL, NULL, '', NULL, NULL, NULL),
(411, NULL, 21, '19112015131541_20151119112311766.pdf', '2015-11-19 13:15:41', 7, NULL, NULL, NULL, '', NULL, NULL, NULL),
(412, NULL, 21, '19112015142458_ACD.pdf', '2015-11-19 14:24:58', 7, NULL, NULL, NULL, '', NULL, NULL, NULL),
(413, NULL, 20, '19112015142507_CV.pdf', '2015-11-19 14:25:07', 7, NULL, NULL, NULL, '', NULL, NULL, NULL),
(414, NULL, 20, '19112015143000_20151119123802240.pdf', '2015-11-19 14:30:00', 7, NULL, NULL, NULL, '', NULL, NULL, NULL),
(415, NULL, 21, '19112015143009_ACD.pdf', '2015-11-19 14:30:09', 7, NULL, NULL, NULL, '', NULL, NULL, NULL);
INSERT INTO `task_document` (`task_document_id`, `task_id`, `document_type_id`, `document_url`, `add_date`, `add_user`, `edit_date`, `edit_user`, `expiry_date`, `document_ref_no`, `document_typeonexpiry_document`, `expiry_flag_date`, `direction`) VALUES
(416, NULL, 20, '19112015143809_CV.pdf', '2015-11-19 14:38:10', 7, NULL, NULL, NULL, '', NULL, NULL, NULL),
(417, NULL, 21, '19112015143819_20151119124534171.pdf', '2015-11-19 14:38:19', 7, NULL, NULL, NULL, '', NULL, NULL, NULL),
(418, NULL, 20, '19112015144752_CV.pdf', '2015-11-19 14:47:53', 7, NULL, NULL, NULL, '', NULL, NULL, NULL),
(419, NULL, 21, '19112015144801_20151119125218874.pdf', '2015-11-19 14:48:01', 7, NULL, NULL, NULL, '', NULL, NULL, NULL),
(420, NULL, 20, '19112015151143_cv.pdf', '2015-11-19 15:11:43', 7, NULL, NULL, NULL, '', NULL, NULL, NULL),
(421, NULL, 21, '19112015151154_ad.pdf', '2015-11-19 15:11:54', 7, NULL, NULL, NULL, '', NULL, NULL, NULL),
(422, NULL, 20, '19112015151226_ad.pdf', '2015-11-19 15:12:27', 7, NULL, NULL, NULL, '', NULL, NULL, NULL),
(423, NULL, 21, '19112015151249_cv.pdf', '2015-11-19 15:12:49', 7, NULL, NULL, NULL, '', NULL, NULL, NULL),
(424, NULL, 20, '19112015151454_20151119131804907.pdf', '2015-11-19 15:14:54', 7, NULL, NULL, NULL, '', NULL, NULL, NULL),
(425, NULL, 20, '19112015151516_20151119131921551.pdf', '2015-11-19 15:15:17', 7, NULL, NULL, NULL, '', NULL, NULL, NULL),
(426, NULL, 21, '19112015152522_20151119131804907.pdf', '2015-11-19 15:25:22', 7, NULL, NULL, NULL, '', NULL, NULL, NULL),
(427, NULL, 18, '19112015153139_20151119133938348.pdf', '2015-11-19 15:31:39', 7, NULL, NULL, '2016-07-29', '', NULL, NULL, NULL),
(428, NULL, 21, '19112015153148_doc.pdf', '2015-11-19 15:31:48', 7, NULL, NULL, NULL, '', NULL, NULL, NULL),
(429, NULL, 20, '19112015153845_CV.pdf', '2015-11-19 15:38:45', 7, NULL, NULL, NULL, '', NULL, NULL, NULL),
(430, NULL, 21, '19112015153853_20151119134610933.pdf', '2015-11-19 15:38:54', 7, NULL, NULL, NULL, '', NULL, NULL, NULL),
(431, NULL, 18, '19112015155503_CONR.pdf', '2015-11-19 15:55:03', 7, NULL, NULL, '2016-11-14', '', NULL, NULL, NULL),
(432, NULL, 20, '19112015155511_CV.pdf', '2015-11-19 15:55:12', 7, NULL, NULL, NULL, '', NULL, NULL, NULL),
(433, NULL, 21, '19112015155520_DO.pdf', '2015-11-19 15:55:21', 7, NULL, NULL, NULL, '', NULL, NULL, NULL),
(434, NULL, 18, '19112015160641_CONT.pdf', '2015-11-19 16:06:42', 7, NULL, NULL, '2017-07-01', '', NULL, NULL, NULL),
(435, NULL, 20, '19112015160651_CV.pdf', '2015-11-19 16:06:51', 7, NULL, NULL, NULL, '', NULL, NULL, NULL),
(436, NULL, 21, '19112015160701_20151119141038268.pdf', '2015-11-19 16:07:01', 7, NULL, NULL, NULL, '', NULL, NULL, NULL),
(437, NULL, 18, '19112015161542_CO.pdf', '2015-11-19 16:15:43', 7, NULL, NULL, '2016-02-19', '', NULL, NULL, NULL),
(438, NULL, 21, '19112015161552_20151119142110433.pdf', '2015-11-19 16:15:53', 7, NULL, NULL, NULL, '', NULL, NULL, NULL),
(439, NULL, 1, '19112015175905_PP.pdf', '2015-11-19 17:59:06', 7, NULL, NULL, '2018-06-11', '', NULL, NULL, NULL),
(440, NULL, 20, '19112015175918_CV.pdf', '2015-11-19 17:59:19', 7, NULL, NULL, NULL, '', NULL, NULL, NULL),
(441, NULL, 21, '19112015175931_DOC.pdf', '2015-11-19 17:59:32', 7, NULL, NULL, NULL, '', NULL, NULL, NULL),
(442, NULL, 18, '19112015180138_CN.pdf', '2015-11-19 18:01:39', 7, NULL, NULL, '2016-04-10', '', NULL, NULL, NULL),
(443, NULL, 20, '19112015181638_20151119161958924.pdf', '2015-11-19 18:16:38', 7, NULL, NULL, NULL, '', NULL, NULL, NULL),
(444, NULL, 21, '19112015181649_DOC.pdf', '2015-11-19 18:16:49', 7, NULL, NULL, NULL, '', NULL, NULL, NULL),
(445, NULL, 20, '19112015183640_CV.pdf', '2015-11-19 18:36:41', 7, NULL, NULL, NULL, '', NULL, NULL, NULL),
(446, NULL, 21, '19112015183722_DOC.pdf', '2015-11-19 18:37:22', 7, NULL, NULL, NULL, '', NULL, NULL, NULL),
(447, NULL, 1, '19112015183929_20151119164804748.pdf', '2015-11-19 18:39:30', 7, NULL, NULL, '2018-04-16', '', NULL, NULL, NULL),
(448, NULL, 1, '19112015185417_WP PP.pdf', '2015-11-19 18:54:18', 7, NULL, NULL, '2021-08-01', '', NULL, NULL, NULL),
(449, NULL, 2, '19112015185458_WP PP.pdf', '2015-11-19 18:54:59', 7, NULL, NULL, '2017-06-03', 'IM-1033-07', NULL, NULL, NULL),
(450, NULL, 18, '19112015185526_CONT.pdf', '2015-11-19 18:55:27', 7, NULL, NULL, '2016-08-20', '', NULL, NULL, NULL),
(451, NULL, 21, '19112015185630_20151119165939502.pdf', '2015-11-19 18:56:31', 7, NULL, NULL, NULL, '', NULL, NULL, NULL),
(452, NULL, 20, '19112015185832_20151119165939502.pdf', '2015-11-19 18:58:33', 7, NULL, NULL, NULL, '', NULL, NULL, NULL),
(453, NULL, 20, '19112015190041_CV.pdf', '2015-11-19 19:00:42', 7, NULL, NULL, NULL, '', NULL, NULL, NULL),
(454, NULL, 20, '19112015190752_CV.pdf', '2015-11-19 19:07:52', 7, NULL, NULL, NULL, '', NULL, NULL, NULL),
(455, NULL, 21, '19112015190802_D.pdf', '2015-11-19 19:08:03', 7, NULL, NULL, NULL, '', NULL, NULL, NULL),
(456, NULL, 20, '2011201583522_20151120064425107.pdf', '2015-11-20 08:35:22', 7, NULL, NULL, NULL, '', NULL, NULL, NULL),
(457, NULL, 20, '2011201584635_CV.pdf', '2015-11-20 08:46:35', 7, NULL, NULL, NULL, '', NULL, NULL, NULL),
(458, NULL, 21, '2011201584643_20151120065317630.pdf', '2015-11-20 08:46:44', 7, NULL, NULL, NULL, '', NULL, NULL, NULL),
(459, NULL, 18, '2011201585724_CONT.pdf', '2015-11-20 08:57:24', 7, NULL, NULL, '2016-06-16', '', NULL, NULL, NULL),
(460, NULL, 20, '2011201585733_CV.pdf', '2015-11-20 08:57:33', 7, NULL, NULL, NULL, '', NULL, NULL, NULL),
(461, NULL, 21, '2011201585743_DC.pdf', '2015-11-20 08:57:44', 7, NULL, NULL, NULL, '', NULL, NULL, NULL),
(462, NULL, 1, '2011201592448_PP.pdf', '2015-11-20 09:24:49', 7, NULL, NULL, '2022-07-10', '', NULL, NULL, NULL),
(463, NULL, 18, '2011201592522_C.pdf', '2015-11-20 09:25:22', 7, NULL, NULL, '2016-02-04', '', NULL, NULL, NULL),
(464, NULL, 20, '2011201592538_CV.pdf', '2015-11-20 09:25:39', 7, NULL, NULL, NULL, '', NULL, NULL, NULL),
(465, NULL, 21, '2011201592549_D.pdf', '2015-11-20 09:25:49', 7, NULL, NULL, NULL, '', NULL, NULL, NULL),
(466, NULL, 1, '2011201594846_PP.pdf', '2015-11-20 09:48:47', 7, NULL, NULL, '2022-12-17', '', NULL, NULL, NULL),
(467, NULL, 20, '2011201594857_CV.pdf', '2015-11-20 09:48:57', 7, NULL, NULL, NULL, '', NULL, NULL, NULL),
(468, NULL, 21, '2011201594907_D.pdf', '2015-11-20 09:49:07', 7, NULL, NULL, NULL, '', NULL, NULL, NULL),
(469, NULL, 1, '2011201595705_20151120080243192.pdf', '2015-11-20 09:57:05', 7, NULL, NULL, '2018-07-08', '', NULL, NULL, NULL),
(470, NULL, 20, '2011201595713_CV.pdf', '2015-11-20 09:57:14', 7, NULL, NULL, NULL, '', NULL, NULL, NULL),
(471, NULL, 18, '2011201595729_C.pdf', '2015-11-20 09:57:30', 7, NULL, NULL, '2017-12-19', '', NULL, NULL, NULL),
(472, NULL, 1, '20112015100709_PP.pdf', '2015-11-20 10:07:10', 7, NULL, NULL, '2022-07-02', '', NULL, NULL, NULL),
(473, NULL, 20, '20112015100718_CV.pdf', '2015-11-20 10:07:19', 7, NULL, NULL, NULL, '', NULL, NULL, NULL),
(474, NULL, 21, '20112015100729_D.pdf', '2015-11-20 10:07:30', 7, NULL, NULL, NULL, '', NULL, NULL, NULL),
(475, NULL, 1, '20112015102745_WP.pdf', '2015-11-20 10:27:45', 7, NULL, NULL, '2017-06-17', '', NULL, NULL, NULL),
(476, NULL, 2, '20112015102817_WP.pdf', '2015-11-20 10:28:18', 7, NULL, NULL, '2015-12-04', '', NULL, NULL, NULL),
(477, NULL, 20, '20112015102845_CV.pdf', '2015-11-20 10:28:46', 7, NULL, NULL, NULL, '', NULL, NULL, NULL),
(478, NULL, 21, '20112015102859_DOCU.pdf', '2015-11-20 10:29:00', 7, NULL, NULL, NULL, '', NULL, NULL, NULL),
(479, NULL, 1, '20112015104930_20151120085731595.pdf', '2015-11-20 10:49:31', 7, NULL, NULL, '2023-05-09', '', NULL, NULL, NULL),
(480, NULL, 2, '20112015105009_20151120085731595.pdf', '2015-11-20 10:50:09', 7, NULL, NULL, '2015-12-04', 'IM-5928-13', NULL, NULL, NULL),
(481, NULL, 20, '20112015105017_CV.pdf', '2015-11-20 10:50:18', 7, NULL, NULL, NULL, '', NULL, NULL, NULL),
(482, NULL, 21, '20112015105028_D.pdf', '2015-11-20 10:50:28', 7, NULL, NULL, NULL, '', NULL, NULL, NULL),
(483, NULL, 20, '20112015105743_20151120090603812.pdf', '2015-11-20 10:57:44', 7, NULL, NULL, NULL, '', NULL, NULL, NULL),
(484, NULL, 20, '20112015111919_20151120092700322.pdf', '2015-11-20 11:19:20', 7, NULL, NULL, NULL, '', NULL, NULL, NULL),
(485, NULL, 21, '20112015111927_CV.pdf', '2015-11-20 11:19:27', 7, NULL, NULL, NULL, '', NULL, NULL, NULL),
(486, NULL, 1, '20112015115211_PP.pdf', '2015-11-20 11:52:12', 7, NULL, NULL, '2022-05-30', '', NULL, NULL, NULL),
(487, NULL, 2, '20112015115244_WP.pdf', '2015-11-20 11:52:45', 7, NULL, NULL, '2016-01-06', 'IM-6310-13', NULL, NULL, NULL),
(488, NULL, 20, '20112015115254_20151120093126299.pdf', '2015-11-20 11:52:54', 7, NULL, NULL, NULL, '', NULL, NULL, NULL),
(489, NULL, 21, '20112015115303_D.pdf', '2015-11-20 11:53:04', 7, NULL, NULL, NULL, '', NULL, NULL, NULL),
(490, NULL, 20, '20112015115948_20151120100644726.pdf', '2015-11-20 11:59:49', 7, NULL, NULL, NULL, '', NULL, NULL, NULL),
(491, NULL, 21, '20112015115956_D.pdf', '2015-11-20 11:59:57', 7, NULL, NULL, NULL, '', NULL, NULL, NULL),
(492, NULL, 1, '20112015121336_P.pdf', '2015-11-20 12:13:36', 7, NULL, NULL, '2022-05-27', '', NULL, NULL, NULL),
(493, NULL, 2, '20112015121434_P.pdf', '2015-11-20 12:14:34', 7, NULL, NULL, '2016-03-26', 'IM-1486-13', NULL, NULL, NULL),
(494, NULL, 20, '20112015121443_CV.pdf', '2015-11-20 12:14:44', 7, NULL, NULL, NULL, '', NULL, NULL, NULL),
(495, NULL, 21, '20112015121453_A.pdf', '2015-11-20 12:14:53', 7, NULL, NULL, NULL, '', NULL, NULL, NULL),
(496, NULL, 20, '20112015123350_20151120104102548.pdf', '2015-11-20 12:33:51', 7, NULL, NULL, NULL, '', NULL, NULL, NULL),
(497, NULL, 21, '20112015123400_d.pdf', '2015-11-20 12:34:00', 7, NULL, NULL, NULL, '', NULL, NULL, NULL),
(498, NULL, 1, '20112015124724_20151120105305815.pdf', '2015-11-20 12:47:25', 7, NULL, NULL, '2019-04-29', '', NULL, NULL, NULL),
(499, NULL, 20, '20112015124733_cv.pdf', '2015-11-20 12:47:33', 7, NULL, NULL, NULL, '', NULL, NULL, NULL),
(500, NULL, 21, '20112015124742_d.pdf', '2015-11-20 12:47:42', 7, NULL, NULL, NULL, '', NULL, NULL, NULL),
(501, NULL, 20, '20112015132719_cv.pdf', '2015-11-20 13:27:20', 7, NULL, NULL, NULL, '', NULL, NULL, NULL),
(502, NULL, 21, '20112015132727_d.pdf', '2015-11-20 13:27:28', 7, NULL, NULL, NULL, '', NULL, NULL, NULL),
(503, NULL, 1, '20112015132859_20151120113800514.pdf', '2015-11-20 13:29:00', 7, NULL, NULL, '2016-12-29', '', NULL, NULL, NULL),
(504, NULL, 20, '20112015134249_20151120115027416.pdf', '2015-11-20 13:42:49', 7, NULL, NULL, NULL, '', NULL, NULL, NULL),
(505, NULL, 21, '20112015134257_D.pdf', '2015-11-20 13:42:57', 7, NULL, NULL, NULL, '', NULL, NULL, NULL),
(506, NULL, 20, '20112015141452_CV.pdf', '2015-11-20 14:14:52', 7, NULL, NULL, NULL, '', NULL, NULL, NULL),
(507, NULL, 21, '20112015141459_20151120122243393.pdf', '2015-11-20 14:15:00', 7, NULL, NULL, NULL, '', NULL, NULL, NULL),
(508, NULL, 20, '20112015142325_CV.pdf', '2015-11-20 14:23:25', 7, NULL, NULL, NULL, '', NULL, NULL, NULL),
(509, NULL, 18, '20112015142342_20151120122937097.pdf', '2015-11-20 14:23:43', 7, NULL, NULL, '2017-03-20', '', NULL, NULL, NULL),
(510, NULL, 1, '20112015144114_pp.pdf', '2015-11-20 14:41:15', 7, NULL, NULL, '2019-12-08', '', NULL, NULL, NULL),
(511, NULL, 2, '20112015144223_wp.pdf', '2015-11-20 14:42:23', 7, NULL, NULL, '2016-06-01', 'IM-2589-14', NULL, NULL, NULL),
(512, NULL, 20, '20112015144230_cv.pdf', '2015-11-20 14:42:31', 7, NULL, NULL, NULL, '', NULL, NULL, NULL),
(513, NULL, 21, '20112015144238_20151120124651524.pdf', '2015-11-20 14:42:39', 7, NULL, NULL, NULL, '', NULL, NULL, NULL),
(514, NULL, 1, '20112015145957_pp.pdf', '2015-11-20 14:59:57', 7, NULL, NULL, '2016-05-19', '', NULL, NULL, NULL),
(515, NULL, 20, '20112015150007_cv.pdf', '2015-11-20 15:00:07', 7, NULL, NULL, NULL, '', NULL, NULL, NULL),
(516, NULL, 21, '20112015150015_d.pdf', '2015-11-20 15:00:16', 7, NULL, NULL, NULL, '', NULL, NULL, NULL),
(517, NULL, 21, '20112015151535_D.pdf', '2015-11-20 15:15:35', 7, NULL, NULL, NULL, '', NULL, NULL, NULL),
(518, NULL, 20, '20112015151543_20151120132333552.pdf', '2015-11-20 15:15:43', 7, NULL, NULL, NULL, '', NULL, NULL, NULL),
(519, NULL, 20, '20112015153143_CV.pdf', '2015-11-20 15:31:43', 7, NULL, NULL, NULL, '', NULL, NULL, NULL),
(520, NULL, 21, '20112015153151_D.pdf', '2015-11-20 15:31:52', 7, NULL, NULL, NULL, '', NULL, NULL, NULL),
(521, NULL, 1, '20112015154245_PP.pdf', '2015-11-20 15:42:46', 7, NULL, NULL, '2022-01-30', '', NULL, NULL, NULL),
(522, NULL, 20, '20112015154256_CV.pdf', '2015-11-20 15:42:56', 7, NULL, NULL, NULL, '', NULL, NULL, NULL),
(523, NULL, 21, '20112015154311_20151120134916856.pdf', '2015-11-20 15:43:12', 7, NULL, NULL, NULL, '', NULL, NULL, NULL),
(524, NULL, 1, '20112015154414_PP.pdf', '2015-11-20 15:44:14', 7, NULL, NULL, '2022-10-30', '', NULL, NULL, NULL),
(525, NULL, 1, '20112015155724_pp.pdf', '2015-11-20 15:57:24', 7, NULL, NULL, '2019-07-27', '', NULL, NULL, NULL),
(526, NULL, 20, '20112015155732_20151120140341992.pdf', '2015-11-20 15:57:33', 7, NULL, NULL, NULL, '', NULL, NULL, NULL),
(527, NULL, 21, '20112015155740_d.pdf', '2015-11-20 15:57:41', 7, NULL, NULL, NULL, '', NULL, NULL, NULL),
(528, NULL, 20, '20112015160911_CV.pdf', '2015-11-20 16:09:12', 7, NULL, NULL, NULL, '', NULL, NULL, NULL),
(529, NULL, 18, '20112015160923_T.pdf', '2015-11-20 16:09:24', 7, NULL, NULL, '2016-06-12', '', NULL, NULL, NULL),
(530, NULL, 21, '20112015160954_D.pdf', '2015-11-20 16:09:55', 7, NULL, NULL, NULL, '', NULL, NULL, NULL),
(531, NULL, 21, '20112015161922_20151120142755507.pdf', '2015-11-20 16:19:23', 7, NULL, NULL, NULL, '', NULL, NULL, NULL),
(532, NULL, 20, '20112015162635_CV.pdf', '2015-11-20 16:26:36', 7, NULL, NULL, NULL, '', NULL, NULL, NULL),
(533, NULL, 21, '20112015162644_20151120143327874.pdf', '2015-11-20 16:26:45', 7, NULL, NULL, NULL, '', NULL, NULL, NULL),
(534, NULL, 20, '20112015170011_cv.pdf', '2015-11-20 17:00:11', 7, NULL, NULL, NULL, '', NULL, NULL, NULL),
(535, NULL, 21, '20112015170021_20151120150637659.pdf', '2015-11-20 17:00:22', 7, NULL, NULL, NULL, '', NULL, NULL, NULL),
(536, NULL, 20, '20112015170614_cv.pdf', '2015-11-20 17:06:14', 7, NULL, NULL, NULL, '', NULL, NULL, NULL),
(537, NULL, 21, '20112015170623_20151120151347295.pdf', '2015-11-20 17:06:24', 7, NULL, NULL, NULL, '', NULL, NULL, NULL),
(538, NULL, 18, '20112015171309_20151120152228667.pdf', '2015-11-20 17:13:10', 7, NULL, NULL, '2017-03-06', '', NULL, NULL, NULL),
(539, NULL, 21, '20112015171743_20151120152228667.pdf', '2015-11-20 17:17:44', 7, NULL, NULL, NULL, '', NULL, NULL, NULL),
(540, NULL, 21, '20112015171825_20151120152548222.pdf', '2015-11-20 17:18:25', 7, NULL, NULL, NULL, '', NULL, NULL, NULL),
(541, NULL, 20, '20112015171926_20151120152839148.pdf', '2015-11-20 17:19:26', 7, NULL, NULL, NULL, '', NULL, NULL, NULL),
(542, NULL, 20, '20112015172704_20151120153608100.pdf', '2015-11-20 17:27:04', 7, NULL, NULL, NULL, '', NULL, NULL, NULL),
(543, NULL, 21, '20112015172816_20151120153737812.pdf', '2015-11-20 17:28:16', 7, NULL, NULL, NULL, '', NULL, NULL, NULL),
(544, NULL, 18, '20112015173033_20151120153936209.pdf', '2015-11-20 17:30:34', 7, NULL, NULL, '2016-06-10', '', NULL, NULL, NULL),
(545, NULL, 18, '20112015175304_C.pdf', '2015-11-20 17:53:05', 7, NULL, NULL, '2017-08-27', '', NULL, NULL, NULL),
(546, NULL, 20, '20112015175311_20151120155947875.pdf', '2015-11-20 17:53:12', 7, NULL, NULL, NULL, '', NULL, NULL, NULL),
(547, NULL, 20, '20112015175636_20151120160514752.pdf', '2015-11-20 17:56:37', 7, NULL, NULL, NULL, '', NULL, NULL, NULL),
(548, NULL, 1, '20112015180745_20151120160920966.pdf', '2015-11-20 18:07:46', 7, NULL, NULL, '2024-10-15', '', NULL, NULL, NULL),
(549, NULL, 1, '20112015180836_PP.pdf', '2015-11-20 18:08:37', 7, NULL, NULL, '2024-10-15', '', NULL, NULL, NULL),
(550, NULL, 5, '20112015180914_PP.pdf', '2015-11-20 18:09:15', 7, NULL, NULL, '2015-11-24', 'SPN 07517', NULL, NULL, NULL),
(551, NULL, 20, '20112015180927_20151120160920966.pdf', '2015-11-20 18:09:28', 7, NULL, NULL, NULL, '', NULL, NULL, NULL),
(552, NULL, 18, '20112015181007_C.pdf', '2015-11-20 18:10:08', 7, NULL, NULL, '2017-07-20', '', NULL, NULL, NULL),
(553, NULL, 21, '20112015181023_DOC.pdf', '2015-11-20 18:10:23', 7, NULL, NULL, NULL, '', NULL, NULL, NULL),
(554, NULL, 18, '20112015182029_CONT.pdf', '2015-11-20 18:20:29', 7, NULL, NULL, '2016-06-02', '', NULL, NULL, NULL),
(555, NULL, 20, '20112015182129_CV.pdf', '2015-11-20 18:21:30', 7, NULL, NULL, NULL, '', NULL, NULL, NULL),
(556, NULL, 21, '20112015182138_D.pdf', '2015-11-20 18:21:39', 7, NULL, NULL, NULL, '', NULL, NULL, NULL),
(557, NULL, 20, '20112015182748_CV.pdf', '2015-11-20 18:27:48', 7, NULL, NULL, NULL, '', NULL, NULL, NULL),
(558, NULL, 21, '20112015182757_20151120163520718.pdf', '2015-11-20 18:27:57', 7, NULL, NULL, NULL, '', NULL, NULL, NULL),
(559, NULL, 20, '20112015183742_20151120164113484.pdf', '2015-11-20 18:37:43', 7, NULL, NULL, NULL, '', NULL, NULL, NULL),
(560, NULL, 21, '20112015183802_D.pdf', '2015-11-20 18:38:03', 7, NULL, NULL, NULL, '', NULL, NULL, NULL),
(561, NULL, 20, '20112015185200_CV.pdf', '2015-11-20 18:52:00', 7, NULL, NULL, NULL, '', NULL, NULL, NULL),
(562, NULL, 21, '20112015185209_20151120170012572.pdf', '2015-11-20 18:52:10', 7, NULL, NULL, NULL, '', NULL, NULL, NULL),
(563, NULL, 1, '20112015190436_20151120171318422.pdf', '2015-11-20 19:04:36', 7, NULL, NULL, '2023-03-18', '', NULL, NULL, NULL),
(564, NULL, 20, '20112015190445_cv.pdf', '2015-11-20 19:04:45', 7, NULL, NULL, NULL, '', NULL, NULL, NULL),
(565, NULL, 21, '20112015190454_d.pdf', '2015-11-20 19:04:55', 7, NULL, NULL, NULL, '', NULL, NULL, NULL),
(566, NULL, 1, '20112015191514_WP.pdf', '2015-11-20 19:15:14', 7, NULL, NULL, '2018-02-18', '', NULL, NULL, NULL),
(567, NULL, 2, '20112015191550_WP.pdf', '2015-11-20 19:15:51', 7, NULL, NULL, '2015-11-20', 'IM-5336-10', NULL, NULL, NULL),
(568, NULL, 20, '20112015191559_CV.pdf', '2015-11-20 19:16:00', 7, NULL, NULL, NULL, '', NULL, NULL, NULL),
(569, NULL, 21, '20112015191607_DO.pdf', '2015-11-20 19:16:08', 7, NULL, NULL, NULL, '', NULL, NULL, NULL),
(570, NULL, 20, '2111201590656_20151121071507937.pdf', '2015-11-21 09:06:57', 7, NULL, NULL, NULL, '', NULL, NULL, NULL),
(571, NULL, 21, '2111201590704_D.pdf', '2015-11-21 09:07:05', 7, NULL, NULL, NULL, '', NULL, NULL, NULL),
(572, NULL, 20, '2111201591339_20151121072057579.pdf', '2015-11-21 09:13:39', 7, NULL, NULL, NULL, '', NULL, NULL, NULL),
(573, NULL, 21, '2111201591347_d.pdf', '2015-11-21 09:13:47', 7, NULL, NULL, NULL, '', NULL, NULL, NULL),
(574, NULL, 21, '2111201591907_20151121072801269.pdf', '2015-11-21 09:19:07', 7, NULL, NULL, NULL, '', NULL, NULL, NULL),
(575, NULL, 21, '2111201594043_20151121074837203.pdf', '2015-11-21 09:40:44', 7, NULL, NULL, NULL, '', NULL, NULL, NULL),
(576, NULL, 20, '2111201594307_20151121075126489.pdf', '2015-11-21 09:43:07', 7, NULL, NULL, NULL, '', NULL, NULL, NULL),
(577, NULL, 20, '2111201595252_20151121075857029.pdf', '2015-11-21 09:52:53', 7, NULL, NULL, NULL, '', NULL, NULL, NULL),
(578, NULL, 21, '2111201595302_D.pdf', '2015-11-21 09:53:02', 7, NULL, NULL, NULL, '', NULL, NULL, NULL),
(579, NULL, 1, '21112015101050_pp.pdf', '2015-11-21 10:10:50', 7, NULL, NULL, '2019-02-17', '', NULL, NULL, NULL),
(580, NULL, 2, '21112015101139_pp.pdf', '2015-11-21 10:11:39', 7, NULL, NULL, '2016-06-18', 'IM-4567-08', NULL, NULL, NULL),
(581, NULL, 20, '21112015101149_cv.pdf', '2015-11-21 10:11:49', 7, NULL, NULL, NULL, '', NULL, NULL, NULL),
(582, NULL, 21, '21112015101159_20151121081559698.pdf', '2015-11-21 10:12:00', 7, NULL, NULL, NULL, '', NULL, NULL, NULL),
(583, NULL, 20, '21112015102638_20151121082946343.pdf', '2015-11-21 10:26:38', 7, NULL, NULL, NULL, '', NULL, NULL, NULL),
(584, NULL, 21, '21112015102651_D.pdf', '2015-11-21 10:26:51', 7, NULL, NULL, NULL, '', NULL, NULL, NULL),
(585, NULL, 1, '21112015105153_pp.pdf', '2015-11-21 10:51:53', 7, NULL, NULL, '2022-10-07', '', NULL, NULL, NULL),
(586, NULL, 20, '21112015105200_cv.pdf', '2015-11-21 10:52:01', 7, NULL, NULL, NULL, '', NULL, NULL, NULL),
(587, NULL, 21, '21112015105208_20151121090008673.pdf', '2015-11-21 10:52:09', 7, NULL, NULL, NULL, '', NULL, NULL, NULL),
(588, NULL, 1, '21112015110816_PP.pdf', '2015-11-21 11:08:17', 7, NULL, NULL, '2021-08-02', '', NULL, NULL, NULL),
(589, NULL, 2, '21112015110850_PP.pdf', '2015-11-21 11:08:50', 7, NULL, NULL, '2016-06-03', 'IM-2590-14', NULL, NULL, NULL),
(590, NULL, 18, '21112015110931_C.pdf', '2015-11-21 11:09:32', 7, NULL, NULL, '2016-02-28', '', NULL, NULL, NULL),
(591, NULL, 21, '21112015110949_D.pdf', '2015-11-21 11:09:49', 7, NULL, NULL, NULL, '', NULL, NULL, NULL),
(592, NULL, 18, '21112015111524_20151121092344912.pdf', '2015-11-21 11:15:24', 7, NULL, NULL, '2016-05-27', '', NULL, NULL, NULL),
(593, NULL, 18, '21112015112125_C.pdf', '2015-11-21 11:21:26', 7, NULL, NULL, '2017-04-17', '', NULL, NULL, NULL),
(594, NULL, 20, '21112015112133_CV.pdf', '2015-11-21 11:21:34', 7, NULL, NULL, NULL, '', NULL, NULL, NULL),
(595, NULL, 21, '21112015112143_20151121092721468.pdf', '2015-11-21 11:21:43', 7, NULL, NULL, NULL, '', NULL, NULL, NULL),
(596, NULL, 18, '21112015113204_C.pdf', '2015-11-21 11:32:05', 7, NULL, NULL, '2016-07-14', '', NULL, NULL, NULL),
(597, NULL, 21, '21112015113227_20151121093801161.pdf', '2015-11-21 11:32:27', 7, NULL, NULL, NULL, '', NULL, NULL, NULL),
(598, NULL, 20, '21112015113730_20151121094529915.pdf', '2015-11-21 11:37:31', 7, NULL, NULL, NULL, '', NULL, NULL, NULL),
(599, NULL, 21, '21112015113738_D.pdf', '2015-11-21 11:37:38', 7, NULL, NULL, NULL, '', NULL, NULL, NULL),
(600, NULL, 20, '21112015114215_20151121095017585.pdf', '2015-11-21 11:42:16', 7, NULL, NULL, NULL, '', NULL, NULL, NULL),
(601, NULL, 21, '21112015114228_D.pdf', '2015-11-21 11:42:29', 7, NULL, NULL, NULL, '', NULL, NULL, NULL),
(602, NULL, 18, '21112015115343_CONT.pdf', '2015-11-21 11:53:43', 7, NULL, NULL, '2016-07-07', '', NULL, NULL, NULL),
(603, NULL, 20, '21112015115359_CV.pdf', '2015-11-21 11:54:00', 7, NULL, NULL, NULL, '', NULL, NULL, NULL),
(604, NULL, 21, '21112015115408_20151121095921571.pdf', '2015-11-21 11:54:09', 7, NULL, NULL, NULL, '', NULL, NULL, NULL),
(605, NULL, 20, '21112015115927_20151121100824980.pdf', '2015-11-21 11:59:28', 7, NULL, NULL, NULL, '', NULL, NULL, NULL),
(606, NULL, 20, '21112015122111_20151121103018296.pdf', '2015-11-21 12:21:11', 7, NULL, NULL, NULL, '', NULL, NULL, NULL),
(607, NULL, 21, '21112015122119_D.pdf', '2015-11-21 12:21:19', 7, NULL, NULL, NULL, '', NULL, NULL, NULL),
(608, NULL, 20, '21112015123236_CV.pdf', '2015-11-21 12:32:36', 7, NULL, NULL, NULL, '', NULL, NULL, NULL),
(609, NULL, 21, '21112015123244_D.pdf', '2015-11-21 12:32:44', 7, NULL, NULL, NULL, '', NULL, NULL, NULL),
(610, NULL, 20, '21112015124831_20151121105645936.pdf', '2015-11-21 12:48:32', 7, NULL, NULL, NULL, '', NULL, NULL, NULL),
(611, NULL, 21, '21112015124841_D.pdf', '2015-11-21 12:48:41', 7, NULL, NULL, NULL, '', NULL, NULL, NULL),
(612, NULL, 21, '21112015125330_20151121110219927.pdf', '2015-11-21 12:53:31', 7, NULL, NULL, NULL, '', NULL, NULL, NULL),
(613, NULL, 21, '21112015125914_20151121110656251.pdf', '2015-11-21 12:59:15', 7, NULL, NULL, NULL, '', NULL, NULL, NULL),
(614, NULL, 20, '21112015130047_20151121111001198.pdf', '2015-11-21 13:00:47', 7, NULL, NULL, NULL, '', NULL, NULL, NULL),
(615, NULL, 20, '21112015130752_20151121111623085.pdf', '2015-11-21 13:07:53', 7, NULL, NULL, NULL, '', NULL, NULL, NULL),
(616, NULL, 21, '21112015130801_D.pdf', '2015-11-21 13:08:01', 7, NULL, NULL, NULL, '', NULL, NULL, NULL),
(617, NULL, 20, '21112015132218_20151121113054308.pdf', '2015-11-21 13:22:19', 7, NULL, NULL, NULL, '', NULL, NULL, NULL),
(618, NULL, 20, '21112015132640_20151121113415515.pdf', '2015-11-21 13:26:41', 7, NULL, NULL, NULL, '', NULL, NULL, NULL),
(619, NULL, 21, '21112015132653_D.pdf', '2015-11-21 13:26:53', 7, NULL, NULL, NULL, '', NULL, NULL, NULL),
(620, NULL, 20, '21112015133558_CV.pdf', '2015-11-21 13:35:58', 7, NULL, NULL, NULL, '', NULL, NULL, NULL),
(621, NULL, 21, '21112015133605_20151121114341412.pdf', '2015-11-21 13:36:05', 7, NULL, NULL, NULL, '', NULL, NULL, NULL),
(622, NULL, 1, '21112015142450_PP.pdf', '2015-11-21 14:24:50', 7, NULL, NULL, '2020-02-18', '', NULL, NULL, NULL),
(623, NULL, 2, '21112015142516_PP.pdf', '2015-11-21 14:25:16', 7, NULL, NULL, '2016-12-01', 'IM-5704-14', NULL, NULL, NULL),
(624, NULL, 18, '21112015142605_C.pdf', '2015-11-21 14:26:06', 7, NULL, NULL, '2016-09-15', '', NULL, NULL, NULL),
(625, NULL, 20, '21112015142614_CV.pdf', '2015-11-21 14:26:15', 7, NULL, NULL, NULL, '', NULL, NULL, NULL),
(626, NULL, 21, '21112015142626_D.pdf', '2015-11-21 14:26:27', 7, NULL, NULL, NULL, '', NULL, NULL, NULL),
(627, NULL, 20, '21112015144459_20151121125343235.pdf', '2015-11-21 14:45:00', 7, NULL, NULL, NULL, '', NULL, NULL, NULL),
(628, NULL, 21, '21112015144506_D.pdf', '2015-11-21 14:45:07', 7, NULL, NULL, NULL, '', NULL, NULL, NULL),
(629, NULL, 20, '21112015145355_20151121130253046.pdf', '2015-11-21 14:53:56', 7, NULL, NULL, NULL, '', NULL, NULL, NULL),
(630, NULL, 21, '21112015145403_D.pdf', '2015-11-21 14:54:04', 7, NULL, NULL, NULL, '', NULL, NULL, NULL),
(631, NULL, 18, '21112015151231_c.pdf', '2015-11-21 15:12:32', 7, NULL, NULL, '2016-08-20', '', NULL, NULL, NULL),
(632, NULL, 20, '21112015151240_cv.pdf', '2015-11-21 15:12:40', 7, NULL, NULL, NULL, '', NULL, NULL, NULL),
(633, NULL, 21, '21112015151249_d.pdf', '2015-11-21 15:12:49', 7, NULL, NULL, NULL, '', NULL, NULL, NULL),
(634, NULL, 20, '21112015152158_cv.pdf', '2015-11-21 15:21:59', 7, NULL, NULL, NULL, '', NULL, NULL, NULL),
(635, NULL, 21, '21112015152212_20151121132731944.pdf', '2015-11-21 15:22:12', 7, NULL, NULL, NULL, '', NULL, NULL, NULL),
(636, NULL, 18, '2311201595436_co.pdf', '2015-11-23 09:54:36', 7, NULL, NULL, '2017-10-13', '', NULL, NULL, NULL),
(637, NULL, 20, '2311201595445_cv.pdf', '2015-11-23 09:54:46', 7, NULL, NULL, NULL, '', NULL, NULL, NULL),
(638, NULL, 21, '2311201595454_d.pdf', '2015-11-23 09:54:55', 7, NULL, NULL, NULL, '', NULL, NULL, NULL),
(639, NULL, 18, '2311201595831_20151123080726096.pdf', '2015-11-23 09:58:32', 7, NULL, NULL, '2016-08-20', '', NULL, NULL, NULL),
(640, NULL, 1, '23112015101112_20151123082010913.pdf', '2015-11-23 10:11:13', 7, NULL, NULL, '2017-10-28', 'G5892177', NULL, NULL, NULL),
(641, NULL, 20, '23112015103520_20151123084147915.pdf', '2015-11-23 10:35:20', 7, NULL, NULL, NULL, '', NULL, NULL, NULL),
(642, NULL, 21, '23112015103529_D.pdf', '2015-11-23 10:35:29', 7, NULL, NULL, NULL, '', NULL, NULL, NULL),
(643, NULL, 20, '23112015104438_CV.pdf', '2015-11-23 10:44:38', 7, NULL, NULL, NULL, '', NULL, NULL, NULL),
(644, NULL, 21, '23112015104447_D.pdf', '2015-11-23 10:44:47', 7, NULL, NULL, NULL, '', NULL, NULL, NULL),
(645, NULL, 1, '23112015105056_20151123085701223.pdf', '2015-11-23 10:50:56', 7, NULL, NULL, '2024-08-13', '07744437', NULL, NULL, NULL),
(646, NULL, 20, '23112015105217_CV.pdf', '2015-11-23 10:52:17', 7, NULL, NULL, NULL, '', NULL, NULL, NULL),
(647, NULL, 21, '23112015105229_D.pdf', '2015-11-23 10:52:30', 7, NULL, NULL, NULL, '', NULL, NULL, NULL),
(648, NULL, 20, '23112015105716_CV.pdf', '2015-11-23 10:57:16', 7, NULL, NULL, NULL, '', NULL, NULL, NULL),
(649, NULL, 21, '23112015105725_D.pdf', '2015-11-23 10:57:25', 7, NULL, NULL, NULL, '', NULL, NULL, NULL),
(650, NULL, 1, '23112015110134_20151123090916083.pdf', '2015-11-23 11:01:34', 7, NULL, NULL, '2022-08-06', 'K3882987', NULL, NULL, NULL),
(651, NULL, 5, '23112015110215_S.pdf', '2015-11-23 11:02:15', 7, NULL, NULL, '2015-12-23', '07616', NULL, NULL, NULL),
(652, NULL, 20, '23112015110950_20151123091711027.pdf', '2015-11-23 11:09:50', 7, NULL, NULL, NULL, '', NULL, NULL, NULL),
(653, NULL, 21, '23112015110959_D.pdf', '2015-11-23 11:09:59', 7, NULL, NULL, NULL, '', NULL, NULL, NULL),
(654, NULL, 20, '23112015111639_20151123092514630.pdf', '2015-11-23 11:16:40', 7, NULL, NULL, NULL, '', NULL, NULL, NULL),
(655, NULL, 21, '23112015111647_D.pdf', '2015-11-23 11:16:47', 7, NULL, NULL, NULL, '', NULL, NULL, NULL),
(656, NULL, 20, '23112015112704_20151123093444985.pdf', '2015-11-23 11:27:05', 7, NULL, NULL, NULL, '', NULL, NULL, NULL),
(657, NULL, 18, '23112015113258_C.pdf', '2015-11-23 11:32:59', 7, NULL, NULL, '2016-07-25', '', NULL, NULL, NULL),
(658, NULL, 21, '23112015113324_20151123094005512.pdf', '2015-11-23 11:33:25', 7, NULL, NULL, NULL, '', NULL, NULL, NULL),
(659, NULL, 20, '23112015115406_20151123095521530.pdf', '2015-11-23 11:54:06', 7, NULL, NULL, NULL, '', NULL, NULL, NULL),
(660, NULL, 21, '23112015115420_D.pdf', '2015-11-23 11:54:20', 7, NULL, NULL, NULL, '', NULL, NULL, NULL),
(661, NULL, 1, '23112015120623_20151123101227294.pdf', '2015-11-23 12:06:24', 7, NULL, NULL, '2025-04-18', '08729033', NULL, NULL, NULL),
(662, NULL, 20, '23112015120632_CV.pdf', '2015-11-23 12:06:33', 7, NULL, NULL, NULL, '', NULL, NULL, NULL),
(663, NULL, 21, '23112015120641_D.pdf', '2015-11-23 12:06:42', 7, NULL, NULL, NULL, '', NULL, NULL, NULL),
(664, NULL, 18, '23112015121522_C.pdf', '2015-11-23 12:15:23', 7, NULL, NULL, '2016-07-01', '', NULL, NULL, NULL),
(665, NULL, 20, '23112015121531_20151123102034964.pdf', '2015-11-23 12:15:31', 7, NULL, NULL, NULL, '', NULL, NULL, NULL),
(666, NULL, 20, '23112015121927_20151123102719701.pdf', '2015-11-23 12:19:28', 7, NULL, NULL, NULL, '', NULL, NULL, NULL),
(667, NULL, 21, '23112015121936_D.pdf', '2015-11-23 12:19:36', 7, NULL, NULL, NULL, '', NULL, NULL, NULL),
(668, NULL, 20, '23112015122331_20151123103116198.pdf', '2015-11-23 12:23:32', 7, NULL, NULL, NULL, '', NULL, NULL, NULL),
(669, NULL, 21, '23112015122339_D.pdf', '2015-11-23 12:23:40', 7, NULL, NULL, NULL, '', NULL, NULL, NULL),
(670, NULL, 20, '23112015123205_20151123104041973.pdf', '2015-11-23 12:32:06', 7, NULL, NULL, NULL, '', NULL, NULL, NULL),
(671, NULL, 21, '23112015123214_D.pdf', '2015-11-23 12:32:15', 7, NULL, NULL, NULL, '', NULL, NULL, NULL),
(672, NULL, 18, '23112015125744_C.pdf', '2015-11-23 12:57:45', 7, NULL, NULL, '2016-06-04', '', NULL, NULL, NULL),
(673, NULL, 21, '23112015125752_20151123110450136.pdf', '2015-11-23 12:57:53', 7, NULL, NULL, NULL, '', NULL, NULL, NULL),
(674, NULL, 21, '23112015130035_20151123110921474.pdf', '2015-11-23 13:00:36', 7, NULL, NULL, NULL, '', NULL, NULL, NULL),
(675, NULL, 20, '23112015130100_20151123111020806.pdf', '2015-11-23 13:01:00', 7, NULL, NULL, NULL, '', NULL, NULL, NULL),
(676, NULL, 1, '23112015130230_20151123111119584.pdf', '2015-11-23 13:02:31', 7, NULL, NULL, '2025-05-05', '08760728', NULL, NULL, NULL),
(677, NULL, 20, '23112015130726_20151123111519799.pdf', '2015-11-23 13:07:26', 7, NULL, NULL, NULL, '', NULL, NULL, NULL),
(678, NULL, 21, '23112015130734_D.pdf', '2015-11-23 13:07:35', 7, NULL, NULL, NULL, '', NULL, NULL, NULL),
(679, NULL, 20, '23112015131602_D.pdf', '2015-11-23 13:16:03', 7, NULL, NULL, NULL, '', NULL, NULL, NULL),
(680, NULL, 21, '23112015131611_20151123112115252.pdf', '2015-11-23 13:16:11', 7, NULL, NULL, NULL, '', NULL, NULL, NULL),
(681, NULL, 1, '23112015142137_PP.pdf', '2015-11-23 14:21:38', 7, NULL, NULL, '2015-12-11', 'F5489059', NULL, NULL, NULL),
(682, NULL, 18, '23112015142201_20151123113415083.pdf', '2015-11-23 14:22:01', 7, NULL, NULL, '2016-06-23', '', NULL, NULL, NULL),
(683, NULL, 20, '23112015142210_CV.pdf', '2015-11-23 14:22:11', 7, NULL, NULL, NULL, '', NULL, NULL, NULL),
(684, NULL, 21, '23112015142220_D.pdf', '2015-11-23 14:22:20', 7, NULL, NULL, NULL, '', NULL, NULL, NULL),
(685, NULL, 20, '23112015142440_CV VICTORY.pdf', '2015-11-23 14:24:40', 7, NULL, NULL, NULL, '', NULL, NULL, NULL),
(686, NULL, 21, '23112015142501_DVICTORY.pdf', '2015-11-23 14:25:01', 7, NULL, NULL, NULL, '', NULL, NULL, NULL),
(687, NULL, 1, '23112015143506_20151123124042220.pdf', '2015-11-23 14:35:06', 7, NULL, NULL, '2023-04-01', 'K8301605', NULL, NULL, NULL),
(688, NULL, 2, '23112015143539_20151123124042220.pdf', '2015-11-23 14:35:39', 7, NULL, NULL, '2016-05-05', 'IM-1894-14', NULL, NULL, NULL),
(689, NULL, 21, '23112015143551_D.pdf', '2015-11-23 14:35:52', 7, NULL, NULL, NULL, '', NULL, NULL, NULL),
(690, NULL, 20, '23112015144202_CV.pdf', '2015-11-23 14:42:03', 7, NULL, NULL, NULL, '', NULL, NULL, NULL),
(691, NULL, 21, '23112015144210_20151123125023314.pdf', '2015-11-23 14:42:10', 7, NULL, NULL, NULL, '', NULL, NULL, NULL),
(692, NULL, 20, '23112015144634_20151123125543111.pdf', '2015-11-23 14:46:34', 7, NULL, NULL, NULL, '', NULL, NULL, NULL),
(693, NULL, 1, '23112015145049_PP.pdf', '2015-11-23 14:50:49', 7, NULL, NULL, '2018-04-15', 'G7786385', NULL, NULL, NULL),
(694, NULL, 5, '23112015145126_SP.pdf', '2015-11-23 14:51:26', 7, NULL, NULL, '2016-02-13', 'SPN 07854', NULL, NULL, NULL),
(695, NULL, 20, '23112015145842_CV.pdf', '2015-11-23 14:58:43', 7, NULL, NULL, NULL, '', NULL, NULL, NULL),
(696, NULL, 21, '23112015145848_20151123130508332.pdf', '2015-11-23 14:58:49', 7, NULL, NULL, NULL, '', NULL, NULL, NULL),
(697, NULL, 18, '23112015150434_C.pdf', '2015-11-23 15:04:35', 7, NULL, NULL, '2016-07-25', '', NULL, NULL, NULL),
(698, NULL, 21, '23112015150441_20151123131145642.pdf', '2015-11-23 15:04:42', 7, NULL, NULL, NULL, '', NULL, NULL, NULL),
(699, NULL, 1, '23112015152247_20151123132910080.pdf', '2015-11-23 15:22:48', 7, NULL, NULL, '2021-04-25', '05533958', NULL, NULL, NULL),
(700, NULL, 20, '23112015152301_CVB.pdf', '2015-11-23 15:23:02', 7, NULL, NULL, NULL, '', NULL, NULL, NULL),
(701, NULL, 21, '23112015152314_D.pdf', '2015-11-23 15:23:14', 7, NULL, NULL, NULL, '', NULL, NULL, NULL),
(702, NULL, 1, '23112015153209_PP.pdf', '2015-11-23 15:32:09', 7, NULL, NULL, '2024-09-05', 'M18693', NULL, NULL, NULL),
(703, NULL, 20, '23112015153216_CV.pdf', '2015-11-23 15:32:17', 7, NULL, NULL, NULL, '', NULL, NULL, NULL),
(704, NULL, 21, '23112015153224_D.pdf', '2015-11-23 15:32:25', 7, NULL, NULL, NULL, '', NULL, NULL, NULL),
(705, NULL, 1, '23112015154029_PP.pdf', '2015-11-23 15:40:29', 7, NULL, NULL, '2017-05-10', 'G2157012', NULL, NULL, NULL),
(706, NULL, 2, '23112015154114_20151123134839956.pdf', '2015-11-23 15:41:15', 7, NULL, NULL, '2015-12-01', 'IM-549-08', NULL, NULL, NULL),
(707, NULL, 1, '23112015154436_20151123135252669.pdf', '2015-11-23 15:44:37', 7, NULL, NULL, '2025-02-09', '08484005', NULL, NULL, NULL),
(708, NULL, 5, '23112015154523_SP.pdf', '2015-11-23 15:45:24', 7, NULL, NULL, '2015-12-01', 'SPN 07520', NULL, NULL, NULL),
(709, NULL, 1, '23112015154804_20151123135557931.pdf', '2015-11-23 15:48:04', 7, NULL, NULL, '2016-06-26', 'F8377701', NULL, NULL, NULL),
(710, NULL, 2, '23112015154837_WP.pdf', '2015-11-23 15:48:37', 7, NULL, NULL, '2018-07-14', 'IM-2258-10', NULL, NULL, NULL),
(711, NULL, 1, '23112015155136_20151123135928047.pdf', '2015-11-23 15:51:37', 7, NULL, NULL, '2025-02-09', '08483999', NULL, NULL, NULL),
(712, NULL, 5, '23112015155219_SP.pdf', '2015-11-23 15:52:20', 7, NULL, NULL, '2015-12-01', 'SPN 07521', NULL, NULL, NULL),
(713, NULL, 1, '23112015155549_20151123140319580.pdf', '2015-11-23 15:55:49', 7, NULL, NULL, '2021-06-22', 'J8262213', NULL, NULL, NULL),
(714, NULL, 5, '23112015155621_SP.pdf', '2015-11-23 15:56:21', 7, NULL, NULL, '2015-12-23', 'SPN 07616', NULL, NULL, NULL),
(715, NULL, 1, '23112015160028_20151123140726909.pdf', '2015-11-23 16:00:29', 7, NULL, NULL, '2021-03-21', 'J6583121', NULL, NULL, NULL),
(716, NULL, 1, '23112015160705_PP.pdf', '2015-11-23 16:07:05', 7, NULL, NULL, '2024-08-07', 'M0807561', NULL, NULL, NULL),
(717, NULL, 5, '23112015160737_SP.pdf', '2015-11-23 16:07:38', 7, NULL, NULL, '2015-12-03', 'SPN 07520', NULL, NULL, NULL),
(718, NULL, 1, '23112015160929_20151123141354846.pdf', '2015-11-23 16:09:30', 7, NULL, NULL, '2020-03-01', 'H9886235', NULL, NULL, NULL),
(719, NULL, 1, '23112015162440_20151123141354846.pdf', '2015-11-23 16:24:41', 7, NULL, NULL, '2020-03-01', 'H9886235', NULL, NULL, NULL),
(720, NULL, 5, '23112015162530_SP.pdf', '2015-11-23 16:25:31', 7, NULL, NULL, '2015-12-23', 'SPN 07645', NULL, NULL, NULL),
(721, NULL, 1, '23112015163824_PPPPPPPPPPPPPPPPPPPPP.pdf', '2015-11-23 16:38:24', 7, NULL, NULL, '2024-10-12', 'M1934236', NULL, NULL, NULL),
(722, NULL, 2, '23112015163902_SSSSSSSSSSSSSSSSSSSS.pdf', '2015-11-23 16:39:03', 7, NULL, NULL, '2017-09-18', 'IM-4859-08', NULL, NULL, NULL),
(723, NULL, 1, '23112015164330_PPPPPPPPPPPPPP.pdf', '2015-11-23 16:43:30', 7, NULL, NULL, '2018-04-30', 'G8373362', NULL, NULL, NULL),
(724, NULL, 2, '23112015164428_IMMMMMMMMMM.pdf', '2015-11-23 16:44:28', 7, NULL, NULL, '2016-02-05', 'IM-1850-10', NULL, NULL, NULL),
(725, NULL, 1, '23112015165921_PP.pdf', '2015-11-23 16:59:22', 7, NULL, NULL, '2021-07-12', 'J8643639', NULL, NULL, NULL),
(726, NULL, 12, '23112015170008_WP.pdf', '2015-11-23 17:00:08', 7, NULL, NULL, '2016-11-19', 'IM-2380-05', NULL, NULL, NULL),
(727, NULL, 1, '23112015171223_PPP.pdf', '2015-11-23 17:12:23', 7, NULL, NULL, '2021-06-09', 'Z2263392', NULL, NULL, NULL),
(728, NULL, 1, '23112015171511_20151123151720363.pdf', '2015-11-23 17:15:12', 7, NULL, NULL, '2016-03-20', 'F7036630', NULL, NULL, NULL),
(729, NULL, 2, '23112015171613_WWWWWWWWWWW.pdf', '2015-11-23 17:16:13', 7, NULL, NULL, '2017-10-05', 'IM-4996-14', NULL, NULL, NULL),
(730, NULL, 1, '23112015172045_PPPPPPPPPPPPPPPPPPPP.pdf', '2015-11-23 17:20:46', 7, NULL, NULL, '2025-07-15', 'N0574244', NULL, NULL, NULL),
(731, NULL, 5, '23112015172113_SSSSSSSSSSSSSS.pdf', '2015-11-23 17:21:13', 7, NULL, NULL, '2015-12-06', 'SPN 07525', NULL, NULL, NULL),
(732, NULL, 1, '23112015172242_PP.pdf', '2015-11-23 17:22:42', 7, NULL, NULL, '2020-07-12', 'J2336904', NULL, NULL, NULL),
(733, NULL, 5, '23112015172314_SP.pdf', '2015-11-23 17:23:14', 7, NULL, NULL, '2015-12-23', 'SPN 07616', NULL, NULL, NULL),
(734, NULL, 1, '23112015172907_PP.pdf', '2015-11-23 17:29:07', 7, NULL, NULL, '2020-10-26', 'J4530154', NULL, NULL, NULL),
(735, NULL, 3, '23112015173100_SP.pdf', '2015-11-23 17:31:01', 7, NULL, NULL, '2016-04-06', 'SPN 39354', NULL, NULL, NULL),
(736, NULL, 1, '23112015173430_20151123154158379.pdf', '2015-11-23 17:34:31', 7, NULL, NULL, '2023-07-16', 'Z2258717', NULL, NULL, NULL),
(737, NULL, 5, '23112015173459_SP.pdf', '2015-11-23 17:35:00', 7, NULL, NULL, '2015-12-08', 'SPN 07526', NULL, NULL, NULL),
(738, NULL, 5, '23112015174117_SSSSSSSSSSSSSSSSSSSS.pdf', '2015-11-23 17:41:18', 7, NULL, NULL, '2016-01-10', 'SPN 07677', NULL, NULL, NULL),
(739, NULL, 1, '23112015180616_20151123161317212.pdf', '2015-11-23 18:06:16', 7, NULL, NULL, '2018-06-24', 'G9128760', NULL, NULL, NULL),
(740, NULL, 20, '23112015180628_CV.pdf', '2015-11-23 18:06:28', 7, NULL, NULL, NULL, '', NULL, NULL, NULL),
(741, NULL, 20, '23112015181349_CV.pdf', '2015-11-23 18:13:49', 7, NULL, NULL, NULL, '', NULL, NULL, NULL),
(742, NULL, 21, '23112015181356_20151123162046869.pdf', '2015-11-23 18:13:57', 7, NULL, NULL, NULL, '', NULL, NULL, NULL),
(743, NULL, 20, '23112015181805_CV.pdf', '2015-11-23 18:18:05', 7, NULL, NULL, NULL, '', NULL, NULL, NULL),
(744, NULL, 21, '23112015181813_20151123162526498.pdf', '2015-11-23 18:18:13', 7, NULL, NULL, NULL, '', NULL, NULL, NULL),
(745, NULL, 1, '2411201593853_PP.pdf', '2015-11-24 09:38:53', 7, NULL, NULL, '2023-03-13', 'K7595048', NULL, NULL, NULL),
(746, NULL, 2, '2411201593938_PP.pdf', '2015-11-24 09:39:39', 7, NULL, NULL, '2017-06-17', 'IM-2878-14', NULL, NULL, NULL),
(747, NULL, 21, '2411201593948_20151124074348797.pdf', '2015-11-24 09:39:48', 7, NULL, NULL, NULL, '', NULL, NULL, NULL),
(748, NULL, 1, '2411201595921_PP.pdf', '2015-11-24 09:59:21', 7, NULL, NULL, '2022-08-05', 'K7064979', NULL, NULL, NULL),
(749, NULL, 20, '2411201595934_CV.pdf', '2015-11-24 09:59:34', 7, NULL, NULL, NULL, '', NULL, NULL, NULL),
(750, NULL, 1, '24112015101818_20151124082511384.pdf', '2015-11-24 10:18:19', 7, NULL, NULL, '2017-05-30', 'G2949153', NULL, NULL, NULL),
(751, NULL, 5, '24112015101846_SP.pdf', '2015-11-24 10:18:47', 7, NULL, NULL, '2015-12-23', 'SPN 07549', NULL, NULL, NULL),
(752, NULL, 1, '24112015102346_PP.pdf', '2015-11-24 10:23:46', 7, NULL, NULL, '2021-11-03', 'K0606659', NULL, NULL, NULL),
(753, NULL, 2, '24112015102416_WP.pdf', '2015-11-24 10:24:16', 7, NULL, NULL, '2017-08-31', 'IM-4943-10', NULL, NULL, NULL),
(754, NULL, 1, '24112015115338_pp.pdf', '2015-11-24 11:53:38', 7, NULL, NULL, '2017-05-24', 'G2944589', NULL, NULL, NULL),
(755, NULL, 5, '24112015115420_sp.pdf', '2015-11-24 11:54:20', 7, NULL, NULL, '2015-12-18', 'SPN 07545', NULL, NULL, NULL),
(756, NULL, 1, '24112015115551_20151124100011312.pdf', '2015-11-24 11:55:52', 7, NULL, NULL, '2019-12-28', 'H8563531', NULL, NULL, NULL),
(757, NULL, 2, '24112015115623_wp.pdf', '2015-11-24 11:56:24', 7, NULL, NULL, '2017-06-07', 'IM-381-09', NULL, NULL, NULL),
(758, NULL, 1, '24112015120151_20151124100701178.pdf', '2015-11-24 12:01:52', 7, NULL, NULL, '2020-11-21', 'J3674540', NULL, NULL, NULL),
(759, NULL, 2, '24112015120223_WP.pdf', '2015-11-24 12:02:23', 7, NULL, NULL, '2015-11-26', '', NULL, NULL, NULL),
(760, NULL, 1, '24112015120634_PP.pdf', '2015-11-24 12:06:34', 7, NULL, NULL, '2023-04-25', 'L1116090', NULL, NULL, NULL),
(761, NULL, 22, '24112015120845_PSP.pdf', '2015-11-24 12:08:46', 7, NULL, NULL, '2016-03-24', 'PSP 10255', NULL, NULL, NULL),
(762, NULL, 1, '24112015121020_20151124101305385.pdf', '2015-11-24 12:10:21', 7, NULL, NULL, '2017-03-04', 'G1848288', NULL, NULL, NULL),
(763, NULL, 5, '24112015121121_2.pdf', '2015-11-24 12:11:21', 7, NULL, NULL, '2016-01-10', 'SPN 07672', NULL, NULL, NULL),
(764, NULL, 1, '24112015121616_PP.pdf', '2015-11-24 12:16:17', 7, NULL, NULL, '2022-08-06', '', NULL, NULL, NULL),
(765, NULL, 1, '24112015121753_20151124102155962.pdf', '2015-11-24 12:17:54', 7, NULL, NULL, '2016-09-03', 'F9573506', NULL, NULL, NULL),
(766, NULL, 5, '24112015122152_SSSSSSSSSSSSSS.pdf', '2015-11-24 12:21:52', 7, NULL, NULL, '2016-01-10', 'SPN 07671', NULL, NULL, NULL),
(767, NULL, 1, '24112015124615_PP.pdf', '2015-11-24 12:46:16', 7, NULL, NULL, '2022-10-15', 'K8069083', NULL, NULL, NULL),
(768, NULL, 1, '24112015124751_20151124105124032.pdf', '2015-11-24 12:47:51', 7, NULL, NULL, '2017-02-26', 'G1699392', NULL, NULL, NULL),
(769, NULL, 5, '24112015124832_SP.pdf', '2015-11-24 12:48:32', 7, NULL, NULL, '2016-02-11', 'SPN 07854', NULL, NULL, NULL),
(770, NULL, 1, '24112015125338_SP.pdf', '2015-11-24 12:53:39', 7, NULL, NULL, '2019-09-07', 'H5086587', NULL, NULL, NULL),
(771, NULL, 5, '24112015125411_SP.pdf', '2015-11-24 12:54:11', 7, NULL, NULL, '2016-02-05', 'SPN 07854', NULL, NULL, NULL),
(772, NULL, 1, '24112015125503_PP.pdf', '2015-11-24 12:55:04', 7, NULL, NULL, '2019-09-07', '', NULL, NULL, NULL),
(773, NULL, 1, '24112015125645_20151124110007583.pdf', '2015-11-24 12:56:45', 7, NULL, NULL, '2024-12-02', 'Z3048880', NULL, NULL, NULL),
(774, NULL, 5, '24112015125734_SPPPPPPPPPPPPPPPP.pdf', '2015-11-24 12:57:35', 7, NULL, NULL, '2016-01-16', 'SPN 07483', NULL, NULL, NULL),
(775, NULL, 1, '24112015130459_PP.pdf', '2015-11-24 13:04:59', 7, NULL, NULL, '2021-12-08', '', NULL, NULL, NULL),
(776, NULL, 22, '24112015130536_PSP.pdf', '2015-11-24 13:05:36', 7, NULL, NULL, '2016-08-08', 'PSP 11365', NULL, NULL, NULL),
(777, NULL, 1, '24112015130754_20151124111205681.pdf', '2015-11-24 13:07:55', 7, NULL, NULL, '2023-10-29', 'L5461342', NULL, NULL, NULL),
(778, NULL, 2, '24112015130846_WP.pdf', '2015-11-24 13:08:46', 7, NULL, NULL, '2016-11-18', 'IM-5598-14', NULL, NULL, NULL),
(779, NULL, 1, '24112015131442_PP.pdf', '2015-11-24 13:14:43', 7, NULL, NULL, '2024-09-08', 'M1474692', NULL, NULL, NULL),
(780, NULL, 22, '24112015131530_PSP.pdf', '2015-11-24 13:15:31', 7, NULL, NULL, '2016-01-22', 'PSP 38823', NULL, NULL, NULL),
(781, NULL, 1, '24112015131745_20151124112100334.pdf', '2015-11-24 13:17:46', 7, NULL, NULL, '2018-08-03', 'G9997895', NULL, NULL, NULL),
(782, NULL, 5, '24112015131832_SP.pdf', '2015-11-24 13:18:33', 7, NULL, NULL, '2015-12-05', 'SPN 07545', NULL, NULL, NULL),
(783, NULL, 1, '24112015132248_PP.pdf', '2015-11-24 13:22:48', 7, NULL, NULL, '2024-03-10', 'L7754620', NULL, NULL, NULL),
(784, NULL, 2, '24112015132319_WP.pdf', '2015-11-24 13:23:19', 7, NULL, NULL, '2016-01-06', 'IM-6318-13', NULL, NULL, NULL),
(785, NULL, 1, '24112015132507_20151124112915063.pdf', '2015-11-24 13:25:08', 7, NULL, NULL, '2024-02-25', 'L7519003', NULL, NULL, NULL),
(786, NULL, 5, '24112015132555_SP.pdf', '2015-11-24 13:25:56', 7, NULL, NULL, '2016-01-10', 'SPN 07673', NULL, NULL, NULL),
(787, NULL, 1, '24112015140829_pp.pdf', '2015-11-24 14:08:30', 7, NULL, NULL, '2022-07-04', 'k6034798', NULL, NULL, NULL),
(788, NULL, 22, '24112015140950_psp.pdf', '2015-11-24 14:09:50', 7, NULL, NULL, '2016-09-01', 'PSP 11384', NULL, NULL, NULL),
(789, NULL, 1, '24112015141204_ps[ssssssssssssssssss.pdf', '2015-11-24 14:12:05', 7, NULL, NULL, '2022-09-13', 'K7720821', NULL, NULL, NULL),
(790, NULL, 22, '24112015141249_ps[ssssssssssssssssss.pdf', '2015-11-24 14:12:49', 7, NULL, NULL, '2016-09-19', 'PSP 11776', NULL, NULL, NULL),
(791, NULL, 1, '24112015141325_20151124121343715.pdf', '2015-11-24 14:13:25', 7, NULL, NULL, '2022-09-13', 'K7720821', NULL, NULL, NULL),
(792, NULL, 1, '24112015141813_PP.pdf', '2015-11-24 14:18:14', 7, NULL, NULL, '2018-02-20', 'G7121608', NULL, NULL, NULL),
(793, NULL, 5, '24112015141908_SP.pdf', '2015-11-24 14:19:08', 7, NULL, NULL, '2016-01-13', 'SPN 07673', NULL, NULL, NULL),
(794, NULL, 1, '24112015142111_20151124122450442.pdf', '2015-11-24 14:21:11', 7, NULL, NULL, '2025-02-03', 'M5991142', NULL, NULL, NULL),
(795, NULL, 5, '24112015142149_SPPPPPPPPPPPPP.pdf', '2015-11-24 14:21:50', 7, NULL, NULL, '2015-12-28', 'SPN 07619', NULL, NULL, NULL),
(796, NULL, 1, '24112015143202_PP.pdf', '2015-11-24 14:32:03', 7, NULL, NULL, '2024-11-25', 'M3880599', NULL, NULL, NULL),
(797, NULL, 1, '24112015143328_20151124123808026.pdf', '2015-11-24 14:33:29', 7, NULL, NULL, '2024-01-08', 'L6739639', NULL, NULL, NULL),
(798, NULL, 22, '24112015143424_SP.pdf', '2015-11-24 14:34:25', 7, NULL, NULL, '2016-10-19', 'PSP 16563', NULL, NULL, NULL),
(799, NULL, 1, '24112015143813_PP.pdf', '2015-11-24 14:38:13', 7, NULL, NULL, '2019-12-06', 'H8521430', NULL, NULL, NULL),
(800, NULL, 22, '24112015143850_PSP.pdf', '2015-11-24 14:38:51', 7, NULL, NULL, '2016-04-08', 'PSP 11528', NULL, NULL, NULL),
(801, NULL, 1, '24112015144017_20151124124507484.pdf', '2015-11-24 14:40:17', 7, NULL, NULL, '2024-10-06', 'M2517656', NULL, NULL, NULL),
(802, NULL, 6, '24112015144131_SP.pdf', '2015-11-24 14:41:32', 7, NULL, NULL, '2016-01-22', 'SPN 07721', NULL, NULL, NULL),
(803, NULL, 1, '24112015144932_PP.pdf', '2015-11-24 14:49:32', 7, NULL, NULL, '2021-10-18', 'K0904387', NULL, NULL, NULL),
(804, NULL, 5, '24112015145010_SP.pdf', '2015-11-24 14:50:10', 7, NULL, NULL, '2015-12-08', 'SPN 07545', NULL, NULL, NULL),
(805, NULL, 1, '24112015145141_20151124125557657.pdf', '2015-11-24 14:51:42', 7, NULL, NULL, '2016-07-12', 'F8821268', NULL, NULL, NULL),
(806, NULL, 22, '24112015145230_SSSSSSSSSSSSSSSSSSS.pdf', '2015-11-24 14:52:30', 7, NULL, NULL, '2016-02-26', 'PSP 39027', NULL, NULL, NULL),
(807, NULL, 5, '24112015151213_SP.pdf', '2015-11-24 15:12:14', 7, NULL, NULL, '2015-12-06', 'SPN 07482', NULL, NULL, NULL),
(808, NULL, 1, '24112015151410_20151124131750593.pdf', '2015-11-24 15:14:10', 7, NULL, NULL, '2023-02-17', 'K9389774', NULL, NULL, NULL),
(809, NULL, 2, '24112015151441_WP.pdf', '2015-11-24 15:14:41', 7, NULL, NULL, '2016-11-09', 'IM-553-97', NULL, NULL, NULL),
(810, NULL, 1, '24112015152012_PP.pdf', '2015-11-24 15:20:12', 7, NULL, NULL, '2024-05-29', 'L9740086', NULL, NULL, NULL),
(811, NULL, 5, '24112015152042_SP.pdf', '2015-11-24 15:20:42', 7, NULL, NULL, '2015-12-08', 'SPN 07545', NULL, NULL, NULL),
(812, NULL, 1, '24112015152223_20151124132639959.pdf', '2015-11-24 15:22:24', 7, NULL, NULL, '2024-06-02', 'L9743947', NULL, NULL, NULL),
(813, NULL, 5, '24112015152257_SSSSSSSSSSSSSSSSSS.pdf', '2015-11-24 15:22:58', 7, NULL, NULL, '2015-12-19', 'SPN 07545', NULL, NULL, NULL),
(814, NULL, 1, '24112015153144_PP.pdf', '2015-11-24 15:31:45', 7, NULL, NULL, '2018-01-17', 'G6386041', NULL, NULL, NULL),
(815, NULL, 5, '24112015153218_SP.pdf', '2015-11-24 15:32:19', 7, NULL, NULL, '2015-12-18', 'SPN 07545', NULL, NULL, NULL),
(816, NULL, 1, '24112015153340_20151124133505334.pdf', '2015-11-24 15:33:41', 7, NULL, NULL, '2021-10-16', 'K0602116', NULL, NULL, NULL),
(817, NULL, 2, '24112015153438_SSSSSSSSSSSSSSSSSSSSSSS.pdf', '2015-11-24 15:34:38', 7, NULL, NULL, '2016-08-12', 'IM-1610-09', NULL, NULL, NULL),
(818, NULL, 1, '24112015153855_20151124134622435.pdf', '2015-11-24 15:38:56', 7, NULL, NULL, '2024-09-21', 'M1137850', NULL, NULL, NULL),
(819, NULL, 2, '24112015153936_WP.pdf', '2015-11-24 15:39:36', 7, NULL, NULL, '2018-06-15', 'IM-402-09', NULL, NULL, NULL),
(820, NULL, 1, '24112015154118_PP.pdf', '2015-11-24 15:41:19', 7, NULL, NULL, '2017-01-17', 'G1362632', NULL, NULL, NULL),
(821, NULL, 3, '24112015154231_SP.pdf', '2015-11-24 15:42:31', 7, NULL, NULL, '2016-01-03', 'SPN 07619', NULL, NULL, NULL),
(822, NULL, 1, '24112015154652_PP.pdf', '2015-11-24 15:46:53', 7, NULL, NULL, '2022-07-10', '', NULL, NULL, NULL),
(823, NULL, 22, '24112015154722_PSP.pdf', '2015-11-24 15:47:23', 7, NULL, NULL, '2016-11-24', 'PSP 16675', NULL, NULL, NULL),
(824, NULL, 1, '24112015154842_20151124135346338.pdf', '2015-11-24 15:48:42', 7, NULL, NULL, '2017-07-18', 'G2866543', NULL, NULL, NULL),
(825, NULL, 5, '24112015154928_SSSSSSSSSSSSSSSSSSSSS.pdf', '2015-11-24 15:49:29', 7, NULL, NULL, '2015-12-22', 'SPN 07463', NULL, NULL, NULL),
(826, NULL, 1, '24112015160145_20151124140821751.pdf', '2015-11-24 16:01:46', 7, NULL, NULL, '2024-07-16', 'M0186026', NULL, NULL, NULL),
(827, NULL, 5, '24112015160222_S                   .pdf', '2015-11-24 16:02:22', 7, NULL, NULL, '2016-01-10', 'SPN 07672', NULL, NULL, NULL),
(828, NULL, 1, '24112015160426_PP.pdf', '2015-11-24 16:04:26', 7, NULL, NULL, '2020-06-09', 'J0742324', NULL, NULL, NULL),
(829, NULL, 22, '24112015160521_PSP.pdf', '2015-11-24 16:05:22', 7, NULL, NULL, '2016-07-20', 'PSP 06921', NULL, NULL, NULL),
(830, NULL, 1, '24112015162417_PP.pdf', '2015-11-24 16:24:17', 7, NULL, NULL, '2025-11-03', 'N4519257', NULL, NULL, NULL),
(831, NULL, 3, '24112015162616_VP.pdf', '2015-11-24 16:26:17', 7, NULL, NULL, '2015-12-22', '', NULL, NULL, NULL),
(832, NULL, 1, '24112015163448_PPPPP.pdf', '2015-11-24 16:34:49', 7, NULL, NULL, '2016-04-25', 'F7636958', NULL, NULL, NULL),
(833, NULL, 2, '24112015163524_WP.pdf', '2015-11-24 16:35:25', 7, NULL, NULL, '2015-11-26', 'IM- 5617-13', NULL, NULL, NULL),
(834, NULL, 1, '24112015163900_20151124141719159.pdf', '2015-11-24 16:39:00', 7, NULL, NULL, '2018-12-28', '', NULL, NULL, NULL),
(835, NULL, 3, '24112015163946_SP.pdf', '2015-11-24 16:39:47', 7, NULL, NULL, '2015-12-13', '', NULL, NULL, NULL),
(836, NULL, 1, '24112015164511_PP.pdf', '2015-11-24 16:45:12', 7, NULL, NULL, '2020-05-20', 'J0727323', NULL, NULL, NULL);
INSERT INTO `task_document` (`task_document_id`, `task_id`, `document_type_id`, `document_url`, `add_date`, `add_user`, `edit_date`, `edit_user`, `expiry_date`, `document_ref_no`, `document_typeonexpiry_document`, `expiry_flag_date`, `direction`) VALUES
(837, NULL, 5, '24112015164555_SP.pdf', '2015-11-24 16:45:56', 7, NULL, NULL, '2016-01-13', 'SPN 07673', NULL, NULL, NULL),
(838, NULL, 1, '24112015164725_20151124145029748.pdf', '2015-11-24 16:47:26', 7, NULL, NULL, '2017-12-03', 'G6288093', NULL, NULL, NULL),
(839, NULL, 5, '24112015164804_SSSSSSSSSSSSSSSSSSSS.pdf', '2015-11-24 16:48:04', 7, NULL, NULL, '2015-12-18', 'SPN 07545', NULL, NULL, NULL),
(840, NULL, 1, '24112015165440_PP.pdf', '2015-11-24 16:54:40', 7, NULL, NULL, '2025-04-15', 'M8366321', NULL, NULL, NULL),
(841, NULL, 5, '24112015165531_SP.pdf', '2015-11-24 16:55:32', 7, NULL, NULL, '2016-01-30', 'SPN 07854', NULL, NULL, NULL),
(842, NULL, 1, '24112015170200_PP.pdf', '2015-11-24 17:02:00', 7, NULL, NULL, '2019-11-03', 'H8480546', NULL, NULL, NULL),
(843, NULL, 2, '24112015170231_WP.pdf', '2015-11-24 17:02:31', 7, NULL, NULL, '2016-11-14', 'IM-5396-13', NULL, NULL, NULL),
(844, NULL, 1, '24112015170401_20151124150823017.pdf', '2015-11-24 17:04:01', 7, NULL, NULL, '2022-05-06', '', NULL, NULL, NULL),
(845, NULL, 5, '24112015170437_SSSSSSSSSSSSSSSSSS.pdf', '2015-11-24 17:04:37', 7, NULL, NULL, '2016-01-05', 'SPN 07619', NULL, NULL, NULL),
(846, NULL, 1, '24112015170759_PP.pdf', '2015-11-24 17:07:59', 7, NULL, NULL, '2020-09-14', '', NULL, NULL, NULL),
(847, NULL, 2, '24112015170827_WP.pdf', '2015-11-24 17:08:28', 7, NULL, NULL, '2016-04-10', 'IM-1716-14', NULL, NULL, NULL),
(848, NULL, 1, '24112015171004_20151124151516329.pdf', '2015-11-24 17:10:04', 7, NULL, NULL, '2021-01-09', 'J4578834', NULL, NULL, NULL),
(849, NULL, 3, '24112015171043_SPPPPPPPPPPPPPPPP.pdf', '2015-11-24 17:10:44', 7, NULL, NULL, '2015-12-18', 'SPN 07545', NULL, NULL, NULL),
(850, NULL, 1, '24112015171424_PP.pdf', '2015-11-24 17:14:25', 7, NULL, NULL, '2018-01-21', 'G6438554', NULL, NULL, NULL),
(851, NULL, 2, '24112015171458_WP.pdf', '2015-11-24 17:14:58', 7, NULL, NULL, '2016-06-18', 'IM-2908-14', NULL, NULL, NULL),
(852, NULL, 1, '24112015171649_20151124152120272.pdf', '2015-11-24 17:16:49', 7, NULL, NULL, '2024-02-17', 'L7187523', NULL, NULL, NULL),
(853, NULL, 5, '24112015171723_SPPP.pdf', '2015-11-24 17:17:23', 7, NULL, NULL, '2016-01-18', 'SPN 07723', NULL, NULL, NULL),
(854, NULL, 1, '24112015172109_PP.pdf', '2015-11-24 17:21:09', 7, NULL, NULL, '2021-01-27', 'J4587213', NULL, NULL, NULL),
(855, NULL, 5, '24112015172135_SP.pdf', '2015-11-24 17:21:36', 7, NULL, NULL, '2015-12-28', 'SPN 07619', NULL, NULL, NULL),
(856, NULL, 1, '24112015172258_20151124152807510.pdf', '2015-11-24 17:22:59', 7, NULL, NULL, '2023-08-20', 'Z2537640', NULL, NULL, NULL),
(857, NULL, 2, '24112015172340_WP.pdf', '2015-11-24 17:23:40', 7, NULL, NULL, '2017-06-23', 'IM-2891-14', NULL, NULL, NULL),
(858, NULL, 1, '24112015172705_PP.pdf', '2015-11-24 17:27:05', 7, NULL, NULL, '2023-04-11', 'L1520706', NULL, NULL, NULL),
(859, NULL, 2, '24112015172740_WP.pdf', '2015-11-24 17:27:41', 7, NULL, NULL, '2016-07-30', 'IM-742-10', NULL, NULL, NULL),
(860, NULL, 1, '24112015172904_20151124153420028.pdf', '2015-11-24 17:29:05', 7, NULL, NULL, '2017-04-17', 'G2281101', NULL, NULL, NULL),
(861, NULL, 5, '24112015173008_SP.pdf', '2015-11-24 17:30:09', 7, NULL, NULL, '2015-12-07', 'SPN 07545', NULL, NULL, NULL),
(862, NULL, 5, '24112015173605_20151124154418506.pdf', '2015-11-24 17:36:05', 7, NULL, NULL, '2016-02-19', 'SPN 07878', NULL, NULL, NULL),
(863, NULL, 1, '24112015174109_20151124154712677.pdf', '2015-11-24 17:41:09', 7, NULL, NULL, '2022-09-10', 'K7716396', NULL, NULL, NULL),
(864, NULL, 5, '24112015174149_SSSSSSSSSSSS.pdf', '2015-11-24 17:41:49', 7, NULL, NULL, '2015-12-21', 'SPN 07545', NULL, NULL, NULL),
(865, NULL, 1, '24112015174643_PP.pdf', '2015-11-24 17:46:43', 7, NULL, NULL, '2024-07-03', 'L9792943', NULL, NULL, NULL),
(866, NULL, 2, '24112015174713_WP.pdf', '2015-11-24 17:47:14', 7, NULL, NULL, '2016-04-03', 'IM-727-10', NULL, NULL, NULL),
(867, NULL, 1, '24112015174813_20151124155317802.pdf', '2015-11-24 17:48:14', 7, NULL, NULL, '2022-07-19', '', NULL, NULL, NULL),
(868, NULL, 1, '24112015175234_PP.pdf', '2015-11-24 17:52:34', 7, NULL, NULL, '2023-07-30', 'L3302380', NULL, NULL, NULL),
(869, NULL, 22, '24112015175300_PSP.pdf', '2015-11-24 17:53:00', 7, NULL, NULL, '2016-01-07', 'PSP 10256', NULL, NULL, NULL),
(870, NULL, 1, '24112015175415_20151124155954584.pdf', '2015-11-24 17:54:15', 7, NULL, NULL, '2021-02-20', 'J5137829', NULL, NULL, NULL),
(871, NULL, 1, '24112015175525_20151124155954584.pdf', '2015-11-24 17:55:26', 7, NULL, NULL, '2021-02-13', 'J5137829', NULL, NULL, NULL),
(872, NULL, 1, '24112015180226_PP.pdf', '2015-11-24 18:02:27', 7, NULL, NULL, '2019-05-20', 'H5344304', NULL, NULL, NULL),
(873, NULL, 2, '24112015180300_WP.pdf', '2015-11-24 18:03:00', 7, NULL, NULL, '2016-06-15', 'IM-1769-14', NULL, NULL, NULL),
(874, NULL, 1, '24112015180405_20151124160622560.pdf', '2015-11-24 18:04:06', 7, NULL, NULL, '2021-03-04', '', NULL, NULL, NULL),
(875, NULL, 22, '24112015180441_PSP.pdf', '2015-11-24 18:04:41', 7, NULL, NULL, '2016-05-24', 'PSP 11385', NULL, NULL, NULL),
(876, NULL, 1, '25112015100828_pp.pdf', '2015-11-25 10:08:28', 7, NULL, NULL, '2023-08-26', 'l4370872', NULL, NULL, NULL),
(877, NULL, 22, '25112015100915_psp.pdf', '2015-11-25 10:09:15', 7, NULL, NULL, '2016-08-28', 'psp 08978', NULL, NULL, NULL),
(878, NULL, 1, '25112015101028_20151125075113114.pdf', '2015-11-25 10:10:29', 7, NULL, NULL, '2024-09-08', 'M1876163', NULL, NULL, NULL),
(879, NULL, 3, '25112015101115_vp.pdf', '2015-11-25 10:11:15', 7, NULL, NULL, '2015-12-13', '', NULL, NULL, NULL),
(880, NULL, 1, '25112015101755_PP.pdf', '2015-11-25 10:17:56', 7, NULL, NULL, '2022-06-26', 'K6766000', NULL, NULL, NULL),
(881, NULL, 2, '25112015101822_WP.pdf', '2015-11-25 10:18:23', 7, NULL, NULL, '2015-12-10', 'IM-5930-13', NULL, NULL, NULL),
(882, NULL, 1, '25112015101919_20151125082455252.pdf', '2015-11-25 10:19:20', 7, NULL, NULL, '2020-12-29', 'J4572162', NULL, NULL, NULL),
(883, NULL, 22, '25112015101955_PSP.pdf', '2015-11-25 10:19:55', 7, NULL, NULL, '2016-08-01', 'PSP 07377', NULL, NULL, NULL),
(884, NULL, 1, '25112015102325_PP.pdf', '2015-11-25 10:23:26', 7, NULL, NULL, '2023-06-27', '', NULL, NULL, NULL),
(885, NULL, 5, '25112015102354_SP.pdf', '2015-11-25 10:23:54', 7, NULL, NULL, '2016-01-13', 'SPN 07671', NULL, NULL, NULL),
(886, NULL, 1, '25112015102537_20151125083053595.pdf', '2015-11-25 10:25:38', 7, NULL, NULL, '2022-01-29', 'K2861042', NULL, NULL, NULL),
(887, NULL, 2, '25112015102609_WP.pdf', '2015-11-25 10:26:09', 7, NULL, NULL, '2017-06-09', 'IM-736-10', NULL, NULL, NULL),
(888, NULL, 1, '25112015102934_PP.pdf', '2015-11-25 10:29:35', 7, NULL, NULL, '2022-11-01', 'K5868063', NULL, NULL, NULL),
(889, NULL, 22, '25112015103017_PSP.pdf', '2015-11-25 10:30:18', 7, NULL, NULL, '2016-07-21', 'PSP 11382', NULL, NULL, NULL),
(890, NULL, 1, '25112015103131_20151125083646147.pdf', '2015-11-25 10:31:31', 7, NULL, NULL, '2023-08-29', 'L3362094', NULL, NULL, NULL),
(891, NULL, 5, '25112015103200_SP.pdf', '2015-11-25 10:32:01', 7, NULL, NULL, '2016-02-12', 'SPN 07854', NULL, NULL, NULL),
(892, NULL, 1, '25112015103644_20151125084329429.pdf', '2015-11-25 10:36:45', 7, NULL, NULL, '2024-12-10', 'M4001114', NULL, NULL, NULL),
(893, NULL, 2, '25112015103741_WP.pdf', '2015-11-25 10:37:41', 7, NULL, NULL, '2017-06-30', 'IM-2030-08', NULL, NULL, NULL),
(894, NULL, 1, '25112015105233_pp.pdf', '2015-11-25 10:52:34', 7, NULL, NULL, '2018-10-15', '', NULL, NULL, NULL),
(895, NULL, 5, '25112015105340_ssssssssssss.pdf', '2015-11-25 10:53:41', 7, NULL, NULL, '2015-12-08', 'SPN 07530', NULL, NULL, NULL),
(896, NULL, 1, '25112015105455_pp john.pdf', '2015-11-25 10:54:55', 7, NULL, NULL, '2020-01-20', 'H5845645', NULL, NULL, NULL),
(897, NULL, 6, '25112015105536_sp john.pdf', '2015-11-25 10:55:37', 7, NULL, NULL, '2016-01-23', 'SPN 07711', NULL, NULL, NULL),
(898, NULL, 1, '25112015105656_20151125084803760.pdf', '2015-11-25 10:56:57', 7, NULL, NULL, '2020-10-26', 'J4530327', NULL, NULL, NULL),
(899, NULL, 22, '25112015105743_psp .pdf', '2015-11-25 10:57:44', 7, NULL, NULL, '2016-11-24', 'PSP 16675', NULL, NULL, NULL),
(900, NULL, 1, '25112015112819_20151125091057104.pdf', '2015-11-25 11:28:20', 7, NULL, NULL, '2022-07-30', 'K6271926', NULL, NULL, NULL),
(901, NULL, 2, '25112015112851_WWWWWWWWWWWWWWWW.pdf', '2015-11-25 11:28:52', 7, NULL, NULL, '2017-01-06', 'IM-6351-13', NULL, NULL, NULL),
(902, NULL, 1, '25112015114926_pppppppppppppp.pdf', '2015-11-25 11:49:27', 7, NULL, NULL, '2018-11-24', 'h2103990', NULL, NULL, NULL),
(903, NULL, 2, '25112015115033_wwwwwwwwwwwwwwwww.pdf', '2015-11-25 11:50:33', 7, NULL, NULL, '2015-12-04', 'IM-6287-12', NULL, NULL, NULL),
(904, NULL, 1, '25112015115154_pp-singh.pdf', '2015-11-25 11:51:55', 7, NULL, NULL, '2024-10-15', 'M1094671', NULL, NULL, NULL),
(905, NULL, 6, '25112015115241_sp-singh.pdf', '2015-11-25 11:52:41', 7, NULL, NULL, '2015-12-23', 'SPN 07610', NULL, NULL, NULL),
(906, NULL, 1, '25112015115403_pp-malde.pdf', '2015-11-25 11:54:04', 7, NULL, NULL, '2020-01-14', 'H9479052', NULL, NULL, NULL),
(907, NULL, 22, '25112015115524_psp-malde.pdf', '2015-11-25 11:55:24', 7, NULL, NULL, '2016-09-28', 'PSP 11528', NULL, NULL, NULL),
(908, NULL, 1, '25112015115652_pp-vijay.pdf', '2015-11-25 11:56:52', 7, NULL, NULL, '2017-06-07', 'G3346758', NULL, NULL, NULL),
(909, NULL, 2, '25112015115754_wp-vijay.pdf', '2015-11-25 11:57:55', 7, NULL, NULL, '2016-11-20', 'IM-1495-09', NULL, NULL, NULL),
(910, NULL, 1, '25112015115914_pp-visana.pdf', '2015-11-25 11:59:15', 7, NULL, NULL, '2021-08-03', 'J9182852', NULL, NULL, NULL),
(911, NULL, 22, '25112015120019_psp-visana.pdf', '2015-11-25 12:00:19', 7, NULL, NULL, '2016-09-28', 'PSP 11520', NULL, NULL, NULL),
(912, NULL, 1, '25112015120148_pp-manoj.pdf', '2015-11-25 12:01:49', 7, NULL, NULL, '2023-06-23', 'L1525942', NULL, NULL, NULL),
(913, NULL, 2, '25112015120244_wp-manoj.pdf', '2015-11-25 12:02:45', 7, NULL, NULL, '2017-11-09', 'IM-375-14', NULL, NULL, NULL),
(914, NULL, 1, '25112015120415_pp-sagar.pdf', '2015-11-25 12:04:16', 7, NULL, NULL, '2024-07-17', 'F4004760', NULL, NULL, NULL),
(915, NULL, 2, '25112015120520_wp-sagar.pdf', '2015-11-25 12:05:20', 7, NULL, NULL, '2016-07-19', 'IM-2549-13', NULL, NULL, NULL),
(916, NULL, 1, '25112015120813_pp-milgreen.pdf', '2015-11-25 12:08:14', 7, NULL, NULL, '2017-06-19', 'BW1742792', NULL, NULL, NULL),
(917, NULL, 1, '25112015120937_pp-chandu.pdf', '2015-11-25 12:09:37', 7, NULL, NULL, '2020-07-22', 'J2344428', NULL, NULL, NULL),
(918, NULL, 1, '25112015121225_PP.pdf', '2015-11-25 12:12:26', 7, NULL, NULL, '2024-09-30', 'M2358730', NULL, NULL, NULL),
(919, NULL, 5, '25112015121302_SP.pdf', '2015-11-25 12:13:03', 7, NULL, NULL, '2015-12-18', 'SPN 07545', NULL, NULL, NULL),
(920, NULL, 1, '25112015122054_PP.pdf', '2015-11-25 12:20:55', 7, NULL, NULL, '2023-02-01', 'K9510853', NULL, NULL, NULL),
(921, NULL, 2, '25112015122126_WP.pdf', '2015-11-25 12:21:27', 7, NULL, NULL, '2017-12-18', 'IM-1719-95', NULL, NULL, NULL),
(922, NULL, 1, '25112015122626_20151125103522394.pdf', '2015-11-25 12:26:27', 7, NULL, NULL, '2025-06-07', 'M9359313', NULL, NULL, NULL),
(923, NULL, 2, '25112015122704_20151125103522394.pdf', '2015-11-25 12:27:05', 7, NULL, NULL, '2015-12-18', 'IM-6225-14', NULL, NULL, NULL),
(924, NULL, 1, '25112015145548_PP.pdf', '2015-11-25 14:55:48', 7, NULL, NULL, '2018-04-29', 'G8501951', NULL, NULL, NULL),
(925, NULL, 1, '25112015145754_20151125130200060.pdf', '2015-11-25 14:57:55', 7, NULL, NULL, '2024-07-15', '07630790', NULL, NULL, NULL),
(926, NULL, 2, '25112015145835_WP.pdf', '2015-11-25 14:58:35', 7, NULL, NULL, '2017-10-13', 'IM-1117-02', NULL, NULL, NULL),
(927, NULL, 1, '25112015150315_PP.pdf', '2015-11-25 15:03:15', 7, NULL, NULL, '2018-03-19', 'G7345643', NULL, NULL, NULL),
(928, NULL, 2, '25112015150348_WP.pdf', '2015-11-25 15:03:49', 7, NULL, NULL, '2017-05-27', 'IM-3522-05', NULL, NULL, NULL),
(929, NULL, 1, '25112015150549_WWWWWWWWWWWWW.pdf', '2015-11-25 15:05:49', 7, NULL, NULL, '2018-05-04', 'G8422640', NULL, NULL, NULL),
(930, NULL, 1, '25112015150630_20151125130959567.pdf', '2015-11-25 15:06:31', 7, NULL, NULL, '2018-05-04', 'G8422640', NULL, NULL, NULL),
(931, NULL, 2, '25112015150713_WWWWWWWWWWWWW.pdf', '2015-11-25 15:07:14', 7, NULL, NULL, '2016-01-26', 'IM-315-15', NULL, NULL, NULL),
(932, NULL, 1, '25112015151107_PP.pdf', '2015-11-25 15:11:07', 7, NULL, NULL, '2021-12-28', 'K2855202', NULL, NULL, NULL),
(933, NULL, 3, '25112015151143_VP.pdf', '2015-11-25 15:11:44', 7, NULL, NULL, '2015-12-13', '', NULL, NULL, NULL),
(934, NULL, 1, '25112015151345_20151125131802375.pdf', '2015-11-25 15:13:46', 7, NULL, NULL, '2024-09-09', 'M2084089', NULL, NULL, NULL),
(935, NULL, 2, '25112015151421_WP.pdf', '2015-11-25 15:14:21', 7, NULL, NULL, '2016-11-09', 'IM-431-14', NULL, NULL, NULL),
(936, NULL, 1, '25112015151904_20151125132458404.pdf', '2015-11-25 15:19:05', 7, NULL, NULL, '2022-12-04', 'K9660508', NULL, NULL, NULL),
(937, NULL, 2, '25112015151940_WWWWWWWWWWWWWWWW.pdf', '2015-11-25 15:19:40', 7, NULL, NULL, '2016-11-09', 'IM-767-2000', NULL, NULL, NULL),
(938, NULL, 1, '25112015152510_PP.pdf', '2015-11-25 15:25:10', 7, NULL, NULL, '2023-08-11', 'L4256513', NULL, NULL, NULL),
(939, NULL, 22, '25112015152547_PSP.pdf', '2015-11-25 15:25:48', 7, NULL, NULL, '2016-06-02', 'PSP 11123', NULL, NULL, NULL),
(940, NULL, 1, '25112015152741_20151125133211912.pdf', '2015-11-25 15:27:41', 7, NULL, NULL, '2020-09-14', 'H9034274', NULL, NULL, NULL),
(941, NULL, 5, '25112015152819_WP.pdf', '2015-11-25 15:28:19', 7, NULL, NULL, '2015-12-21', 'SPN 07595', NULL, NULL, NULL),
(942, NULL, 1, '25112015153204_PP.pdf', '2015-11-25 15:32:04', 7, NULL, NULL, '2024-09-07', 'M2043069', NULL, NULL, NULL),
(943, NULL, 5, '25112015153241_SP.pdf', '2015-11-25 15:32:41', 7, NULL, NULL, '2016-01-07', 'SPN 07514', NULL, NULL, NULL),
(944, NULL, 1, '25112015153405_20151125133855565.pdf', '2015-11-25 15:34:06', 7, NULL, NULL, '2024-03-17', 'L8075495', NULL, NULL, NULL),
(945, NULL, 6, '25112015153503_SSSSSSSSSSSSSSSSSSSS.pdf', '2015-11-25 15:35:04', 7, NULL, NULL, '2016-01-27', 'SPN 07738', NULL, NULL, NULL),
(946, NULL, 1, '25112015154101_PP.pdf', '2015-11-25 15:41:01', 7, NULL, NULL, '2016-01-24', 'F5909169', NULL, NULL, NULL),
(947, NULL, 2, '25112015154130_WP.pdf', '2015-11-25 15:41:30', 7, NULL, NULL, '2015-11-28', 'IM-5742-13', NULL, NULL, NULL),
(948, NULL, 1, '25112015154254_20151125134749704.pdf', '2015-11-25 15:42:55', 7, NULL, NULL, '2023-10-23', 'L5225223', NULL, NULL, NULL),
(949, NULL, 2, '25112015154326_WWWWWWWWWWWWWW.pdf', '2015-11-25 15:43:27', 7, NULL, NULL, '2016-11-09', 'IM-831-11', NULL, NULL, NULL),
(950, NULL, 1, '25112015154819_PP.pdf', '2015-11-25 15:48:19', 7, NULL, NULL, '2023-12-17', 'Z2656905', NULL, NULL, NULL),
(951, NULL, 6, '25112015154908_SP.pdf', '2015-11-25 15:49:09', 7, NULL, NULL, '2016-01-27', 'SPN 07744', NULL, NULL, NULL),
(952, NULL, 1, '25112015155139_20151125135407423.pdf', '2015-11-25 15:51:40', 7, NULL, NULL, '2024-07-02', 'M0002146', NULL, NULL, NULL),
(953, NULL, 1, '25112015155736_PP.pdf', '2015-11-25 15:57:37', 7, NULL, NULL, '2024-11-18', 'M3580854', NULL, NULL, NULL),
(954, NULL, 5, '25112015155827_SP.pdf', '2015-11-25 15:58:27', 7, NULL, NULL, '2015-12-17', 'SPN 07596', NULL, NULL, NULL),
(955, NULL, 14, '03122015103346_Koala.jpg', '2015-12-03 10:33:46', 2, NULL, NULL, '2015-12-03', '23232', NULL, NULL, NULL),
(956, NULL, 8, '03122015113258_Koala.jpg', '2015-12-03 11:32:58', 2, NULL, NULL, NULL, '555', NULL, NULL, NULL),
(957, NULL, 23, '03122015130003_Tulips.jpg', '2015-12-03 13:00:03', 2, NULL, NULL, '2015-12-31', 'erere', NULL, NULL, 'IN'),
(958, NULL, 21, '03122015130055_Jellyfish.jpg', '2015-12-03 13:00:55', 2, NULL, NULL, '2015-12-25', '', NULL, NULL, 'OUT'),
(959, NULL, 21, '03122015130454_Jellyfish.jpg', '2015-12-03 13:04:54', 2, NULL, NULL, '2015-12-23', 'eeeeeee', NULL, NULL, 'IN'),
(960, 2, 8, '03122015143309_Lighthouse.jpg', '2015-12-03 14:33:09', 2, NULL, NULL, NULL, '', NULL, NULL, 'IN'),
(961, NULL, 10, '03122015150344_Hydrangeas.jpg', '2015-12-03 15:03:44', 10, NULL, NULL, NULL, '', NULL, NULL, 'OUT'),
(962, NULL, 16, '03122015153010_Lighthouse.jpg', '2015-12-03 15:30:10', 10, NULL, NULL, NULL, '', NULL, NULL, 'OUT'),
(963, NULL, 21, '03122015154715_Lighthouse.jpg', '2015-12-03 15:47:15', 10, NULL, NULL, NULL, '', NULL, NULL, 'OUT'),
(964, 3, 21, '03122015163006_Penguins.jpg', '2015-12-03 16:30:06', 10, NULL, NULL, NULL, '', NULL, NULL, 'OUT'),
(965, 3, 11, '03122015163039_Chrysanthemum.jpg', '2015-12-03 16:30:39', 10, NULL, NULL, '2015-12-08', 'aasasa', NULL, NULL, 'OUT'),
(966, NULL, 1, '03122015170907_Penguins.jpg', '2015-12-03 17:09:07', 10, NULL, NULL, '2015-12-10', 'tytytyt', NULL, NULL, 'IN'),
(967, NULL, 14, '03122015170925_Tulips.jpg', '2015-12-03 17:09:25', 10, NULL, NULL, '2015-12-31', '', NULL, NULL, 'OUT'),
(968, 4, 1, '03122015171758_Chrysanthemum.jpg', '2015-12-03 17:17:58', 10, NULL, NULL, '2015-12-10', '', NULL, NULL, 'IN'),
(969, 4, 16, '03122015171822_Lighthouse.jpg', '2015-12-03 17:18:22', 10, NULL, NULL, NULL, '', NULL, NULL, 'OUT'),
(970, NULL, 1, '0512201570251_bg1.png', '2015-12-05 07:02:51', 10, NULL, NULL, '2016-12-24', 'tytyt', NULL, NULL, 'OUT'),
(971, NULL, 2, '0512201571204_bg2.jpg', '2015-12-05 07:12:04', 10, NULL, NULL, '2015-12-08', 'fewrer', NULL, NULL, 'OUT'),
(972, NULL, 5, '0712201565229_16 - Rogers 1995 cap 6.pdf', '2015-12-07 06:52:29', 10, NULL, NULL, '2015-12-07', 'mm', NULL, NULL, 'IN'),
(973, NULL, 5, '0712201570235_16 - Rogers 1995 cap 6.pdf', '2015-12-07 07:02:35', 10, NULL, NULL, '2015-12-17', '', NULL, NULL, 'IN'),
(974, NULL, 21, '07122015191340_10 Features Every Workflow Management System Should Have.pdf', '2015-12-07 19:13:40', 10, NULL, NULL, NULL, '', NULL, NULL, 'N/A');

-- --------------------------------------------------------

--
-- Table structure for table `task_payment`
--

DROP TABLE IF EXISTS `task_payment`;
CREATE TABLE IF NOT EXISTS `task_payment` (
  `task_payment_id` int(11) NOT NULL AUTO_INCREMENT,
  `task_id` int(11) NOT NULL,
  `paid_amount` float NOT NULL,
  `paid_for` varchar(20) NOT NULL,
  PRIMARY KEY (`task_payment_id`),
  KEY `task_taskpayment` (`task_id`)
) ENGINE=InnoDB DEFAULT CHARSET=utf8 AUTO_INCREMENT=1 ;

--
-- Dumping data for table `task_payment`
--


-- --------------------------------------------------------

--
-- Table structure for table `task_status`
--

DROP TABLE IF EXISTS `task_status`;
CREATE TABLE IF NOT EXISTS `task_status` (
  `task_status_id` int(11) NOT NULL AUTO_INCREMENT,
  `task_status_name` varchar(20) NOT NULL,
  PRIMARY KEY (`task_status_id`),
  UNIQUE KEY `task_status_name` (`task_status_name`)
) ENGINE=InnoDB  DEFAULT CHARSET=utf8 AUTO_INCREMENT=3 ;

--
-- Dumping data for table `task_status`
--

INSERT INTO `task_status` (`task_status_id`, `task_status_name`) VALUES
(2, 'Complete'),
(1, 'Pending');

-- --------------------------------------------------------

--
-- Table structure for table `test`
--

DROP TABLE IF EXISTS `test`;
CREATE TABLE IF NOT EXISTS `test` (
  `test_id` int(11) NOT NULL AUTO_INCREMENT,
  PRIMARY KEY (`test_id`)
) ENGINE=InnoDB DEFAULT CHARSET=utf8 AUTO_INCREMENT=1 ;

--
-- Dumping data for table `test`
--


-- --------------------------------------------------------

--
-- Table structure for table `users`
--

DROP TABLE IF EXISTS `users`;
CREATE TABLE IF NOT EXISTS `users` (
  `userID` varchar(32) NOT NULL,
  `print1` varbinary(4000) DEFAULT NULL,
  PRIMARY KEY (`userID`),
  UNIQUE KEY `id_UNIQUE` (`userID`)
) ENGINE=InnoDB DEFAULT CHARSET=utf8;

--
-- Dumping data for table `users`
--

INSERT INTO `users` (`userID`, `print1`) VALUES
('fokumu', '\0*s\\A7	qUxSzB !\Zs&T.+CHD635Q''id}fGHTtWPwr	\\p dS93at><ad _,er,\rQ~(\Z(8-Q`TQd]}46d\Z7C)&g\Z|X.mG\0O0am*ky\nm798pb''!2=d="$S#hB>!''MbqERv9=9\Z*F_lAb	)Y`M o\0p*s\\A7	qUj?%U`2T=n4e{OiQCRpL7!\\:yDh/X,eZd1hO#&wt>gH8J"#b/*UT8i<>i"vu/X*L	l$0}Fc"Z+\ZY\0^	{(diyXLD_}GYl\\<A5 d,,9Vt8#2$^\0}P)B$\nW7/+''%"F?y0=V.L"2`9"po\0*s\\A7	q0UJrX`EM#K \\;q''=EvU#Bq4d_;x\rU/V&OU|Ul$-}C\0c=ku@k _O~LJ\nw}Q+tRhdwnWNQ~9>_s\rCW`5]|s1jWmX&dGctjD7$=@4m05}.#s.3u\n|j\0U3!@Lmt]vPl|R>am%ObHNGu0{8\\C~B7\r7|`YC2p#GCo\0*s\\A7	q0U">v,q8MM$_+Zu%.c`/J7*.F,>X57ldt$5]d8.y8_D"LW	MWto+NIYr~B+bnk]bjepU.uHyY!s?4>G;if0&\0>j)}EROKLIr4\0aaN3%r	L m/3#/Di"K\ZheOI''?U`S}ix;/>0D0UX9w.CV2Hb`.crbsZ3,os#\0O\0P\0\0\0\0{\0\0\0\0'),
('jwasswa', '\0*s\\A7	qpU\0*j.7afC% v-Zl.b*dr-/lMx=lK[nkD|| ''+b@M$y!#)GpDf.0^\r$`6&<pZWL	/xN}27|qQAPh2S\\ !GH04NWWHK*zCYTur3:y9>\Z?C#{X=P-KylP@n$M%HfOR}6831PvZh3DBV{sx-5\nLTes=61Agro\0*s\\A7	q0U"-o\0\0]v2O+9S{/,X|"@ps&Fw\nPY+PP\rv&YM''L>R("A=*x*P5pcEv^xhH:7dov5q6B})8uUF}oltmZ\r3}ND4t>=[[s:Yr8=}\\@1F!z{9iv''\0Z	,\\s1p\n=EU2?A1FWpTBk&Co\0*s\\A7	qpU0<T~,Ropi<SwM.j<>joT?1-k\\\\SqlF+	SL5J(Qu@ts%N`?^2d[O!W2via%%e?9\Z&ZK*+ere\ZQc\0O	26Za6PxQ{$l0\\@\r[5>57xYWag\Z\r*B:a]I5rZlcF2?+epc%Czi{++Hf\ZpP[*<~_DGfQaxM@N+$3wgGT''V7o\0*s\\A7	qU^Z<junNf\rpDg` 	~0oq8;R`,;F;*~Kbf([43<jR^P(mpzK\Zq:PtlFH''1T?''u>N\nf	amB@V"Q\\,_{;!''!vv2>P\Z/?[-$$YTvPz&c\\eYD6Cj42=\nj6]S0NK6`{&-B\0;ZRO] j7''fRLbD)y9i^F30gBo\0\0\0\0\0\0\0\0\0\0\0\0\0\0\06\074\0\0\0\0\0\0zS\0\0\0\0\0\0\0\0\0\0\0\0\0\0\0\0\0\0\0\0\0\0\0\0\0\0\0\0\0\0\0\0\0\0\0\0\0\0\0\0\0\0\0\0'),
('newtonajuna', '\0*s\\A7	qpU\r@@_:q6,CfFya\n88"f+Hbd=ZP{::iUg	\Ztku%l-DPC#T{jxis+@3na2^OdTZ8	#r,i0(P (\\e\r0=`kVC.74>9[rL#*e0T\\GFHW4^>qp$9LeW"`j	Xu($	w.^mD?Uc?NgDtK&o\0*s\\A''@.\\(!1O|!-zFj@OeRrdD@+''{SiRA&L1>]YiI3z<P-M_MF_|W742,~"F)=ArIf)ziDIE-\Zt{FIY\ZEaA5*=7Z&6>X)+F=DH^woG?`fV.*%@c<6=kbvOekSEU[Qsdb\nt 2\r}coDRPNsX~-KJ%a3''qJW	Ntr#8c#Oo\0*s\\A7	q0U[1Iankb^lcn!n[((mhE>|Ja 	/\Z]Cmjdn4QZ;2N-Q<@S)_GsFk\r%P #l51q_i"?6)=;.1guVT7m\\ga\Z@jY1r4*c:Ew0K2@\nk@3Zw-X`i2RqB]m2"	v<)dQ^uwRXX2Rwf6ZpG5R&=d9RD[:=wo\0v*s\\A7	qU0L9wd"~?U@W=mG8t*(460v]*d*o&6i[rLt=`!K0,(8La$\\~j\n\Zf4=M4,#^T[6\n)$AsT_"|$Lrc2KLQ7\r# A\\NKa\0|6j&^A3K\Z"]|h|ZIL%vx	>v;!jK@}yYlB>B_qZAK|Zk]/$\nGY&o\0\0\0\0\0\0\0\0\0\0\0\0\0\0\0\0\0\0\0\0\0\0\0\0\0\0v\0\0\0\0\0\0\0{?\r\0\0\0\0\0\0\0\0\0\0\0\0\0\0\0\0\0\0\0\0\0\0\0\0\0\0\0\0\0\0\0\0\0\0\0\0\0\0\0\0\0\0\0\0'),
('twenceb', '\0*s\\A7	q0Uux-@~6K"yXP\\JjcTt:9\0IMuK~TUkyq]ZShH&r,QiQ\rwgOrU`k1!;(u]mx;-6mR{hEg=]_x&kP=|eN>YL>:FFlmx$/a=l_b%M@	UYq,\Zx".,~9r/aJx<+I7:^gn''LF,Pos|;v+\Z+}I5~G=/T:5C&8gDQo\0*s\\A7	qpU=4H8n-\\3U`r${" `yZYW"h1!khm-M^qB\n|;~c$w=aVBmW|Nwggbu\rd),|Mv\r+O#^YBpC:+~_nye\r0#G_uJ"o~M3+Da~D{GMY`;A+	q@5W0A?^0L8.XIO.Qx5Mbtb|:,Q&R7-o/SZ~x#`G"o\0*s\\A7	qU\r:9W\0}n9nFOkNgx5BCM\Z0s,sqR)s"N)P6QxvJb_&L\rLF\\?rbw2Fu[D[p^UP[.@}B\n)B{\Z%(Vc\ZXFIYzf\\`4K=]>2E}X%#\Z	!CXV$Tz$Odn@^3N5$?9?({P`?k9wg+#RV9 N+	8-W\04h_lo\0*s\\A7	qpU+U)xwJu/oSqzZfJimRSRbL]w[1ofei;Z	,pS0*sO\Z\r!jnCm\r-Ld*F''k{ xzPps.;D?DyI<	v8''UvZpX+v{hs:CH-z\0I5lsI!E}(m4d}GVA8CUYM6,cohX"OBU:T}%}vldx@F1.<,B~(T i~hLa=o\0\0\0\0\0\0\0\0\0\0\0\0\0\0Wt\0\0\0\0\0\0\0{F\0\0\0\0\0\0\0\0\0\0\0\0\0\0\0\0\0\0\0\0\0\0\0\0\0\0\0\0\0\0\0\0\0\0\0\0\0\0\0\0\0\0\0\0');

-- --------------------------------------------------------

--
-- Table structure for table `user_detail`
--

DROP TABLE IF EXISTS `user_detail`;
CREATE TABLE IF NOT EXISTS `user_detail` (
  `user_detail_id` int(11) NOT NULL AUTO_INCREMENT,
  `staff_id` int(11) DEFAULT NULL,
  `username` varchar(20) NOT NULL,
  `password` varchar(255) NOT NULL,
  `is_general_admin` varchar(3) NOT NULL,
  `is_active` varchar(3) NOT NULL,
  `add_date` datetime NOT NULL,
  `add_user` int(11) DEFAULT NULL,
  `edit_date` datetime DEFAULT NULL,
  `edit_user` int(11) DEFAULT NULL,
  PRIMARY KEY (`user_detail_id`),
  UNIQUE KEY `username` (`username`),
  KEY `staff_userdetail` (`staff_id`),
  KEY `user_user_add` (`add_user`),
  KEY `user_user_edit` (`edit_user`)
) ENGINE=InnoDB  DEFAULT CHARSET=utf8 AUTO_INCREMENT=11 ;

--
-- Dumping data for table `user_detail`
--

INSERT INTO `user_detail` (`user_detail_id`, `staff_id`, `username`, `password`, `is_general_admin`, `is_active`, `add_date`, `add_user`, `edit_date`, `edit_user`) VALUES
(1, 8, 'wence', 'o/mZ2vNTEu2LP2Hc5AHJ+Q==', 'No', 'Yes', '2014-11-11 00:00:00', NULL, '2015-05-19 18:27:13', 3),
(2, 8, 'newton', 'o/mZ2vNTEu2LP2Hc5AHJ+Q==', 'Yes', 'Yes', '2014-11-24 00:00:00', NULL, '2015-05-19 18:27:21', 3),
(3, 10, 'manish', 'iIkKpPsxcRBFNEN662VqMA==', 'Yes', 'Yes', '2015-03-03 19:56:12', 2, '2015-05-14 17:04:18', 2),
(4, 8, 'Rose', 'HSJDxkoiAg/ra792gNrKAw==', 'Yes', 'Yes', '2015-08-18 18:25:27', 2, '2015-10-14 17:40:04', 2),
(5, 8, 'Roger', 'w9PD9ioORqqNzJzTO4xu+A==', 'Yes', 'Yes', '2015-08-18 18:26:26', 2, '2015-10-14 17:39:32', 2),
(6, 8, 'Vira', 'FqvoOB2BBSNgyBu86xHppQ==', 'Yes', 'Yes', '2015-08-18 18:27:21', 2, '2015-10-16 10:03:29', 2),
(7, 8, 'Deus', 'H/7MfvObNKQaisfiYkzqyw==', 'Yes', 'Yes', '2015-10-27 10:22:13', 5, NULL, NULL),
(8, 10, 'kkkkkk', 'G04PcAUSZ+u9M3twh01Pog==', 'No', 'No', '2015-12-01 09:50:46', 2, NULL, NULL),
(10, NULL, 'Benda', 'o/mZ2vNTEu2LP2Hc5AHJ+Q==', 'Yes', 'Yes', '2015-12-02 15:30:47', 2, '2015-12-02 15:49:39', 2);

-- --------------------------------------------------------

--
-- Stand-in structure for view `view_user_action`
--
DROP VIEW IF EXISTS `view_user_action`;
CREATE TABLE IF NOT EXISTS `view_user_action` (
`category` varchar(14)
,`object` varchar(20)
,`object_id` int(11)
,`user_id` int(11)
,`date` datetime
,`day` bigint(20)
,`month` bigint(20)
,`year` bigint(20)
,`username` varchar(20)
,`action` varchar(7)
);
-- --------------------------------------------------------

--
-- Structure for view `view_user_action`
--
DROP TABLE IF EXISTS `view_user_action`;

CREATE ALGORITHM=UNDEFINED DEFINER=`root`@`localhost` SQL SECURITY DEFINER VIEW `view_user_action` AS select 'staff data' AS `category`,'staff' AS `object`,`s`.`staff_id` AS `object_id`,`s`.`add_user` AS `user_id`,`s`.`add_date` AS `date`,dayofmonth(`s`.`add_date`) AS `day`,month(`s`.`add_date`) AS `month`,year(`s`.`add_date`) AS `year`,`u1`.`username` AS `username`,'added' AS `action` from (`staff` `s` join `user_detail` `u1` on((`s`.`add_user` = `u1`.`user_detail_id`))) union select 'staff data' AS `category`,'staff' AS `object`,`s`.`staff_id` AS `object_id`,`s`.`edit_user` AS `user_id`,`s`.`edit_date` AS `date`,dayofmonth(`s`.`edit_date`) AS `day`,month(`s`.`edit_date`) AS `month`,year(`s`.`edit_date`) AS `year`,`u2`.`username` AS `username`,'updated' AS `action` from (`staff` `s` join `user_detail` `u2` on((`s`.`edit_user` = `u2`.`user_detail_id`))) union select 'staff document' AS `category`,`dt1`.`doc_type_name` AS `object`,`td1`.`task_document_id` AS `object_id`,`td1`.`add_user` AS `user_id`,`td1`.`add_date` AS `date`,dayofmonth(`td1`.`add_date`) AS `day`,month(`td1`.`add_date`) AS `month`,year(`td1`.`add_date`) AS `year`,`u3`.`username` AS `username`,'added' AS `action` from ((`task_document` `td1` join `user_detail` `u3` on((`td1`.`add_user` = `u3`.`user_detail_id`))) join `document_type` `dt1` on((`td1`.`document_type_id` = `dt1`.`document_type_id`))) union select 'staff document' AS `category`,`dt2`.`doc_type_name` AS `object`,`td2`.`task_document_id` AS `object_id`,`td2`.`edit_user` AS `user_id`,`td2`.`edit_date` AS `date`,dayofmonth(`td2`.`edit_date`) AS `day`,month(`td2`.`edit_date`) AS `month`,year(`td2`.`edit_date`) AS `year`,`u4`.`username` AS `username`,'added' AS `action` from ((`task_document` `td2` join `user_detail` `u4` on((`td2`.`edit_user` = `u4`.`user_detail_id`))) join `document_type` `dt2` on((`td2`.`document_type_id` = `dt2`.`document_type_id`)));

--
-- Constraints for dumped tables
--

--
-- Constraints for table `activity`
--
ALTER TABLE `activity`
  ADD CONSTRAINT `fromactivity` FOREIGN KEY (`from_activity_id`) REFERENCES `activity` (`activity_id`),
  ADD CONSTRAINT `toactivityiffailure` FOREIGN KEY (`to_activity_if_failure`) REFERENCES `activity` (`activity_id`),
  ADD CONSTRAINT `toactivityifsuccess` FOREIGN KEY (`to_activity_if_success`) REFERENCES `activity` (`activity_id`),
  ADD CONSTRAINT `user_activity_add` FOREIGN KEY (`add_user`) REFERENCES `user_detail` (`user_detail_id`),
  ADD CONSTRAINT `user_activity_edit` FOREIGN KEY (`edit_user`) REFERENCES `user_detail` (`user_detail_id`);

--
-- Constraints for table `activity_cost`
--
ALTER TABLE `activity_cost`
  ADD CONSTRAINT `activity_activitycost` FOREIGN KEY (`activity_id`) REFERENCES `activity` (`activity_id`);

--
-- Constraints for table `activity_document`
--
ALTER TABLE `activity_document`
  ADD CONSTRAINT `activity_activitydoc` FOREIGN KEY (`activity_id`) REFERENCES `activity` (`activity_id`),
  ADD CONSTRAINT `doctype_activitydoc` FOREIGN KEY (`document_type_id`) REFERENCES `document_type` (`document_type_id`);

--
-- Constraints for table `activity_document_checklist`
--
ALTER TABLE `activity_document_checklist`
  ADD CONSTRAINT `activity_checklist` FOREIGN KEY (`activity_id`) REFERENCES `activity` (`activity_id`),
  ADD CONSTRAINT `checklist_document_type` FOREIGN KEY (`document_type_id`) REFERENCES `document_type` (`document_type_id`);

--
-- Constraints for table `activity_group`
--
ALTER TABLE `activity_group`
  ADD CONSTRAINT `activity_activitygroup` FOREIGN KEY (`activity_id`) REFERENCES `activity` (`activity_id`),
  ADD CONSTRAINT `group_activitygroup` FOREIGN KEY (`group_detail_id`) REFERENCES `group_detail` (`group_detail_id`);

--
-- Constraints for table `activity_outcome`
--
ALTER TABLE `activity_outcome`
  ADD CONSTRAINT `activity_activityoutcome` FOREIGN KEY (`activity_id`) REFERENCES `activity` (`activity_id`),
  ADD CONSTRAINT `outcome_activityoutcome` FOREIGN KEY (`outcome_id`) REFERENCES `outcome` (`outcome_id`);

--
-- Constraints for table `agent`
--
ALTER TABLE `agent`
  ADD CONSTRAINT `agency_agent` FOREIGN KEY (`agency_id`) REFERENCES `agency` (`agency_id`),
  ADD CONSTRAINT `agenttype_agent` FOREIGN KEY (`agent_type_id`) REFERENCES `agent_type` (`agent_type_id`),
  ADD CONSTRAINT `user_agent_add` FOREIGN KEY (`add_user`) REFERENCES `user_detail` (`user_detail_id`),
  ADD CONSTRAINT `user_agent_edit` FOREIGN KEY (`edit_user`) REFERENCES `user_detail` (`user_detail_id`);

--
-- Constraints for table `company`
--
ALTER TABLE `company`
  ADD CONSTRAINT `user_company_add` FOREIGN KEY (`add_user`) REFERENCES `user_detail` (`user_detail_id`),
  ADD CONSTRAINT `user_company_edit` FOREIGN KEY (`edit_user`) REFERENCES `user_detail` (`user_detail_id`);

--
-- Constraints for table `company_contact`
--
ALTER TABLE `company_contact`
  ADD CONSTRAINT `FKcompany_co462798` FOREIGN KEY (`company_id`) REFERENCES `company` (`company_id`);

--
-- Constraints for table `current_staff_documents`
--
ALTER TABLE `current_staff_documents`
  ADD CONSTRAINT `current_staff_document` FOREIGN KEY (`task_document_id`) REFERENCES `task_document` (`task_document_id`),
  ADD CONSTRAINT `current_staff_document_type` FOREIGN KEY (`document_type_id`) REFERENCES `document_type` (`document_type_id`),
  ADD CONSTRAINT `FKcurrent_st676313` FOREIGN KEY (`staff_id`) REFERENCES `staff` (`staff_id`);

--
-- Constraints for table `document_type`
--
ALTER TABLE `document_type`
  ADD CONSTRAINT `FKdocument_t35105` FOREIGN KEY (`onexpire_activity`) REFERENCES `activity` (`activity_id`);

--
-- Constraints for table `group_right`
--
ALTER TABLE `group_right`
  ADD CONSTRAINT `group_groupright` FOREIGN KEY (`group_detail_id`) REFERENCES `group_detail` (`group_detail_id`),
  ADD CONSTRAINT `user_groupright_add` FOREIGN KEY (`add_user`) REFERENCES `user_detail` (`user_detail_id`),
  ADD CONSTRAINT `user_groupright_edit` FOREIGN KEY (`edit_user`) REFERENCES `user_detail` (`user_detail_id`);

--
-- Constraints for table `group_user`
--
ALTER TABLE `group_user`
  ADD CONSTRAINT `group_groupuser` FOREIGN KEY (`group_detail_id`) REFERENCES `group_detail` (`group_detail_id`),
  ADD CONSTRAINT `user_groupuser` FOREIGN KEY (`user_detail_id`) REFERENCES `user_detail` (`user_detail_id`);

--
-- Constraints for table `leave_transaction`
--
ALTER TABLE `leave_transaction`
  ADD CONSTRAINT `leavetype_leavetrans` FOREIGN KEY (`leave_type_id`) REFERENCES `leave_type` (`leave_type_id`),
  ADD CONSTRAINT `staff_leavetrans_approve` FOREIGN KEY (`approved_by`) REFERENCES `staff` (`staff_id`),
  ADD CONSTRAINT `staff_leavetrans_staff` FOREIGN KEY (`staff_id`) REFERENCES `staff` (`staff_id`),
  ADD CONSTRAINT `user_leave_add` FOREIGN KEY (`add_user`) REFERENCES `user_detail` (`user_detail_id`),
  ADD CONSTRAINT `user_leave_edit` FOREIGN KEY (`edit_user`) REFERENCES `user_detail` (`user_detail_id`);

--
-- Constraints for table `staff`
--
ALTER TABLE `staff`
  ADD CONSTRAINT `accomtype_staff` FOREIGN KEY (`accom_type_id`) REFERENCES `accommodation_type` (`accommodation_type_id`),
  ADD CONSTRAINT `agent_staff` FOREIGN KEY (`recruit_agent_id`) REFERENCES `agent` (`agent_id`),
  ADD CONSTRAINT `airticket_staff` FOREIGN KEY (`air_ticket_type_id`) REFERENCES `air_ticket_type` (`air_ticket_type_id`),
  ADD CONSTRAINT `company_staff` FOREIGN KEY (`company_id`) REFERENCES `company` (`company_id`),
  ADD CONSTRAINT `exitmode_staff` FOREIGN KEY (`exit_mode_id`) REFERENCES `exit_mode` (`exit_mode_id`),
  ADD CONSTRAINT `FKstaff974081` FOREIGN KEY (`staff_post_id`) REFERENCES `staff_post` (`staff_post_id`),
  ADD CONSTRAINT `stafftype_staff` FOREIGN KEY (`staff_type_id`) REFERENCES `staff_type` (`staff_type_id`),
  ADD CONSTRAINT `user_staff_add` FOREIGN KEY (`add_user`) REFERENCES `user_detail` (`user_detail_id`),
  ADD CONSTRAINT `user_staff_edit` FOREIGN KEY (`edit_user`) REFERENCES `user_detail` (`user_detail_id`);

--
-- Constraints for table `staff_salary`
--
ALTER TABLE `staff_salary`
  ADD CONSTRAINT `currency_salary` FOREIGN KEY (`currency_type_id`) REFERENCES `currency_type` (`currency_type_id`),
  ADD CONSTRAINT `staff_salary` FOREIGN KEY (`staff_id`) REFERENCES `staff` (`staff_id`);

--
-- Constraints for table `task`
--
ALTER TABLE `task`
  ADD CONSTRAINT `activity_task` FOREIGN KEY (`activity_id`) REFERENCES `activity` (`activity_id`),
  ADD CONSTRAINT `agent_task` FOREIGN KEY (`agent_id`) REFERENCES `agent` (`agent_id`),
  ADD CONSTRAINT `apptype_task` FOREIGN KEY (`approval_type`) REFERENCES `approval_type` (`approval_type_id`),
  ADD CONSTRAINT `outcome_task` FOREIGN KEY (`activity_outcome_id`) REFERENCES `activity_outcome` (`activity_outcome_id`),
  ADD CONSTRAINT `staff_task` FOREIGN KEY (`staff_id`) REFERENCES `staff` (`staff_id`),
  ADD CONSTRAINT `taskcompletedby` FOREIGN KEY (`completed_by`) REFERENCES `user_detail` (`user_detail_id`),
  ADD CONSTRAINT `user_task` FOREIGN KEY (`assigned_user`) REFERENCES `user_detail` (`user_detail_id`),
  ADD CONSTRAINT `user_task_add` FOREIGN KEY (`add_user`) REFERENCES `user_detail` (`user_detail_id`),
  ADD CONSTRAINT `user_task_approval` FOREIGN KEY (`approval_by`) REFERENCES `user_detail` (`user_detail_id`),
  ADD CONSTRAINT `user_task_edit` FOREIGN KEY (`edit_user`) REFERENCES `user_detail` (`user_detail_id`);

--
-- Constraints for table `task_document`
--
ALTER TABLE `task_document`
  ADD CONSTRAINT `doctype_taskdoc` FOREIGN KEY (`document_type_id`) REFERENCES `document_type` (`document_type_id`),
  ADD CONSTRAINT `task_taskdocument` FOREIGN KEY (`task_id`) REFERENCES `task` (`task_id`),
  ADD CONSTRAINT `user_taskdoc_add` FOREIGN KEY (`add_user`) REFERENCES `user_detail` (`user_detail_id`),
  ADD CONSTRAINT `user_taskdoc_edit` FOREIGN KEY (`edit_user`) REFERENCES `user_detail` (`user_detail_id`);

--
-- Constraints for table `task_payment`
--
ALTER TABLE `task_payment`
  ADD CONSTRAINT `task_taskpayment` FOREIGN KEY (`task_id`) REFERENCES `task` (`task_id`);

--
-- Constraints for table `user_detail`
--
ALTER TABLE `user_detail`
  ADD CONSTRAINT `staff_userdetail` FOREIGN KEY (`staff_id`) REFERENCES `staff` (`staff_id`),
  ADD CONSTRAINT `user_user_add` FOREIGN KEY (`add_user`) REFERENCES `user_detail` (`user_detail_id`),
  ADD CONSTRAINT `user_user_edit` FOREIGN KEY (`edit_user`) REFERENCES `user_detail` (`user_detail_id`);
